capacity_liters,staging_height_m,num_columns,soil_bearing_capacity_kpa,concrete_grade_mpa,internal_diameter_m,cylindrical_wall_height_m,cylindrical_wall_thickness_mm,cylindrical_wall_hoop_steel_mm2_per_m,top_dome_thickness_mm,bottom_dome_thickness_mm,cone_bottom_diameter_m,ring_beam_hoop_tension_kn,ring_beam_depth_mm,staging_column_diameter_mm,staging_num_bracing_tiers,foundation_type,foundation_size_m,total_dead_load_kn,concrete_volume_m3,estimated_steel_kg,has_warnings,num_warnings
1296882.3,8.4,10,121.6,20.0,12.242,11.318,560.0,4410.6,100.0,150.0,4.897,661.6,992.4,774.2,3,raft,14.73,18831.4,258.07,20645.6,1,2
1486118.9,18.83,6,180.4,20.0,12.811,11.83,610.0,4829.9,102.5,150.0,5.124,724.48,1086.7,1076.7,5,raft,13.03,21853.33,306.58,24526.0,1,2
108104.6,11.5,6,175.4,30.0,5.348,5.113,150.0,841.6,100.0,150.0,2.139,126.25,450.0,300.0,3,isolated_footings,1.209,1397.42,16.18,1294.1,1,1
1317274.7,16.72,8,156.4,25.0,12.306,11.375,520.0,4456.8,100.0,150.0,4.922,668.51,1002.8,861.8,5,raft,12.93,18667.15,243.7,19496.1,1,2
1628389.4,8.1,8,198.7,25.0,13.207,12.186,600.0,5133.4,105.7,150.0,5.283,770.01,1155.0,968.8,3,raft,12.9,23589.39,321.6,25728.2,1,2
591849.1,11.45,10,97.4,25.0,9.425,8.783,310.0,2614.4,100.0,150.0,3.77,392.16,588.2,500.1,3,raft,10.63,7857.31,88.62,7089.2,1,2
238596.9,21.56,10,217.2,30.0,6.963,6.566,150.0,1426.7,100.0,150.0,2.785,214.01,450.0,304.4,6,isolated_footings,1.214,2911.77,26.53,2122.3,1,1
945878.5,10.0,12,93.4,25.0,11.02,10.218,420.0,3573.8,100.0,150.0,4.408,536.06,804.1,587.8,3,raft,13.98,13027.22,160.11,12808.7,1,2
1667339.1,17.9,10,178.1,30.0,13.312,12.28,530.0,5215.0,106.5,150.0,5.325,782.24,1173.4,859.7,5,raft,13.51,23217.4,291.83,23346.0,1,2
185632.5,18.58,10,247.5,20.0,6.404,6.063,160.0,1206.9,100.0,150.0,2.562,181.04,450.0,300.0,5,isolated_footings,1.018,2333.17,23.82,1905.5,1,1
1739643.2,14.08,12,188.1,25.0,13.501,12.451,620.0,5364.7,108.0,150.0,5.401,804.7,1207.0,819.0,4,raft,13.72,25286.55,346.93,27754.7,1,2
367175.5,13.68,10,199.3,30.0,8.039,7.535,200.0,1901.7,100.0,150.0,3.215,285.26,450.0,382.3,4,isolated_footings,1.592,4591.65,43.97,3517.6,1,1
1313669.0,17.75,8,170.8,20.0,12.295,11.365,560.0,4448.6,100.0,150.0,4.918,667.29,1000.9,870.6,5,raft,12.5,19048.69,260.34,20827.3,1,2
368634.9,14.07,8,196.4,20.0,8.049,7.544,240.0,1906.8,100.0,150.0,3.22,286.02,450.0,436.6,4,isolated_footings,1.832,4791.78,51.41,4112.8,1,1
496643.7,8.51,10,148.2,20.0,8.89,8.301,300.0,2325.9,100.0,150.0,3.556,348.89,523.3,459.8,3,raft,7.92,6641.14,76.34,6107.1,1,2
461416.5,23.09,10,116.1,25.0,8.675,8.107,260.0,2214.6,100.0,150.0,3.47,332.19,498.3,437.0,6,raft,8.5,5998.12,64.07,5125.9,1,2
821482.2,22.63,12,104.3,20.0,10.514,9.762,410.0,3253.1,100.0,150.0,4.205,487.97,732.0,549.7,6,raft,12.37,11392.48,142.27,11381.6,1,2
530923.6,16.98,10,207.0,25.0,9.09,8.481,290.0,2431.8,100.0,150.0,3.636,364.77,547.1,472.0,5,raft,6.88,6999.51,77.58,6206.3,1,2
1800754.6,14.39,8,249.5,20.0,13.658,12.592,690.0,5489.6,109.3,150.0,5.463,823.44,1235.2,1036.5,4,raft,12.31,27003.16,392.22,31377.8,1,2
1043576.3,9.45,6,226.4,20.0,11.387,10.548,480.0,3815.8,100.0,150.0,4.555,572.37,858.6,885.8,3,isolated_footings,3.461,14789.38,193.25,15459.6,1,1
1273519.8,20.67,12,181.4,25.0,12.168,11.251,510.0,4357.5,100.0,150.0,4.867,653.63,980.4,691.1,6,raft,11.79,18005.33,233.96,18716.8,1,2
794157.6,23.94,10,245.1,20.0,10.396,9.656,400.0,3180.6,100.0,150.0,4.158,477.09,715.6,591.0,6,raft,7.92,10973.69,135.96,10876.9,1,2
1376552.7,9.83,10,210.7,25.0,12.488,11.539,530.0,4589.5,100.0,150.0,4.995,688.42,1032.6,788.5,3,raft,11.39,19529.97,255.54,20443.6,1,2
267526.7,14.96,12,80.6,30.0,7.233,6.81,160.0,1539.9,100.0,150.0,2.893,230.98,450.0,300.0,4,raft,7.55,3277.83,29.99,2399.4,1,2
1757913.2,12.21,8,166.3,20.0,13.548,12.494,680.0,5402.2,108.4,150.0,5.419,810.32,1215.5,1023.0,4,raft,14.88,26302.55,380.59,30446.9,1,2
1747511.2,12.78,8,106.0,20.0,13.522,12.469,680.0,5380.8,108.2,150.0,5.409,807.12,1210.7,1020.3,4,raft,18.59,26164.28,379.03,30322.7,1,3
1101789.1,20.46,6,181.8,25.0,11.595,10.735,460.0,3956.4,100.0,150.0,4.638,593.46,890.2,902.1,6,isolated_footings,3.933,15338.13,192.94,15435.1,1,1
87979.6,22.87,10,120.7,20.0,4.993,4.794,150.0,733.7,100.0,150.0,1.997,110.05,450.0,300.0,6,isolated_footings,1.027,1156.76,14.24,1139.3,1,1
1762118.7,23.15,6,204.4,20.0,13.559,12.503,680.0,5410.8,108.5,150.0,5.424,811.61,1217.4,1182.5,6,raft,13.44,26358.43,381.21,30497.0,1,2
1957069.8,16.52,8,101.8,25.0,14.042,12.938,670.0,5802.8,112.3,150.0,5.617,870.42,1305.6,1070.4,5,raft,19.9,28797.85,404.21,32336.9,1,3
1896354.9,10.64,12,243.9,30.0,13.895,12.806,570.0,5682.2,111.2,150.0,5.558,852.33,1278.5,840.5,3,raft,12.37,26635.24,340.93,27274.7,1,2
1522767.1,19.04,10,147.8,30.0,12.915,11.924,500.0,4909.0,103.3,150.0,5.166,736.35,1104.5,818.3,5,raft,14.12,21036.64,259.89,20791.3,1,2
1317262.2,15.01,12,100.6,20.0,12.306,11.375,560.0,4456.7,100.0,150.0,4.922,668.51,1002.8,711.7,4,raft,16.31,19095.16,260.83,20866.2,1,3
174850.5,8.34,8,180.0,20.0,6.277,5.95,150.0,1159.7,100.0,150.0,2.511,173.96,450.0,300.0,3,isolated_footings,1.29,2179.52,21.83,1746.1,1,1
188436.5,18.1,8,91.5,20.0,6.436,6.092,160.0,1219.0,100.0,150.0,2.574,182.85,450.0,306.8,5,raft,6.02,2365.82,24.04,1923.6,1,2
1726289.0,9.13,8,127.3,25.0,13.467,12.42,620.0,5337.2,107.7,150.0,5.387,800.58,1200.9,999.6,3,raft,16.62,25112.83,345.09,27607.5,1,2
467761.8,10.12,12,121.3,25.0,8.714,8.143,260.0,2234.9,100.0,150.0,3.486,335.23,502.8,401.4,3,raft,8.37,6073.83,64.68,5174.2,1,2
1624619.1,11.05,6,192.0,25.0,13.197,12.177,600.0,5125.5,105.6,150.0,5.279,768.83,1153.2,1117.5,3,raft,13.1,23540.48,321.09,25687.0,1,2
875978.3,15.47,6,194.5,30.0,10.741,9.967,340.0,3395.5,100.0,150.0,4.296,509.32,764.0,781.2,4,isolated_footings,3.293,11502.07,125.82,10065.8,1,1
241914.8,14.44,10,216.1,20.0,6.995,6.595,180.0,1439.9,100.0,150.0,2.798,215.99,450.0,311.8,4,isolated_footings,1.247,3053.35,30.91,2472.9,1,1
534879.9,11.04,12,103.8,20.0,9.113,8.501,310.0,2443.8,100.0,150.0,3.645,366.58,549.9,435.9,3,raft,9.83,7164.6,82.67,6613.8,1,2
593163.0,12.0,6,155.3,30.0,9.432,8.789,270.0,2618.3,100.0,150.0,3.773,392.74,589.1,635.9,3,isolated_footings,2.999,7621.69,78.69,6295.1,1,1
240922.0,18.43,6,244.7,20.0,6.985,6.587,180.0,1436.0,100.0,150.0,2.794,215.4,450.0,401.7,5,isolated_footings,1.51,3041.75,30.83,2466.4,1,1
374306.7,15.77,8,227.0,20.0,8.09,7.581,250.0,1926.3,100.0,150.0,3.236,288.94,450.0,441.8,4,isolated_footings,1.724,4905.71,53.77,4301.5,1,1
371042.4,8.03,12,125.1,25.0,8.067,7.56,230.0,1915.1,100.0,150.0,3.227,287.26,450.0,355.9,3,raft,7.31,4774.51,49.79,3982.9,1,2
606236.0,19.15,12,106.3,25.0,9.501,8.851,310.0,2656.6,100.0,150.0,3.8,398.49,597.7,461.6,5,raft,10.29,8031.55,90.09,7207.1,1,2
474516.8,8.94,6,207.2,20.0,8.756,8.18,290.0,2256.3,100.0,150.0,3.502,338.45,507.7,578.9,3,isolated_footings,2.364,6316.94,71.82,5745.8,1,1
147777.6,15.63,8,89.7,30.0,5.935,5.642,150.0,1036.7,100.0,150.0,2.374,155.5,450.0,300.0,4,raft,5.4,1864.68,19.65,1571.8,1,2
206217.4,10.97,6,194.8,20.0,6.632,6.269,170.0,1294.5,100.0,150.0,2.653,194.18,450.0,371.6,3,isolated_footings,1.565,2603.39,26.69,2135.4,1,1
837362.3,23.07,8,178.4,20.0,10.581,9.823,420.0,3294.9,100.0,150.0,4.232,494.24,741.4,681.4,6,raft,9.57,11670.23,147.31,11784.8,1,2
1257793.9,14.71,10,238.9,20.0,12.118,11.206,550.0,4321.6,100.0,150.0,4.847,648.24,972.4,761.6,4,raft,10.34,18220.77,248.59,19887.4,1,2
1355965.7,13.03,10,147.3,30.0,12.425,11.483,460.0,4543.6,100.0,150.0,4.97,681.54,1022.3,767.5,4,raft,13.26,18503.88,222.37,17789.9,1,2
1308726.5,15.32,6,81.6,30.0,12.279,11.351,450.0,4437.5,100.0,150.0,4.912,665.62,998.4,972.1,4,raft,17.49,17812.35,212.78,17022.2,1,3
1996986.2,23.94,6,171.4,30.0,14.137,13.023,590.0,5881.5,113.1,150.0,5.655,882.22,1323.3,1222.9,6,raft,15.18,28191.2,364.68,29174.0,1,2
567140.8,22.93,6,229.5,25.0,9.292,8.663,300.0,2541.1,100.0,150.0,3.717,381.17,571.8,630.6,6,isolated_footings,2.447,7496.39,83.62,6689.5,1,1
605725.4,15.01,10,184.0,30.0,9.498,8.849,270.0,2655.1,100.0,150.0,3.799,398.27,597.4,497.3,4,raft,7.69,7770.29,79.83,6386.7,1,2
1081434.4,18.69,10,238.4,20.0,11.523,10.67,490.0,3907.5,100.0,150.0,4.609,586.13,879.2,699.3,5,raft,9.5,15364.05,201.76,16140.6,1,2
1880913.5,10.15,6,231.3,30.0,13.857,12.772,570.0,5651.3,110.9,150.0,5.543,847.69,1271.5,1184.3,3,isolated_footings,4.578,26439.41,339.01,27120.6,1,1
1128786.1,12.36,8,202.0,20.0,11.689,10.82,510.0,4020.8,100.0,150.0,4.675,603.12,904.7,801.9,4,raft,10.59,16159.52,215.47,17237.7,1,2
1390619.4,21.65,12,122.7,20.0,12.53,11.577,580.0,4620.7,100.2,150.0,5.012,693.1,1039.7,733.2,6,raft,15.21,20264.31,279.54,22363.1,1,2
229982.0,14.78,10,87.5,25.0,6.878,6.49,170.0,1392.2,100.0,150.0,2.751,208.83,450.0,303.4,4,raft,6.79,2880.3,28.6,2287.8,1,2
1553682.5,18.19,10,107.5,25.0,13.002,12.002,580.0,4975.2,104.0,150.0,5.201,746.28,1119.4,844.0,5,raft,17.08,22379.53,301.78,24142.6,1,3
1125776.8,14.84,6,99.0,30.0,11.678,10.81,410.0,4013.6,100.0,150.0,4.671,602.04,903.1,896.7,4,raft,14.64,15156.96,176.52,14121.6,1,2
1812660.7,16.73,10,179.0,20.0,13.688,12.619,690.0,5513.7,109.5,150.0,5.475,827.06,1240.6,929.8,5,raft,14.58,27161.6,394.01,31520.4,1,2
888084.1,8.67,10,232.8,20.0,10.79,10.011,430.0,3426.7,100.0,150.0,4.316,514.0,771.0,628.0,3,raft,8.63,12388.29,156.64,12531.5,1,2
1802903.0,11.36,8,193.4,25.0,13.663,12.597,640.0,5493.9,109.3,150.0,5.465,824.09,1236.1,1024.4,3,raft,13.82,26371.98,366.15,29292.2,1,2
1571226.7,22.15,12,245.6,30.0,13.051,12.046,510.0,5012.6,104.4,150.0,5.22,751.89,1127.8,759.8,6,raft,11.14,21763.3,270.42,21633.9,1,2
351379.0,22.88,8,246.0,20.0,7.922,7.429,240.0,1846.8,100.0,150.0,3.169,277.02,450.0,427.1,6,isolated_footings,1.601,4585.52,49.85,3987.7,1,1
1768761.6,8.4,10,213.0,25.0,13.576,12.519,630.0,5424.4,108.6,150.0,5.43,813.65,1220.5,906.1,3,raft,13.02,25795.26,356.14,28491.6,1,2
1614358.5,21.83,8,125.4,30.0,13.169,12.152,520.0,5103.9,105.4,150.0,5.268,765.58,1148.4,944.6,6,raft,15.83,22426.62,280.46,22436.7,1,2
260786.5,21.95,12,117.8,25.0,7.172,6.755,180.0,1513.9,100.0,150.0,2.869,227.08,450.0,300.0,6,raft,6.24,3273.41,32.42,2593.7,1,2
731833.9,21.13,8,117.9,30.0,10.116,9.405,310.0,3011.9,100.0,150.0,4.047,451.79,677.7,616.2,6,raft,10.65,9542.44,102.53,8202.5,1,2
426603.1,13.25,6,244.4,25.0,8.451,7.906,250.0,2101.8,100.0,150.0,3.38,315.27,472.9,541.7,4,isolated_footings,2.037,5531.13,58.69,4695.2,1,1
734735.0,16.15,10,239.7,20.0,10.13,9.417,380.0,3019.9,100.0,150.0,4.052,452.98,679.5,566.6,5,raft,7.68,10084.86,123.12,9849.5,1,2
1760224.9,12.18,10,86.5,30.0,13.554,12.499,550.0,5406.9,108.4,150.0,5.422,811.03,1216.5,885.7,4,raft,19.98,24645.04,313.4,25072.0,1,3
897399.3,19.66,10,154.2,30.0,10.828,10.045,350.0,3450.6,100.0,150.0,4.331,517.59,776.4,614.0,5,raft,10.37,11842.31,131.24,10499.6,1,2
275509.3,22.39,8,123.3,30.0,7.305,6.874,160.0,1570.3,100.0,150.0,2.922,235.55,450.0,366.1,6,raft,6.19,3369.08,30.56,2444.5,1,2
900312.2,16.32,8,141.9,20.0,10.84,10.056,440.0,3458.0,100.0,150.0,4.336,518.71,778.1,708.8,5,raft,11.16,12624.97,161.44,12915.0,1,2
1900305.2,22.73,10,192.8,20.0,13.905,12.814,720.0,5690.1,111.2,150.0,5.562,853.51,1280.3,956.4,6,raft,14.45,28735.3,423.43,33874.1,1,2
1453520.8,12.81,10,193.4,25.0,12.716,11.745,550.0,4759.0,101.7,150.0,5.087,713.85,1070.8,812.5,4,raft,12.26,20739.52,274.49,21959.3,1,2
834680.8,12.73,8,112.6,30.0,10.57,9.813,330.0,3287.9,100.0,150.0,4.228,493.18,739.8,659.3,4,raft,11.66,10925.82,118.56,9484.7,1,2
1883709.2,18.84,8,184.6,25.0,13.864,12.778,660.0,5656.9,110.9,150.0,5.546,848.53,1272.8,1049.8,5,raft,14.49,27697.69,388.27,31061.6,1,2
841846.6,21.34,10,128.8,25.0,10.6,9.84,390.0,3306.7,100.0,150.0,4.24,496.0,744.0,604.7,6,raft,11.18,11488.28,138.32,11065.4,1,2
1582229.7,17.71,10,159.0,25.0,13.081,12.073,590.0,5036.0,104.6,150.0,5.232,755.39,1133.1,853.2,5,raft,14.19,22868.98,310.44,24835.4,1,2
1367473.1,16.18,8,192.0,25.0,12.46,11.514,530.0,4569.3,100.0,150.0,4.984,685.39,1028.1,878.9,5,raft,11.9,19414.38,254.39,20351.5,1,2
1055131.4,18.13,10,95.9,20.0,11.429,10.586,490.0,3843.9,100.0,150.0,4.571,576.59,864.9,691.6,5,raft,14.82,15028.59,198.4,15871.7,1,2
1361951.6,11.59,8,105.1,20.0,12.444,11.499,570.0,4557.0,100.0,150.0,4.977,683.55,1025.3,887.2,3,raft,16.24,19781.85,271.2,21696.3,1,3
527443.0,15.6,6,157.4,30.0,9.07,8.463,250.0,2421.1,100.0,150.0,3.628,363.17,544.8,597.3,4,isolated_footings,2.799,6724.92,67.93,5434.1,1,1
1172558.3,19.49,12,164.0,20.0,11.838,10.954,520.0,4124.1,100.0,150.0,4.735,618.61,927.9,667.9,5,raft,11.98,16818.63,225.1,18007.9,1,2
337764.1,19.0,6,212.3,20.0,7.818,7.336,230.0,1798.8,100.0,150.0,3.127,269.82,450.0,482.0,5,isolated_footings,1.945,4379.15,46.86,3749.2,1,1
392979.0,23.33,12,88.5,20.0,8.223,7.7,250.0,1989.8,100.0,150.0,3.289,298.47,450.0,368.9,6,raft,9.01,5129.58,55.49,4438.8,1,2
1839066.5,9.94,8,216.2,30.0,13.754,12.678,560.0,5567.2,110.0,150.0,5.502,835.07,1252.6,1012.7,3,raft,12.92,25774.42,328.42,26273.3,1,2
1085707.2,16.94,10,241.5,25.0,11.538,10.684,460.0,3917.8,100.0,150.0,4.615,587.67,881.5,694.1,5,raft,9.37,15136.18,191.01,15280.7,1,2
1244672.0,19.51,12,221.2,30.0,12.076,11.168,430.0,4291.5,100.0,150.0,4.83,643.72,965.6,667.8,5,raft,10.32,16814.19,197.35,15787.7,1,2
919531.5,10.55,12,156.5,20.0,10.916,10.125,440.0,3507.1,100.0,150.0,4.367,526.06,789.1,584.2,3,raft,10.73,12867.3,163.78,13102.7,1,2
1687732.6,12.44,12,186.5,25.0,13.366,12.329,610.0,5257.4,106.9,150.0,5.346,788.61,1182.9,805.9,4,raft,13.56,24484.39,334.7,26776.3,1,2
907751.6,19.42,8,126.2,25.0,10.87,10.083,410.0,3477.1,100.0,150.0,4.348,521.56,782.3,704.3,5,raft,11.76,12468.28,152.33,12186.0,1,2
1791402.3,9.29,8,119.3,30.0,13.634,12.571,550.0,5470.5,109.1,150.0,5.454,820.58,1230.9,998.1,3,raft,17.14,25039.14,317.24,25379.1,1,2
347970.3,11.42,12,149.3,30.0,7.896,7.406,190.0,1834.8,100.0,150.0,3.158,275.23,450.0,338.7,3,raft,6.37,4324.36,40.72,3257.6,1,2
958552.4,9.0,12,146.2,30.0,11.069,10.262,370.0,3605.6,100.0,150.0,4.427,540.84,811.3,581.6,3,raft,11.05,12751.96,144.25,11540.3,1,2
1894821.0,8.31,12,161.1,25.0,13.891,12.802,660.0,5679.1,111.1,150.0,5.557,851.87,1277.8,859.4,3,raft,15.56,27843.41,389.85,31187.8,1,2
632294.7,14.24,12,171.5,30.0,9.635,8.972,280.0,2732.2,100.0,150.0,3.854,409.83,614.7,464.9,4,raft,8.16,8149.63,84.85,6788.4,1,2
1114958.0,17.65,8,163.0,25.0,11.641,10.777,470.0,3987.9,100.0,150.0,4.656,598.18,897.3,787.8,5,raft,11.58,15599.12,198.34,15867.4,1,2
899880.2,8.46,10,193.7,25.0,10.838,10.054,400.0,3456.9,100.0,150.0,4.335,518.54,777.8,625.4,3,raft,9.43,12287.4,148.1,11847.9,1,2
1462153.7,21.45,8,246.7,30.0,12.741,11.767,480.0,4777.8,101.9,150.0,5.097,716.67,1075.0,893.1,6,raft,10.67,20046.94,243.49,19478.9,1,2
102584.6,14.3,6,94.3,25.0,5.255,5.03,150.0,812.7,100.0,150.0,2.102,121.91,450.0,300.0,4,raft,4.45,1331.7,15.66,1252.7,1,2
314614.0,15.39,6,124.2,25.0,7.635,7.172,200.0,1715.6,100.0,150.0,3.054,257.34,450.0,459.5,4,isolated_footings,2.423,3979.16,39.83,3186.3,1,1
462737.6,13.23,12,127.3,25.0,8.683,8.115,260.0,2218.8,100.0,150.0,3.473,332.83,499.2,399.4,4,raft,8.13,6013.89,64.2,5135.9,1,2
541929.5,9.31,6,207.3,20.0,9.152,8.537,310.0,2465.3,100.0,150.0,3.661,369.79,554.7,620.2,3,isolated_footings,2.532,7250.57,83.42,6673.4,1,1
1999820.3,13.6,6,212.8,30.0,14.143,13.029,590.0,5887.0,113.1,150.0,5.657,883.05,1324.6,1223.7,4,isolated_footings,4.931,28227.26,365.03,29202.7,1,1
128503.4,8.5,8,113.9,20.0,5.665,5.398,150.0,944.4,100.0,150.0,2.266,141.67,450.0,300.0,3,isolated_footings,1.407,1638.69,18.01,1440.7,1,1
1261604.5,11.82,12,193.8,30.0,12.13,11.217,440.0,4330.3,100.0,150.0,4.852,649.54,974.3,674.0,3,raft,11.12,17125.96,203.34,16267.4,1,2
1898126.2,15.44,10,210.4,20.0,13.899,12.81,720.0,5685.7,111.2,150.0,5.56,852.86,1279.3,955.9,4,raft,13.82,28706.11,423.09,33847.3,1,2
1231490.8,23.42,6,212.2,20.0,12.033,11.13,540.0,4261.1,100.0,150.0,4.813,639.17,958.7,971.2,6,isolated_footings,3.919,17778.11,240.94,19275.4,1,1
1931205.5,9.73,6,237.9,30.0,13.98,12.882,580.0,5751.6,111.8,150.0,5.592,862.74,1294.1,1201.6,3,isolated_footings,4.579,27214.93,350.79,28063.2,1,1
1370827.2,23.33,12,240.1,20.0,12.47,11.523,580.0,4576.7,100.0,150.0,4.988,686.51,1029.8,728.5,6,raft,10.8,20006.72,276.8,22144.4,1,2
198193.1,19.05,8,97.3,25.0,6.545,6.191,150.0,1260.7,100.0,150.0,2.618,189.11,450.0,312.8,5,raft,5.94,2448.96,23.61,1888.7,1,2
1708071.8,17.61,6,215.4,30.0,13.419,12.377,530.0,5299.6,107.4,150.0,5.368,794.93,1192.4,1122.0,5,isolated_footings,4.495,23730.1,296.75,23740.2,1,1
1576138.9,13.56,12,192.5,20.0,13.064,12.058,630.0,5023.0,104.5,150.0,5.226,753.45,1130.2,785.7,4,raft,13.01,23272.67,328.92,26313.6,1,2
1036623.5,13.46,12,219.8,20.0,11.361,10.525,480.0,3798.8,100.0,150.0,4.545,569.82,854.7,624.5,4,raft,9.68,14700.93,192.36,15389.2,1,2
895370.6,13.8,12,200.2,25.0,10.82,10.038,400.0,3445.4,100.0,150.0,4.328,516.81,775.2,569.6,4,raft,9.25,12231.59,147.59,11807.3,1,2
393467.1,16.35,10,184.7,30.0,8.226,7.703,200.0,1991.5,100.0,150.0,3.29,298.72,450.0,394.8,5,isolated_footings,1.708,4896.27,45.96,3677.1,1,1
1560550.8,15.44,10,134.8,20.0,13.021,12.019,630.0,4989.8,104.2,150.0,5.208,748.48,1122.7,856.9,4,raft,15.48,23067.48,326.67,26133.9,1,2
1669925.5,9.39,12,121.5,25.0,13.318,12.287,610.0,5220.4,106.5,150.0,5.327,783.05,1174.6,802.1,3,raft,16.72,24253.05,332.26,26581.0,1,2
1161206.8,18.69,10,84.9,25.0,11.799,10.919,480.0,4097.4,100.0,150.0,4.72,614.61,921.9,719.9,5,raft,16.39,16279.26,207.86,16629.2,1,3
404587.7,11.39,10,137.9,30.0,8.303,7.773,210.0,2028.8,100.0,150.0,3.321,304.32,456.5,401.9,3,raft,7.18,5073.53,48.79,3903.4,1,2
1417308.3,12.42,6,167.8,20.0,12.61,11.649,590.0,4679.6,100.9,150.0,5.044,701.94,1052.9,1048.5,4,raft,13.15,20724.18,287.73,23018.1,1,2
216945.3,19.52,12,174.4,20.0,6.745,6.371,170.0,1339.1,100.0,150.0,2.698,200.86,450.0,300.0,5,raft,4.68,2728.59,27.56,2204.9,1,2
1396688.2,18.33,12,156.2,20.0,12.548,11.594,580.0,4634.1,100.4,150.0,5.019,695.12,1042.7,734.6,5,raft,13.51,20343.36,280.38,22430.4,1,2
231454.0,11.55,8,132.1,30.0,6.893,6.503,150.0,1398.1,100.0,150.0,2.757,209.72,450.0,335.6,3,isolated_footings,1.717,2830.24,26.03,2082.1,1,1
769589.9,16.86,10,152.3,30.0,10.287,9.559,320.0,3114.6,100.0,150.0,4.115,467.2,700.8,566.1,5,raft,9.62,10068.23,109.13,8730.6,1,2
1123257.5,13.63,12,126.1,25.0,11.669,10.802,470.0,4007.6,100.0,150.0,4.668,601.15,901.7,645.4,4,raft,13.21,15703.64,199.35,15948.0,1,2
499549.2,19.54,10,100.3,30.0,8.907,8.317,240.0,2335.0,100.0,150.0,3.563,350.25,525.4,449.2,5,raft,9.41,6340.04,63.19,5054.8,1,2
1904211.2,19.04,8,116.8,25.0,13.914,12.823,660.0,5697.9,111.3,150.0,5.566,854.68,1282.0,1054.9,5,raft,18.31,27966.5,391.18,31294.3,1,3
589174.3,17.43,10,246.7,20.0,9.411,8.77,330.0,2606.5,100.0,150.0,3.764,390.98,586.5,503.1,5,isolated_footings,1.883,7950.09,93.35,7468.0,1,1
627680.6,13.77,10,82.4,30.0,9.612,8.951,280.0,2718.9,100.0,150.0,3.845,407.84,611.8,507.6,4,raft,11.73,8094.88,84.43,6754.3,1,2
296836.8,8.73,6,174.1,30.0,7.489,7.04,170.0,1650.4,100.0,150.0,2.995,247.56,450.0,440.2,3,isolated_footings,1.961,3651.9,33.62,2689.5,1,1
1890974.7,18.21,12,97.4,20.0,13.882,12.794,710.0,5671.4,111.1,150.0,5.553,850.71,1276.1,869.1,5,raft,20.23,28474.07,416.55,33323.7,1,3
1169425.2,15.51,12,137.9,20.0,11.827,10.944,520.0,4116.7,100.0,150.0,4.731,617.51,926.3,667.1,4,raft,13.05,16778.43,224.69,17975.1,1,2
542332.9,21.79,6,219.8,25.0,9.155,8.539,290.0,2466.5,100.0,150.0,3.662,369.97,555.0,615.3,6,isolated_footings,2.44,7137.01,78.72,6297.7,1,1
1008905.8,17.23,6,105.8,30.0,11.259,10.433,380.0,3730.8,100.0,150.0,4.504,559.62,839.4,844.8,5,raft,13.34,13451.8,153.0,12239.7,1,2
1900795.0,9.36,8,100.1,25.0,13.906,12.815,660.0,5691.0,111.2,150.0,5.562,853.66,1280.5,1054.0,3,raft,19.76,27921.73,390.7,31255.6,1,3
1232319.4,20.65,8,211.9,25.0,12.035,11.132,500.0,4263.0,100.0,150.0,4.814,639.45,959.2,831.6,6,raft,10.72,17379.23,224.67,17973.7,1,2
928503.2,15.08,12,131.9,30.0,10.952,10.157,360.0,3529.9,100.0,150.0,4.381,529.48,794.2,571.2,4,raft,11.43,12302.04,137.74,11019.5,1,2
167449.1,23.36,6,241.1,20.0,6.188,5.869,150.0,1126.7,100.0,150.0,2.475,169.01,450.0,333.3,6,isolated_footings,1.262,2093.72,21.24,1699.5,1,1
1269754.3,12.23,6,106.7,20.0,12.156,11.241,550.0,4348.9,100.0,150.0,4.862,652.34,978.5,987.3,4,raft,15.53,18375.33,250.2,20016.1,1,2
1126384.9,10.5,12,156.6,30.0,11.68,10.812,410.0,4015.1,100.0,150.0,4.672,602.26,903.4,634.2,3,raft,11.65,15164.4,176.58,14126.8,1,2
966329.3,8.52,10,200.2,30.0,11.098,10.289,370.0,3625.1,100.0,150.0,4.439,543.76,815.6,639.5,3,raft,9.48,12846.34,145.05,11604.4,1,2
1726233.1,9.14,8,237.1,30.0,13.467,12.42,540.0,5337.1,107.7,150.0,5.387,800.56,1200.8,979.0,3,raft,11.93,24086.61,304.07,24325.2,1,2
1200089.7,20.86,8,152.3,30.0,11.93,11.037,420.0,4188.4,100.0,150.0,4.772,628.25,942.4,802.0,6,raft,12.19,16165.63,188.45,15076.2,1,2
488378.4,10.38,10,220.5,20.0,8.84,8.256,290.0,2300.1,100.0,150.0,3.536,345.01,517.5,454.3,3,isolated_footings,1.799,6485.13,73.26,5860.5,1,1
166294.2,20.68,10,154.7,25.0,6.173,5.856,150.0,1121.6,100.0,150.0,2.469,168.23,450.0,300.0,6,isolated_footings,1.216,2080.31,21.15,1692.1,1,1
1392922.1,19.2,10,165.1,25.0,12.537,11.583,540.0,4625.8,100.3,150.0,5.015,693.87,1040.8,794.9,5,raft,12.98,19849.89,262.08,20966.5,1,2
903629.8,17.57,12,204.9,30.0,10.853,10.068,350.0,3466.5,100.0,150.0,4.341,519.98,780.0,562.2,5,raft,9.03,11917.48,131.87,10549.6,1,2
538217.4,9.46,6,249.9,30.0,9.131,8.518,250.0,2454.0,100.0,150.0,3.653,368.1,552.1,602.9,3,isolated_footings,2.242,6851.67,68.88,5510.3,1,1
1651771.4,17.22,8,160.0,30.0,13.27,12.243,520.0,5182.5,106.2,150.0,5.308,777.37,1166.1,954.5,5,raft,14.16,22896.74,284.95,22796.3,1,2
912347.3,12.45,12,187.9,25.0,10.888,10.099,410.0,3488.8,100.0,150.0,4.355,523.32,785.0,576.4,4,raft,9.66,12525.38,152.85,12228.2,1,2
1939657.7,15.52,12,136.7,30.0,14.0,12.9,580.0,5768.4,112.0,150.0,5.6,865.25,1297.9,851.3,4,raft,16.73,27322.33,351.85,28148.2,1,2
253969.8,10.57,12,197.9,25.0,7.109,6.698,180.0,1487.4,100.0,150.0,2.844,223.11,450.0,300.0,3,isolated_footings,1.216,3194.02,31.88,2550.4,1,1
1342037.9,14.41,6,157.3,25.0,12.383,11.444,530.0,4512.4,100.0,150.0,4.953,676.87,1015.3,1006.4,4,raft,13.04,19090.23,251.15,20092.4,1,2
542177.8,9.85,12,227.0,20.0,9.154,8.538,310.0,2466.0,100.0,150.0,3.662,369.9,554.9,438.6,3,raft,6.69,7253.6,83.44,6675.5,1,2
1332437.8,16.68,12,89.2,30.0,12.353,11.418,450.0,4490.9,100.0,150.0,4.941,673.63,1010.5,693.0,5,raft,16.86,18104.85,215.41,17232.9,1,3
755469.8,20.1,12,209.2,20.0,10.224,9.502,390.0,3076.4,100.0,150.0,4.09,461.46,692.2,525.6,6,raft,8.35,10416.04,128.44,10275.3,1,2
570759.7,10.1,10,154.5,30.0,9.312,8.681,260.0,2551.9,100.0,150.0,3.725,382.79,574.2,481.9,3,raft,8.13,7294.93,74.18,5934.3,1,2
995188.0,8.46,8,200.7,25.0,11.208,10.387,430.0,3696.9,100.0,150.0,4.483,554.54,831.8,739.1,3,raft,9.79,13728.9,169.33,13546.0,1,2
1124136.1,16.84,6,118.2,20.0,11.672,10.805,510.0,4009.7,100.0,150.0,4.669,601.46,902.2,924.2,5,raft,13.81,16099.93,214.87,17189.3,1,2
949823.4,9.88,8,164.7,30.0,11.035,10.231,360.0,3583.7,100.0,150.0,4.414,537.55,806.3,706.9,3,raft,10.33,12559.89,139.91,11192.6,1,2
619130.0,19.29,12,221.9,25.0,9.568,8.911,320.0,2694.2,100.0,150.0,3.827,404.12,606.2,467.9,5,raft,7.22,8252.21,93.99,7519.1,1,2
525275.3,16.82,12,112.4,30.0,9.058,8.452,250.0,2414.5,100.0,150.0,3.623,362.17,543.3,421.6,5,raft,9.14,6699.41,67.73,5418.7,1,2
1041069.7,22.07,6,127.0,25.0,11.378,10.54,440.0,3809.7,100.0,150.0,4.551,571.45,857.2,873.8,6,raft,12.6,14391.49,178.29,14263.0,1,2
712756.7,20.6,10,219.5,25.0,10.028,9.325,350.0,2959.3,100.0,150.0,4.011,443.9,665.9,552.7,6,raft,7.83,9598.36,112.06,8964.7,1,2
1465799.4,21.4,12,227.1,25.0,12.752,11.777,560.0,4785.8,102.0,150.0,5.101,717.87,1076.8,746.6,6,raft,11.38,21011.91,280.69,22455.2,1,2
1100232.1,13.52,12,157.4,25.0,11.589,10.73,460.0,3952.7,100.0,150.0,4.636,592.9,889.4,637.4,4,raft,11.67,15318.59,192.75,15420.2,1,2
1745723.3,23.69,8,177.2,20.0,13.517,12.465,680.0,5377.2,108.1,150.0,5.407,806.57,1209.9,1019.9,6,raft,14.37,26140.51,378.77,30301.4,1,2
1719225.3,14.57,10,206.6,30.0,13.448,12.403,540.0,5322.6,107.6,150.0,5.379,798.39,1197.6,874.0,4,raft,12.75,23998.18,303.21,24256.8,1,2
1831188.8,14.1,8,164.2,20.0,13.734,12.661,700.0,5551.2,109.9,150.0,5.494,832.69,1249.0,1046.8,4,raft,15.33,27541.33,402.11,32168.5,1,2
296180.2,23.45,10,227.8,25.0,7.483,7.035,200.0,1647.9,100.0,150.0,2.993,247.19,450.0,346.1,6,isolated_footings,1.348,3763.11,38.32,3065.7,1,1
244437.8,22.57,6,202.8,25.0,7.019,6.617,170.0,1449.9,100.0,150.0,2.808,217.49,450.0,402.1,6,isolated_footings,1.66,3048.0,29.72,2377.8,1,1
1748319.3,23.52,6,159.8,25.0,13.524,12.471,630.0,5382.5,108.2,150.0,5.409,807.37,1211.1,1163.8,6,raft,14.96,25528.64,353.3,28263.9,1,2
710194.4,19.08,6,224.8,30.0,10.016,9.314,300.0,2952.3,100.0,150.0,4.006,442.84,664.3,699.1,5,isolated_footings,2.741,9212.43,97.6,7808.0,1,1
1725717.3,14.08,10,186.6,25.0,13.465,12.419,620.0,5336.0,107.7,150.0,5.386,800.4,1200.6,893.9,4,raft,13.73,25105.39,345.01,27601.2,1,2
1751146.9,8.57,6,119.9,30.0,13.531,12.478,540.0,5388.3,108.2,150.0,5.412,808.24,1212.4,1137.8,3,raft,16.88,24400.77,307.1,24568.3,1,2
1845811.7,23.96,6,153.8,20.0,13.771,12.694,700.0,5580.8,110.2,150.0,5.508,837.11,1255.7,1213.0,6,raft,15.89,27736.35,404.31,32345.1,1,2
1532720.9,19.26,6,155.4,30.0,12.943,11.949,500.0,4930.3,103.5,150.0,5.177,739.55,1109.3,1059.5,5,raft,13.81,21161.28,261.07,20885.6,1,2
633958.9,8.46,10,215.3,25.0,9.644,8.979,320.0,2737.0,100.0,150.0,3.857,410.55,615.8,518.1,3,raft,7.41,8432.32,95.53,7642.2,1,2
749003.5,14.89,8,170.3,30.0,10.195,9.475,310.0,3058.8,100.0,150.0,4.078,458.83,688.2,622.8,4,raft,8.95,9747.69,104.18,8334.3,1,2
1379510.7,10.88,8,93.4,25.0,12.497,11.547,540.0,4596.1,100.0,150.0,4.999,689.41,1034.1,884.9,3,raft,17.18,19678.01,260.34,20826.8,1,3
1258435.2,11.85,8,119.5,30.0,12.12,11.208,440.0,4323.0,100.0,150.0,4.848,648.46,972.7,824.5,3,raft,14.15,17086.91,202.99,16239.4,1,2
545255.8,12.09,6,232.8,25.0,9.171,8.554,290.0,2475.3,100.0,150.0,3.668,371.3,557.0,616.8,4,isolated_footings,2.377,7172.2,79.01,6321.0,1,1
1807358.4,18.84,8,92.6,25.0,13.674,12.607,640.0,5503.0,109.4,150.0,5.47,825.45,1238.2,1025.5,5,raft,20.0,26430.19,366.78,29342.2,1,3
1975920.8,12.79,12,197.4,25.0,14.087,12.978,680.0,5840.0,112.7,150.0,5.635,876.0,1314.0,879.9,4,raft,14.39,29185.43,412.5,33000.3,1,2
1698342.7,11.19,12,225.1,20.0,13.394,12.354,660.0,5279.4,107.1,150.0,5.357,791.91,1187.9,818.5,3,raft,12.54,25256.15,361.52,28921.3,1,2
512551.1,17.15,10,248.8,25.0,8.984,8.386,280.0,2375.3,100.0,150.0,3.594,356.3,534.5,462.5,5,isolated_footings,1.724,6720.66,73.44,5875.5,1,1
92782.2,21.28,12,126.7,30.0,5.082,4.874,150.0,760.1,100.0,150.0,2.033,114.02,450.0,300.0,6,raft,3.66,1214.47,14.72,1177.3,1,2
1736881.4,20.45,6,234.8,30.0,13.494,12.445,540.0,5359.0,108.0,150.0,5.398,803.85,1205.8,1133.6,6,isolated_footings,4.349,24220.92,305.37,24429.3,1,1
1018618.2,22.47,10,211.9,20.0,11.295,10.466,470.0,3754.7,100.0,150.0,4.518,563.21,844.8,676.6,6,raft,9.75,14381.49,186.47,14917.7,1,2
1233776.7,13.64,8,185.6,30.0,12.04,11.136,430.0,4266.4,100.0,150.0,4.816,639.96,959.9,814.7,4,raft,11.22,16680.4,196.16,15692.8,1,2
1523375.8,20.28,8,186.8,30.0,12.917,11.925,500.0,4910.3,103.3,150.0,5.167,736.54,1104.8,915.1,6,raft,12.56,21044.27,259.96,20797.1,1,2
1310364.2,12.94,12,85.7,25.0,12.284,11.356,520.0,4441.2,100.0,150.0,4.914,666.17,999.3,702.0,4,raft,17.43,18579.25,242.83,19426.3,1,3
1478101.5,9.44,10,135.5,25.0,12.788,11.809,560.0,4812.5,102.3,150.0,5.115,721.88,1082.8,820.9,3,raft,14.79,21170.2,282.32,22585.3,1,2
392498.1,10.11,10,170.2,25.0,8.219,7.697,230.0,1988.2,100.0,150.0,3.288,298.23,450.0,400.1,3,raft,6.43,5028.32,51.62,4129.7,1,2
1669421.6,12.11,12,244.5,25.0,13.317,12.285,610.0,5219.3,106.5,150.0,5.327,782.9,1174.3,802.0,4,raft,11.79,24246.5,332.19,26575.4,1,2
1505790.7,13.42,6,159.6,20.0,12.867,11.88,610.0,4872.4,102.9,150.0,5.147,730.86,1096.3,1083.1,4,raft,13.93,22111.24,309.37,24749.5,1,2
324476.2,23.46,12,244.4,30.0,7.714,7.243,180.0,1751.3,100.0,150.0,3.086,262.69,450.0,326.2,6,isolated_footings,1.226,4010.35,37.26,2980.7,1,1
763261.3,20.65,6,125.0,20.0,10.259,9.533,390.0,3097.5,100.0,150.0,4.104,464.63,696.9,746.8,6,raft,10.86,10513.1,129.35,10347.7,1,2
936832.8,18.77,10,179.4,30.0,10.984,10.186,360.0,3550.9,100.0,150.0,4.394,532.64,799.0,628.3,5,raft,9.84,12402.83,138.59,11087.3,1,2
1883569.2,9.73,8,160.2,30.0,13.864,12.777,570.0,5656.6,110.9,150.0,5.546,848.49,1272.7,1026.3,3,raft,15.22,26473.1,339.34,27147.1,1,2
1774257.9,16.98,8,190.1,30.0,13.59,12.531,550.0,5435.6,108.7,150.0,5.436,815.34,1223.0,993.8,5,raft,13.52,24822.48,315.13,25210.4,1,2
1656517.9,22.55,10,190.4,20.0,13.283,12.254,650.0,5192.4,106.3,150.0,5.313,778.86,1168.3,884.5,6,raft,13.45,24577.59,350.37,28029.8,1,2
322565.2,23.14,10,249.3,20.0,7.699,7.229,220.0,1744.4,100.0,150.0,3.08,261.66,450.0,363.7,6,isolated_footings,1.354,4155.94,43.82,3505.8,1,1
239524.4,22.2,8,146.1,25.0,6.972,6.575,170.0,1430.4,100.0,150.0,2.789,214.57,450.0,345.0,6,isolated_footings,1.678,2991.06,29.34,2347.4,1,1
1357448.1,19.89,12,179.8,30.0,12.43,11.487,460.0,4546.9,100.0,150.0,4.972,682.04,1023.1,700.9,5,raft,12.01,18522.21,222.54,17803.3,1,2
351319.7,14.64,6,221.7,30.0,7.921,7.429,190.0,1846.6,100.0,150.0,3.168,276.99,450.0,481.1,4,isolated_footings,1.899,4363.05,40.97,3277.6,1,1
845826.0,23.22,6,197.3,20.0,10.617,9.855,420.0,3317.1,100.0,150.0,4.247,497.56,746.3,790.4,6,isolated_footings,3.308,11776.5,148.33,11866.0,1,1
914597.0,23.21,10,96.9,30.0,10.897,10.107,350.0,3494.5,100.0,150.0,4.359,524.18,786.3,619.3,6,raft,13.2,12049.73,132.97,10637.4,1,2
766303.2,22.43,10,90.3,25.0,10.273,9.546,360.0,3105.8,100.0,150.0,4.109,465.87,698.8,573.3,6,raft,12.66,10327.19,120.75,9659.8,1,2
420126.7,9.95,12,95.6,20.0,8.408,7.867,270.0,2080.4,100.0,150.0,3.363,312.07,468.1,383.8,3,raft,9.02,5553.88,62.07,4965.8,1,2
1301323.7,17.55,6,88.6,25.0,12.256,11.33,520.0,4420.7,100.0,150.0,4.902,663.11,994.7,989.7,5,raft,17.08,18464.2,241.68,19334.7,1,3
524959.3,10.01,8,91.7,30.0,9.056,8.45,250.0,2413.5,100.0,150.0,3.622,362.03,543.0,516.2,3,raft,10.11,6695.69,67.7,5416.4,1,2
453956.9,11.46,8,135.9,20.0,8.628,8.065,280.0,2190.7,100.0,150.0,3.451,328.6,492.9,489.2,3,raft,7.87,6014.27,67.57,5405.5,1,2
1587855.3,17.54,10,225.9,20.0,13.097,12.087,640.0,5047.9,104.8,150.0,5.239,757.18,1135.8,865.8,5,raft,12.08,23548.03,335.45,26836.2,1,2
1975678.2,16.64,8,98.7,20.0,14.086,12.978,730.0,5839.6,112.7,150.0,5.634,875.93,1313.9,1090.4,5,raft,20.59,29883.52,440.52,35241.6,1,3
307016.3,13.73,8,180.1,20.0,7.573,7.116,220.0,1687.9,100.0,150.0,3.029,253.18,450.0,397.5,4,isolated_footings,1.741,3971.28,42.45,3396.4,1,1
389780.1,8.84,12,169.4,30.0,8.2,7.68,200.0,1979.0,100.0,150.0,3.28,296.85,450.0,358.8,3,raft,6.33,4853.61,45.69,3654.9,1,2
173938.2,15.17,10,167.3,20.0,6.266,5.94,150.0,1155.7,100.0,150.0,2.507,173.35,450.0,300.0,4,isolated_footings,1.194,2168.95,21.75,1740.4,1,1
931410.6,11.54,6,203.6,30.0,10.963,10.167,360.0,3537.2,100.0,150.0,4.385,530.58,795.9,809.0,3,isolated_footings,3.333,12337.23,138.04,11043.2,1,1
1066829.9,15.33,6,90.3,25.0,11.471,10.624,450.0,3872.3,100.0,150.0,4.588,580.84,871.3,886.3,4,raft,15.15,14805.85,185.01,14801.1,1,3
1702232.2,14.82,6,163.3,25.0,13.404,12.363,620.0,5287.5,107.2,150.0,5.362,793.12,1189.7,1147.0,4,raft,14.58,24799.61,341.77,27341.4,1,2
193306.9,9.29,8,91.2,25.0,6.491,6.142,150.0,1239.9,100.0,150.0,2.596,185.99,450.0,308.5,3,raft,6.06,2392.69,23.24,1859.4,1,2
1267419.1,17.37,10,144.8,30.0,12.149,11.234,440.0,4343.6,100.0,150.0,4.859,651.54,977.3,739.9,5,raft,12.9,17197.58,203.98,16318.7,1,2
1084585.8,15.26,12,96.9,30.0,11.534,10.681,400.0,3915.1,100.0,150.0,4.614,587.27,880.9,621.4,4,raft,14.51,14557.89,168.31,13464.5,1,2
273107.4,18.48,8,153.1,20.0,7.283,6.855,200.0,1561.2,100.0,150.0,2.913,234.18,450.0,372.7,5,isolated_footings,1.771,3491.63,36.39,2910.9,1,1
856936.5,21.24,12,150.7,20.0,10.663,9.897,420.0,3346.1,100.0,150.0,4.265,501.91,752.9,562.2,6,raft,10.52,11915.9,149.65,11972.4,1,2
659469.3,13.0,10,143.6,20.0,9.771,9.094,360.0,2809.9,100.0,150.0,3.909,421.49,632.2,535.6,4,raft,9.37,9011.52,108.95,8715.8,1,2
1389301.0,15.59,6,221.4,20.0,12.526,11.574,580.0,4617.8,100.2,150.0,5.011,692.67,1039.0,1036.4,4,isolated_footings,4.095,20247.13,279.36,22348.4,1,1
892159.2,19.91,10,218.0,30.0,10.807,10.026,350.0,3437.1,100.0,150.0,4.323,515.57,773.4,612.3,5,raft,8.7,11779.07,130.72,10457.4,1,2
166962.9,23.31,10,193.9,25.0,6.182,5.863,150.0,1124.6,100.0,150.0,2.473,168.68,450.0,300.0,6,isolated_footings,1.088,2088.07,21.2,1696.4,1,1
739516.3,18.65,12,227.6,30.0,10.152,9.437,310.0,3033.0,100.0,150.0,4.061,454.94,682.4,505.5,5,raft,7.7,9634.31,103.27,8261.5,1,2
150319.9,12.6,10,139.8,30.0,5.969,5.672,150.0,1048.5,100.0,150.0,2.388,157.28,450.0,300.0,4,isolated_footings,1.221,1894.37,19.86,1588.6,1,1
1039454.5,10.48,12,118.1,20.0,11.372,10.535,480.0,3805.7,100.0,150.0,4.549,570.86,856.3,625.2,3,raft,13.22,14736.95,192.72,15417.9,1,2
732722.3,16.9,6,209.6,30.0,10.121,9.408,310.0,3014.4,100.0,150.0,4.048,452.15,678.2,711.9,5,isolated_footings,2.89,9553.06,102.62,8209.3,1,1
491010.2,14.87,6,183.5,30.0,8.856,8.271,240.0,2308.3,100.0,150.0,3.543,346.25,519.4,575.4,4,isolated_footings,2.497,6239.82,62.44,4995.1,1,1
1667448.5,12.28,8,126.5,25.0,13.312,12.281,610.0,5215.2,106.5,150.0,5.325,782.28,1173.4,981.7,4,raft,16.38,24220.86,331.92,26553.7,1,2
1846998.2,13.62,8,227.9,30.0,13.774,12.696,560.0,5583.2,110.2,150.0,5.509,837.47,1256.2,1014.7,4,raft,12.61,25874.8,329.4,26351.8,1,2
1331822.0,9.11,6,95.6,30.0,12.351,11.416,450.0,4489.5,100.0,150.0,4.94,673.43,1010.1,979.8,3,raft,16.28,18097.26,215.34,17227.4,1,3
469509.1,14.72,10,106.8,25.0,8.725,8.153,260.0,2240.4,100.0,150.0,3.49,336.06,504.1,440.5,4,raft,8.94,6094.66,64.84,5187.6,1,2
1457112.1,20.43,6,230.2,20.0,12.727,11.754,600.0,4766.8,101.8,150.0,5.091,715.03,1072.5,1064.5,6,isolated_footings,4.125,21358.03,297.86,23828.6,1,1
356949.3,17.89,6,126.3,30.0,7.963,7.467,190.0,1866.3,100.0,150.0,3.185,279.94,450.0,484.7,5,isolated_footings,2.536,4428.04,41.39,3311.1,1,1
876828.8,17.71,12,126.4,30.0,10.745,9.97,340.0,3397.6,100.0,150.0,4.298,509.65,764.5,552.6,5,raft,11.29,11512.3,125.91,10072.6,1,2
271944.1,14.88,10,195.3,30.0,7.273,6.846,160.0,1556.8,100.0,150.0,2.909,233.51,450.0,325.5,4,isolated_footings,1.369,3328.34,30.31,2424.4,1,1
998933.9,18.67,6,117.5,30.0,11.222,10.4,380.0,3706.2,100.0,150.0,4.489,555.93,833.9,841.0,5,raft,12.61,13330.51,151.96,12156.6,1,2
156824.8,11.27,8,210.4,25.0,6.054,5.748,150.0,1078.6,100.0,150.0,2.422,161.78,450.0,300.0,3,isolated_footings,1.135,1970.21,20.39,1631.2,1,1
614421.9,9.92,12,207.0,20.0,9.544,8.889,340.0,2680.5,100.0,150.0,3.817,402.07,603.1,469.9,3,raft,7.5,8323.72,98.65,7891.8,1,2
301912.1,16.52,8,165.0,30.0,7.531,7.078,170.0,1669.1,100.0,150.0,3.012,250.37,450.0,384.2,5,isolated_footings,1.758,3710.1,33.98,2718.6,1,1
1622090.4,9.15,6,154.2,25.0,13.19,12.171,600.0,5120.2,105.5,150.0,5.276,768.03,1152.0,1116.7,3,raft,14.61,23507.67,320.74,25659.4,1,2
1846266.7,21.79,12,177.5,30.0,13.772,12.695,560.0,5581.7,110.2,150.0,5.509,837.25,1255.9,828.3,6,raft,14.29,25865.54,329.31,26344.6,1,2
1298276.3,12.63,12,83.5,25.0,12.246,11.322,510.0,4413.8,100.0,150.0,4.899,662.07,993.1,697.1,4,raft,17.52,18319.4,237.06,18964.5,1,3
385152.7,23.16,12,221.4,25.0,8.168,7.651,230.0,1963.3,100.0,150.0,3.267,294.5,450.0,362.0,6,raft,5.59,4941.52,51.0,4079.7,1,2
221853.3,21.51,8,154.1,25.0,6.796,6.416,160.0,1359.2,100.0,150.0,2.718,203.88,450.0,331.0,6,isolated_footings,1.568,2753.12,26.65,2131.8,1,1
1071727.0,14.33,10,206.8,20.0,11.488,10.639,490.0,3884.1,100.0,150.0,4.595,582.62,873.9,696.5,4,raft,10.16,15240.32,200.52,16041.5,1,2
699483.8,10.69,6,170.2,20.0,9.965,9.269,370.0,2922.5,100.0,150.0,3.986,438.37,657.6,712.8,3,isolated_footings,3.212,9576.08,116.24,9299.1,1,1
1816549.3,13.59,8,120.2,20.0,13.697,12.628,700.0,5521.6,109.6,150.0,5.479,828.24,1242.4,1043.1,4,raft,17.85,27345.95,399.89,31991.4,1,3
549138.0,10.78,8,209.2,30.0,9.193,8.574,250.0,2487.1,100.0,150.0,3.677,373.06,559.6,527.0,3,isolated_footings,2.142,6979.99,69.84,5587.2,1,1
196938.9,23.22,12,158.9,30.0,6.531,6.178,150.0,1255.4,100.0,150.0,2.613,188.31,450.0,300.0,6,raft,4.63,2434.52,23.52,1881.2,1,2
1531760.4,15.18,10,226.9,30.0,12.941,11.946,500.0,4928.3,103.5,150.0,5.176,739.24,1108.9,820.5,4,raft,11.43,21149.26,260.96,20876.6,1,2
666470.8,15.04,12,155.2,25.0,9.806,9.125,330.0,2829.8,100.0,150.0,3.922,424.47,636.7,485.7,4,raft,8.96,8894.27,101.58,8126.5,1,2
1602842.9,17.46,10,166.2,25.0,13.138,12.124,590.0,5079.6,105.1,150.0,5.255,761.94,1142.9,858.2,5,raft,13.96,23135.79,313.23,25058.4,1,2
950397.8,8.6,10,221.4,20.0,11.037,10.233,450.0,3585.1,100.0,150.0,4.415,537.77,806.7,651.7,3,raft,9.19,13341.82,170.97,13677.2,1,2
1307099.6,23.64,6,184.6,30.0,12.274,11.347,450.0,4433.8,100.0,150.0,4.91,665.07,997.6,971.5,6,isolated_footings,4.204,17792.27,212.6,17007.8,1,1
799740.8,17.29,6,156.5,30.0,10.42,9.678,320.0,3195.5,100.0,150.0,4.168,479.32,719.0,743.8,5,isolated_footings,3.496,10429.37,112.05,8964.4,1,1
1321083.0,13.14,12,165.2,20.0,12.318,11.386,560.0,4465.3,100.0,150.0,4.927,669.8,1004.7,712.6,4,raft,12.74,19144.58,261.34,20907.4,1,2
928520.1,20.98,10,247.0,20.0,10.952,10.157,450.0,3529.9,100.0,150.0,4.381,529.49,794.2,644.9,6,raft,8.61,13065.29,168.27,13461.3,1,2
1033870.6,10.76,8,200.3,25.0,11.351,10.516,440.0,3792.1,100.0,150.0,4.541,568.81,853.2,754.3,3,raft,10.0,14301.58,177.44,14195.4,1,2
1071933.7,17.76,10,143.4,25.0,11.489,10.64,450.0,3884.6,100.0,150.0,4.596,582.69,874.0,688.0,5,raft,12.05,14869.75,185.62,14849.4,1,2
805462.3,20.39,6,214.2,30.0,10.445,9.7,330.0,3210.7,100.0,150.0,4.178,481.6,722.4,749.0,6,isolated_footings,3.009,10574.92,115.69,9255.2,1,1
702566.2,13.28,12,128.3,30.0,9.98,9.282,300.0,2931.1,100.0,150.0,3.992,439.66,659.5,491.9,4,raft,9.98,9121.49,96.88,7750.2,1,2
1710554.2,23.43,8,136.7,30.0,13.426,12.383,540.0,5304.7,107.4,150.0,5.37,795.7,1193.6,974.9,6,raft,15.65,23888.73,302.15,24171.9,1,2
1344043.6,22.67,10,244.5,30.0,12.389,11.45,460.0,4516.9,100.0,150.0,4.955,677.54,1016.3,764.4,6,raft,10.25,18356.38,221.03,17682.7,1,2
1341163.6,10.06,6,132.6,25.0,12.38,11.442,530.0,4510.5,100.0,150.0,4.952,676.57,1014.9,1006.1,3,raft,14.19,19079.08,251.04,20083.5,1,2
1304811.9,13.26,8,193.9,30.0,12.267,11.34,450.0,4428.6,100.0,150.0,4.907,664.29,996.4,840.7,4,raft,11.33,17764.03,212.34,16987.3,1,2
1994470.0,22.6,6,189.8,25.0,14.131,13.018,680.0,5876.5,113.0,150.0,5.652,881.48,1322.2,1249.5,6,raft,14.74,29429.47,415.17,33213.5,1,2
1041552.5,8.29,10,110.6,20.0,11.379,10.541,480.0,3810.9,100.0,150.0,4.552,571.63,857.4,685.5,3,raft,13.67,14763.64,192.99,15439.1,1,2
716378.1,20.26,8,118.5,20.0,10.045,9.34,380.0,2969.4,100.0,150.0,4.018,445.4,668.1,626.2,6,raft,10.79,9856.66,121.01,9680.5,1,2
352143.1,12.73,6,166.3,30.0,7.927,7.435,190.0,1849.5,100.0,150.0,3.171,277.42,450.0,481.6,4,isolated_footings,2.195,4372.56,41.03,3282.5,1,1
1678483.7,22.14,6,192.5,30.0,13.341,12.307,530.0,5238.2,106.7,150.0,5.336,785.73,1178.6,1113.2,6,raft,13.04,23357.76,293.18,23454.2,1,2
305545.6,14.03,8,110.7,30.0,7.561,7.105,170.0,1682.5,100.0,150.0,3.024,252.37,450.0,386.4,4,raft,6.89,3751.73,34.24,2739.4,1,2
1553640.7,20.94,8,202.6,20.0,13.002,12.002,630.0,4975.1,104.0,150.0,5.201,746.27,1119.4,956.1,6,raft,12.6,22976.46,325.68,26054.1,1,2
851174.3,18.82,8,244.8,30.0,10.639,9.875,340.0,3331.0,100.0,150.0,4.256,499.66,749.5,667.7,5,isolated_footings,2.508,11203.57,123.36,9869.1,1,1
605609.5,19.98,12,119.8,20.0,9.498,8.848,340.0,2654.8,100.0,150.0,3.799,398.22,597.3,466.8,5,raft,9.8,8215.26,97.68,7814.1,1,2
653462.4,20.94,12,233.7,20.0,9.742,9.067,350.0,2792.9,100.0,150.0,3.897,418.93,628.4,485.1,6,raft,7.29,8870.06,105.58,8446.7,1,2
767289.9,23.15,12,158.5,25.0,10.277,9.549,360.0,3108.4,100.0,150.0,4.111,466.27,699.4,523.7,6,raft,9.56,10339.28,120.85,9668.3,1,2
1567341.9,16.05,12,244.3,20.0,13.04,12.036,630.0,5004.3,104.3,150.0,5.216,750.65,1126.0,783.7,5,raft,11.52,23156.89,327.65,26212.3,1,2
1612455.5,10.21,10,88.9,25.0,13.164,12.148,590.0,5099.9,105.3,150.0,5.266,764.98,1147.5,860.5,3,raft,19.15,23260.13,314.53,25162.2,1,3
1754528.0,16.87,6,200.9,30.0,13.54,12.486,540.0,5395.2,108.3,150.0,5.416,809.28,1213.9,1138.8,5,isolated_footings,4.722,24443.39,307.51,24601.1,1,1
1709773.8,12.56,8,126.4,30.0,13.424,12.381,540.0,5303.1,107.4,150.0,5.369,795.46,1193.2,974.7,4,raft,16.27,23878.87,302.05,24164.2,1,2
337329.9,15.0,8,218.8,25.0,7.815,7.333,210.0,1797.2,100.0,150.0,3.126,269.59,450.0,413.0,4,isolated_footings,1.641,4287.65,43.37,3469.8,1,1
1864420.3,14.64,12,165.3,20.0,13.817,12.735,710.0,5618.2,110.5,150.0,5.527,842.73,1264.1,863.6,4,raft,15.43,28119.28,412.51,33001.0,1,2
803023.9,9.31,8,84.8,20.0,10.434,9.691,410.0,3204.2,100.0,150.0,4.174,480.63,720.9,666.4,3,raft,13.58,11161.28,140.08,11206.1,1,3
1686393.8,18.4,8,103.4,25.0,13.362,12.326,610.0,5254.6,106.9,150.0,5.345,788.19,1182.3,986.7,5,raft,18.21,24467.0,334.52,26761.7,1,3
1838922.5,15.56,8,209.0,25.0,13.753,12.678,650.0,5566.9,110.0,150.0,5.501,835.03,1252.5,1036.0,4,raft,13.45,26975.95,376.53,30122.6,1,2
924772.9,8.08,6,83.2,20.0,10.937,10.143,450.0,3520.4,100.0,150.0,4.375,528.06,792.1,831.0,3,raft,14.8,13017.88,167.8,13424.2,1,3
1678178.0,16.78,12,98.9,25.0,13.34,12.306,610.0,5237.5,106.7,150.0,5.336,785.63,1178.4,803.9,5,raft,18.57,24360.29,333.39,26671.5,1,3
513398.4,9.95,8,151.4,30.0,8.989,8.39,240.0,2378.0,100.0,150.0,3.596,356.69,535.0,508.6,3,raft,7.76,6502.38,64.39,5151.1,1,2
941371.6,9.77,12,181.4,20.0,11.002,10.202,450.0,3562.4,100.0,150.0,4.401,534.36,801.5,592.3,3,raft,10.1,13227.78,169.85,13588.3,1,2
1282312.1,17.2,8,129.5,20.0,12.196,11.276,550.0,4377.6,100.0,150.0,4.878,656.63,984.9,858.8,5,raft,14.16,18537.49,251.88,20150.7,1,2
1248878.7,11.85,12,111.8,30.0,12.089,11.18,440.0,4301.1,100.0,150.0,4.836,645.17,967.8,670.9,3,raft,14.58,16969.13,201.94,16154.9,1,2
216947.2,23.59,6,242.1,30.0,6.745,6.371,150.0,1339.1,100.0,150.0,2.698,200.86,450.0,376.0,6,isolated_footings,1.42,2664.29,24.99,1999.1,1,1
1039289.0,23.81,6,146.4,25.0,11.371,10.534,440.0,3805.3,100.0,150.0,4.548,570.8,856.2,873.1,6,raft,11.73,14369.25,178.08,14246.3,1,2
134892.1,14.19,10,123.1,20.0,5.757,5.482,150.0,975.5,100.0,150.0,2.303,146.32,450.0,300.0,4,raft,4.42,1713.79,18.56,1484.9,1,2
746333.1,9.08,8,204.6,30.0,10.183,9.465,310.0,3051.6,100.0,150.0,4.073,457.74,686.6,621.8,3,isolated_footings,2.555,9715.78,103.92,8313.9,1,1
252144.5,17.31,10,102.7,25.0,7.092,6.683,180.0,1480.2,100.0,150.0,2.837,222.04,450.0,317.8,5,raft,6.58,3172.75,31.73,2538.8,1,2
1114726.8,21.02,8,221.2,30.0,11.64,10.776,400.0,3987.3,100.0,150.0,4.656,598.1,897.1,770.6,6,isolated_footings,3.046,14925.83,171.5,13719.9,1,1
956014.7,19.13,8,218.0,20.0,11.059,10.253,450.0,3599.2,100.0,150.0,4.424,539.89,809.8,730.5,5,raft,9.28,13412.73,171.65,13732.3,1,2
1446287.9,23.1,6,129.9,20.0,12.695,11.726,600.0,4743.2,101.6,150.0,5.078,711.48,1067.2,1060.9,6,raft,15.13,21216.34,296.33,23706.4,1,2
1592663.0,22.17,10,238.7,30.0,13.11,12.099,510.0,5058.1,104.9,150.0,5.244,758.71,1138.1,837.4,6,raft,11.37,22032.17,272.98,21838.4,1,2
826536.9,21.05,12,123.1,30.0,10.535,9.782,330.0,3266.5,100.0,150.0,4.214,489.97,735.0,535.9,6,raft,11.1,10828.09,117.76,9421.0,1,2
422651.7,13.71,6,227.2,25.0,8.425,7.882,250.0,2088.8,100.0,150.0,3.37,313.32,470.0,539.4,4,isolated_footings,2.104,5484.04,58.32,4665.2,1,1
582772.4,20.79,12,231.2,30.0,9.377,8.739,260.0,2587.6,100.0,150.0,3.751,388.14,582.2,444.1,6,raft,6.71,7436.49,75.25,6020.1,1,2
907486.4,23.3,10,245.5,25.0,10.868,10.082,410.0,3476.4,100.0,150.0,4.347,521.46,782.2,629.9,6,raft,8.43,12464.98,152.3,12183.6,1,2
1399533.6,13.88,10,216.2,30.0,12.557,11.601,470.0,4640.4,100.5,150.0,5.023,696.06,1044.1,780.8,4,raft,11.14,19154.42,231.73,18538.7,1,2
877774.3,14.89,8,172.7,25.0,10.749,9.974,400.0,3400.1,100.0,150.0,4.299,510.01,765.0,691.4,4,raft,9.87,12013.65,145.6,11647.9,1,2
250065.9,13.25,10,132.1,30.0,7.073,6.665,150.0,1472.1,100.0,150.0,2.829,220.82,450.0,311.2,4,raft,5.68,3042.44,27.33,2186.0,1,2
1449442.7,10.67,12,139.8,20.0,12.704,11.734,600.0,4750.1,101.6,150.0,5.082,712.51,1068.8,750.9,3,raft,14.6,21257.65,296.78,23742.1,1,2
1467288.1,22.59,12,126.7,20.0,12.756,11.781,600.0,4789.0,102.1,150.0,5.103,718.35,1077.5,755.0,6,raft,15.41,21491.16,299.29,23943.3,1,2
196330.3,18.2,10,167.2,30.0,6.525,6.172,150.0,1252.8,100.0,150.0,2.61,187.93,450.0,300.0,5,isolated_footings,1.264,2427.52,23.47,1877.6,1,1
1374850.7,23.24,8,224.3,30.0,12.483,11.534,460.0,4585.7,100.0,150.0,4.993,687.86,1031.8,863.4,6,raft,10.82,18737.33,224.49,17959.2,1,2
1573558.3,8.56,6,120.1,30.0,13.057,12.051,510.0,5017.5,104.5,150.0,5.223,752.63,1128.9,1075.2,3,raft,15.94,21792.56,270.7,21656.1,1,2
764340.5,14.13,6,182.9,30.0,10.264,9.538,320.0,3100.5,100.0,150.0,4.106,465.07,697.6,728.6,4,isolated_footings,3.167,10005.26,108.62,8689.6,1,1
927349.0,13.94,12,209.7,30.0,10.947,10.152,360.0,3526.9,100.0,150.0,4.379,529.04,793.6,570.9,4,raft,9.06,12288.07,137.63,11010.1,1,2
318505.5,13.87,10,190.4,20.0,7.666,7.2,220.0,1729.7,100.0,150.0,3.067,259.46,450.0,361.6,4,isolated_footings,1.54,4107.78,43.47,3477.4,1,1
1923014.1,8.41,8,164.8,25.0,13.96,12.864,670.0,5735.3,111.7,150.0,5.584,860.3,1290.4,1062.1,3,raft,15.52,28350.58,399.35,31947.9,1,2
1831407.9,9.88,10,199.7,20.0,13.735,12.661,700.0,5551.7,109.9,150.0,5.494,832.75,1249.1,936.4,3,raft,13.9,27544.25,402.14,32171.1,1,2
1992912.0,12.57,12,114.0,20.0,14.127,13.014,740.0,5873.5,113.0,150.0,5.651,881.02,1321.5,895.9,4,raft,19.28,30255.41,448.8,35904.2,1,3
1713011.3,15.23,12,249.5,30.0,13.432,12.389,540.0,5309.8,107.5,150.0,5.373,796.47,1194.7,796.5,4,raft,11.59,23919.75,302.45,24195.9,1,2
1936744.4,23.79,10,200.6,30.0,13.993,12.894,580.0,5762.6,111.9,150.0,5.597,864.39,1296.6,931.9,6,raft,13.8,27285.32,351.49,28118.9,1,2
1107234.2,22.26,8,201.0,30.0,11.614,10.752,400.0,3969.4,100.0,150.0,4.645,595.41,893.1,768.3,6,raft,10.17,14834.42,170.71,13656.6,1,2
1293515.0,20.7,8,100.6,20.0,12.231,11.308,560.0,4403.0,100.0,150.0,4.893,660.45,990.7,864.6,6,raft,16.17,18787.79,257.61,20609.1,1,3
1594528.1,11.79,12,84.5,30.0,13.115,12.103,510.0,5062.0,104.9,150.0,5.246,759.3,1139.0,764.9,3,raft,19.12,22055.55,273.2,21856.1,1,3
1165940.9,15.48,8,184.0,20.0,11.815,10.934,520.0,4108.5,100.0,150.0,4.726,616.28,924.4,816.0,4,raft,11.29,16733.7,224.23,17938.5,1,2
178208.8,14.37,12,169.4,25.0,6.317,5.986,150.0,1174.5,100.0,150.0,2.527,176.18,450.0,300.0,4,isolated_footings,1.096,2218.39,22.09,1767.0,1,1
1655511.8,9.18,10,189.2,25.0,13.28,12.252,600.0,5190.3,106.2,150.0,5.312,778.54,1167.8,873.0,3,raft,13.31,23941.0,325.29,26023.4,1,2
958374.7,16.28,8,229.3,30.0,11.068,10.261,370.0,3605.2,100.0,150.0,4.427,540.78,811.2,712.2,5,isolated_footings,2.765,12749.8,144.23,11538.8,1,1
1297598.2,10.91,8,153.5,20.0,12.244,11.32,560.0,4412.3,100.0,150.0,4.898,661.84,992.8,865.8,3,raft,13.11,18840.67,258.17,20653.4,1,2
1671212.1,16.29,10,108.0,25.0,13.322,12.29,610.0,5223.0,106.6,150.0,5.329,783.46,1175.2,878.9,5,raft,17.74,24269.77,332.44,26595.1,1,3
1872738.8,11.61,10,223.8,25.0,13.837,12.753,660.0,5634.9,110.7,150.0,5.535,845.24,1267.9,936.5,3,raft,13.13,27553.76,386.71,30936.8,1,2
432788.7,23.3,10,101.3,25.0,8.491,7.942,250.0,2122.0,100.0,150.0,3.397,318.31,477.5,422.4,6,raft,8.8,5604.8,59.27,4741.9,1,2
1248135.1,9.49,8,180.6,30.0,12.087,11.178,430.0,4299.4,100.0,150.0,4.835,644.91,967.4,819.0,3,raft,11.43,16856.7,197.72,15817.8,1,2
350678.8,18.54,10,223.2,30.0,7.916,7.425,190.0,1844.3,100.0,150.0,3.167,276.65,450.0,372.4,5,isolated_footings,1.465,4355.65,40.92,3273.8,1,1
130328.9,21.82,6,87.7,30.0,5.692,5.422,150.0,953.4,100.0,150.0,2.277,143.01,450.0,300.0,6,raft,5.15,1660.17,18.17,1453.4,1,2
1553493.6,12.23,8,210.4,25.0,13.001,12.001,580.0,4974.8,104.0,150.0,5.201,746.22,1119.3,943.6,4,raft,12.21,22377.09,301.76,24140.6,1,2
1255311.4,8.48,10,189.1,25.0,12.11,11.199,500.0,4315.9,100.0,150.0,4.844,647.38,971.1,750.0,3,raft,11.44,17670.38,227.53,18202.1,1,2
991742.4,20.88,12,130.6,20.0,11.195,10.375,470.0,3688.4,100.0,150.0,4.478,553.26,829.9,610.3,6,raft,12.27,14040.29,183.1,14647.9,1,2
1392796.5,10.53,12,162.3,20.0,12.537,11.583,580.0,4625.5,100.3,150.0,5.015,693.83,1040.7,733.7,3,raft,13.23,20292.67,279.84,22387.2,1,2
713375.5,10.3,10,204.8,25.0,10.031,9.328,350.0,2961.1,100.0,150.0,4.012,444.16,666.2,553.0,3,raft,8.1,9605.93,112.12,8969.9,1,2
1951979.5,10.09,10,167.5,20.0,14.03,12.927,730.0,5792.8,112.2,150.0,5.612,868.91,1303.4,970.1,3,raft,15.72,29565.83,436.88,34950.3,1,2
672276.0,15.46,10,156.4,20.0,9.834,9.151,360.0,2846.2,100.0,150.0,3.934,426.93,640.4,540.3,4,raft,9.06,9169.96,110.39,8831.3,1,2
238782.7,12.64,12,226.9,25.0,6.965,6.568,170.0,1427.5,100.0,150.0,2.786,214.12,450.0,300.0,4,isolated_footings,1.098,2982.46,29.29,2342.8,1,1
534127.0,21.84,8,218.3,30.0,9.108,8.497,250.0,2441.5,100.0,150.0,3.643,366.23,549.3,520.3,6,isolated_footings,2.07,6803.57,68.52,5481.4,1,1
1456200.4,11.04,8,164.7,30.0,12.724,11.752,480.0,4764.9,101.8,150.0,5.09,714.73,1072.1,891.5,3,raft,13.03,19972.78,242.8,19423.7,1,2
960289.5,22.07,12,83.9,25.0,11.075,10.268,420.0,3610.0,100.0,150.0,4.43,541.5,812.2,591.9,6,raft,14.84,13206.57,161.77,12941.8,1,3
1035616.7,23.47,8,179.2,20.0,11.358,10.522,480.0,3796.4,100.0,150.0,4.543,569.45,854.2,764.5,6,raft,10.72,14688.12,192.24,15379.0,1,2
148553.8,15.92,12,128.6,20.0,5.945,5.651,150.0,1040.3,100.0,150.0,2.378,156.04,450.0,300.0,4,raft,4.52,1873.75,19.71,1577.0,1,2
1701986.1,14.89,10,203.7,25.0,13.403,12.363,620.0,5287.0,107.2,150.0,5.361,793.04,1189.6,888.4,4,raft,13.06,24796.41,341.73,27338.7,1,2
763577.8,14.41,8,141.6,25.0,10.261,9.535,360.0,3098.4,100.0,150.0,4.104,464.76,697.1,640.0,4,raft,10.09,10293.79,120.45,9636.2,1,2
193386.9,16.07,10,220.3,30.0,6.492,6.143,150.0,1240.3,100.0,150.0,2.597,186.04,450.0,300.0,5,isolated_footings,1.093,2393.62,23.25,1859.9,1,1
1376777.3,9.9,6,147.0,25.0,12.489,11.54,530.0,4590.0,100.0,150.0,4.995,688.5,1032.7,1018.0,3,raft,13.64,19532.83,255.57,20445.8,1,2
1137772.1,13.85,8,113.8,30.0,11.719,10.848,410.0,4042.1,100.0,150.0,4.688,606.31,909.5,780.3,4,raft,13.72,15303.79,177.81,14224.6,1,2
832704.8,8.64,6,103.3,25.0,10.561,9.805,380.0,3282.7,100.0,150.0,4.225,492.4,738.6,774.1,3,raft,12.38,11296.33,134.13,10730.7,1,2
1617733.4,16.31,8,183.1,30.0,13.178,12.16,520.0,5111.0,105.4,150.0,5.271,766.65,1150.0,945.5,5,raft,13.11,22469.06,280.87,22469.3,1,2
322572.9,22.9,10,107.6,30.0,7.699,7.229,180.0,1744.4,100.0,150.0,3.08,261.66,450.0,356.3,6,raft,7.2,3988.44,37.12,2969.5,1,2
1491672.8,12.79,10,166.2,30.0,12.827,11.844,490.0,4841.9,102.6,150.0,5.131,726.29,1089.4,808.4,4,raft,13.15,20530.64,251.54,20123.5,1,2
1088062.7,19.34,10,160.7,20.0,11.546,10.692,500.0,3923.5,100.0,150.0,4.618,588.52,882.8,703.4,5,raft,11.64,15542.72,206.37,16509.6,1,2
768297.7,18.78,12,179.2,30.0,10.282,9.554,320.0,3111.2,100.0,150.0,4.113,466.67,700.0,516.4,5,raft,8.86,10052.73,109.01,8720.5,1,2
1750593.3,18.07,12,125.1,30.0,13.53,12.477,540.0,5387.1,108.2,150.0,5.412,808.07,1212.1,804.4,5,raft,16.52,24393.8,307.04,24562.8,1,2
1576662.8,20.42,8,202.6,30.0,13.066,12.059,510.0,5024.1,104.5,150.0,5.226,753.62,1130.4,932.0,6,raft,12.28,21831.51,271.07,21685.8,1,2
986875.1,16.39,12,105.1,30.0,11.177,10.359,370.0,3676.3,100.0,150.0,4.471,551.44,827.2,589.4,5,raft,13.21,13095.45,147.17,11773.2,1,2
522283.3,17.16,6,112.4,25.0,9.04,8.436,280.0,2405.3,100.0,150.0,3.616,360.8,541.2,602.3,5,raft,9.23,6837.49,74.4,5952.0,1,2
661700.3,10.42,8,149.8,30.0,9.782,9.104,290.0,2816.3,100.0,150.0,3.913,422.44,633.7,583.8,3,raft,8.95,8565.64,90.26,7220.8,1,2
1845015.9,21.97,6,200.0,30.0,13.769,12.692,560.0,5579.2,110.1,150.0,5.507,836.87,1255.3,1171.1,6,raft,13.46,25849.71,329.15,26332.2,1,2
454316.3,13.2,12,169.3,25.0,8.63,8.067,260.0,2191.8,100.0,150.0,3.452,328.78,493.2,396.1,4,raft,6.99,5913.33,63.39,5071.5,1,2
1915536.7,15.35,10,172.9,30.0,13.942,12.848,580.0,5720.4,111.5,150.0,5.577,858.07,1287.1,927.3,4,raft,14.79,27015.73,348.82,27905.3,1,2
1555380.1,19.53,10,183.7,20.0,13.007,12.006,630.0,4978.8,104.1,150.0,5.203,746.82,1120.2,855.6,5,raft,13.24,22999.37,325.93,26074.2,1,2
1916807.9,12.46,10,118.2,25.0,13.945,12.85,670.0,5723.0,111.6,150.0,5.578,858.44,1287.7,948.6,4,raft,18.3,28269.0,398.46,31876.9,1,3
1553789.8,19.28,12,133.9,25.0,13.002,12.002,580.0,4975.4,104.0,150.0,5.201,746.31,1119.5,770.5,5,raft,15.3,22380.92,301.8,24143.8,1,2
1142950.8,22.95,10,128.9,30.0,11.737,10.863,410.0,4054.3,100.0,150.0,4.695,608.15,912.2,699.4,6,raft,12.92,15367.16,178.36,14268.9,1,2
1369413.4,14.08,12,219.1,20.0,12.466,11.52,580.0,4573.6,100.0,150.0,4.986,686.04,1029.1,728.2,4,raft,11.3,19988.34,276.61,22128.8,1,2
616382.7,12.6,6,138.9,25.0,9.554,8.898,310.0,2686.2,100.0,150.0,3.821,402.93,604.4,657.7,4,isolated_footings,3.281,8154.29,91.12,7289.7,1,1
1329145.5,19.96,8,114.4,30.0,12.343,11.409,450.0,4483.5,100.0,150.0,4.937,672.52,1008.8,847.8,5,raft,14.87,18064.26,215.05,17203.7,1,2
578708.8,16.99,10,103.3,30.0,9.355,8.719,260.0,2575.6,100.0,150.0,3.742,386.34,579.5,485.0,5,raft,10.01,7388.62,74.89,5991.1,1,2
1494737.4,11.83,6,193.9,30.0,12.835,11.852,490.0,4848.6,102.7,150.0,5.134,727.28,1090.9,1044.6,3,isolated_footings,4.41,20568.91,251.9,20152.2,1,1
490059.7,11.73,6,150.3,30.0,8.851,8.266,240.0,2305.3,100.0,150.0,3.54,345.8,518.7,574.8,3,isolated_footings,2.757,6228.66,62.35,4988.4,1,1
971187.6,18.9,8,80.9,30.0,11.117,10.305,370.0,3637.2,100.0,150.0,4.447,545.58,818.4,716.6,5,raft,14.95,12905.27,145.56,11644.4,1,3
1956925.9,10.53,12,161.2,20.0,14.042,12.937,730.0,5802.5,112.3,150.0,5.617,870.38,1305.6,886.6,3,raft,16.05,29632.17,437.64,35011.2,1,2
1524026.6,12.6,10,189.8,20.0,12.919,11.927,620.0,4911.7,103.3,150.0,5.167,736.75,1105.1,845.7,4,raft,12.88,22468.06,316.67,25333.3,1,2
1321982.5,11.72,6,235.2,20.0,12.321,11.389,560.0,4467.4,100.0,150.0,4.928,670.11,1005.2,1008.1,3,isolated_footings,3.864,19156.21,261.46,20917.1,1,1
864875.7,21.4,6,249.5,25.0,10.696,9.926,390.0,3366.7,100.0,150.0,4.278,505.01,757.5,790.3,6,isolated_footings,2.941,11772.83,140.9,11271.8,1,1
1586523.2,10.98,10,229.0,20.0,13.093,12.084,640.0,5045.1,104.7,150.0,5.237,756.76,1135.1,865.4,3,raft,12.0,23530.45,335.26,26820.7,1,2
631864.8,17.64,10,128.4,30.0,9.633,8.97,280.0,2731.0,100.0,150.0,3.853,409.65,614.5,509.2,5,raft,9.43,8144.53,84.82,6785.3,1,2
1109435.9,15.9,8,224.7,25.0,11.621,10.759,460.0,3974.7,100.0,150.0,4.649,596.2,894.3,783.6,4,raft,9.81,15434.08,193.85,15508.2,1,2
582032.3,20.94,10,107.6,25.0,9.373,8.736,300.0,2585.4,100.0,150.0,3.749,387.82,581.7,494.3,6,raft,9.99,7676.16,85.12,6809.6,1,2
1314156.4,19.5,6,205.2,25.0,12.296,11.367,520.0,4449.7,100.0,150.0,4.918,667.46,1001.2,994.1,5,isolated_footings,4.079,18627.49,243.31,19464.6,1,1
1157173.4,20.12,8,183.9,30.0,11.786,10.907,410.0,4087.9,100.0,150.0,4.714,613.19,919.8,786.4,6,raft,10.88,15541.08,179.88,14390.4,1,2
1799233.4,21.23,10,94.7,30.0,13.654,12.588,550.0,5486.5,109.2,150.0,5.461,822.97,1234.5,894.5,6,raft,19.28,25138.05,318.2,25456.0,1,3
236001.0,23.71,12,135.0,20.0,6.937,6.544,180.0,1416.4,100.0,150.0,2.775,212.46,450.0,300.0,6,raft,5.56,2984.21,30.43,2434.4,1,2
63318.7,14.14,12,208.1,25.0,4.474,4.327,150.0,589.2,100.0,150.0,1.79,88.38,450.0,300.0,4,isolated_footings,0.614,857.01,11.63,930.7,1,1
638794.4,19.57,6,124.5,25.0,9.668,9.001,320.0,2750.9,100.0,150.0,3.867,412.64,619.0,671.2,5,raft,9.77,8491.0,96.03,7682.2,1,2
1400898.8,8.99,6,159.1,20.0,12.561,11.605,590.0,4643.4,100.5,150.0,5.024,696.52,1044.8,1043.1,3,raft,13.44,20509.73,285.42,22834.0,1,2
840562.4,16.04,10,197.3,30.0,10.594,9.835,340.0,3303.3,100.0,150.0,4.238,495.5,743.2,593.8,5,raft,8.87,11075.7,122.3,9784.4,1,2
1836454.3,12.72,8,117.3,20.0,13.747,12.673,700.0,5561.9,110.0,150.0,5.499,834.28,1251.4,1048.2,4,raft,18.16,27611.57,402.9,32232.1,1,3
982454.7,15.28,10,150.7,30.0,11.16,10.344,370.0,3665.3,100.0,150.0,4.464,549.8,824.7,644.3,4,raft,11.01,13041.88,146.71,11737.0,1,2
1829953.9,20.12,8,209.5,30.0,13.731,12.658,560.0,5548.8,109.8,150.0,5.492,832.31,1248.5,1010.4,6,raft,13.1,25659.05,327.29,26183.1,1,2
1521742.1,21.97,6,169.3,30.0,12.912,11.921,500.0,4906.8,103.3,150.0,5.165,736.02,1104.0,1056.1,6,raft,13.19,21023.81,259.77,20781.6,1,2
1422343.9,9.25,6,90.5,30.0,12.625,11.662,470.0,4690.7,101.0,150.0,5.05,703.61,1055.4,1015.5,3,raft,17.34,19437.99,234.35,18748.3,1,3
1810631.9,11.23,8,108.0,30.0,13.683,12.614,560.0,5509.6,109.5,150.0,5.473,826.44,1239.7,1005.6,3,raft,18.16,25414.3,324.89,25991.2,1,3
911589.1,18.88,12,95.5,30.0,10.885,10.096,350.0,3486.9,100.0,150.0,4.354,523.03,784.5,564.5,5,raft,13.28,12013.47,132.67,10613.3,1,2
918691.2,8.89,8,167.3,25.0,10.913,10.122,410.0,3504.9,100.0,150.0,4.365,525.74,788.6,708.2,3,raft,10.27,12604.16,153.58,12286.3,1,2
1149626.8,16.94,10,203.0,25.0,11.76,10.884,470.0,4070.1,100.0,150.0,4.704,610.52,915.8,714.4,5,raft,10.52,16035.36,202.54,16202.9,1,2
546191.6,8.05,8,178.3,20.0,9.176,8.559,310.0,2478.2,100.0,150.0,3.671,371.73,557.6,539.0,3,isolated_footings,2.373,7302.51,83.87,6709.4,1,1
876209.9,19.21,6,238.9,20.0,10.742,9.968,430.0,3396.1,100.0,150.0,4.297,509.41,764.1,805.8,5,isolated_footings,3.065,12238.96,155.21,12416.8,1,1
1972967.6,15.55,10,149.5,20.0,14.08,12.972,730.0,5834.2,112.6,150.0,5.632,875.13,1312.7,974.7,4,raft,16.72,29847.2,440.1,35208.3,1,2
1543364.0,23.65,12,143.7,25.0,12.973,11.976,580.0,4953.1,103.8,150.0,5.189,742.97,1114.5,768.2,6,raft,14.73,22246.21,300.4,24031.8,1,2
924647.4,22.67,12,143.9,30.0,10.937,10.143,360.0,3520.1,100.0,150.0,4.375,528.01,792.0,570.2,6,raft,10.92,12255.37,137.35,10988.0,1,2
1930081.5,21.99,8,191.1,25.0,13.977,12.879,670.0,5749.4,111.8,150.0,5.591,862.4,1293.6,1063.8,6,raft,14.44,28443.45,400.36,32028.9,1,2
281334.7,23.89,12,169.9,30.0,7.356,6.92,160.0,1592.4,100.0,150.0,2.942,238.86,450.0,305.1,6,raft,5.32,3435.58,30.96,2477.1,1,2
1958512.5,21.36,6,246.3,25.0,14.045,12.941,670.0,5805.7,112.4,150.0,5.618,870.85,1306.3,1236.4,6,isolated_footings,4.631,28816.79,404.42,32353.4,1,1
1363324.7,16.71,12,220.0,20.0,12.448,11.503,580.0,4560.0,100.0,150.0,4.979,684.01,1026.0,726.7,5,raft,11.26,19909.16,275.77,22061.7,1,2
948219.3,10.48,8,239.4,30.0,11.029,10.226,360.0,3579.7,100.0,150.0,4.411,536.95,805.4,706.4,3,isolated_footings,2.684,12540.51,139.74,11179.6,1,1
1542705.4,8.52,12,184.5,20.0,12.971,11.974,620.0,4951.7,103.8,150.0,5.189,742.76,1114.1,776.2,3,raft,13.13,22713.43,319.34,25547.0,1,2
519299.3,9.08,6,155.9,30.0,9.023,8.421,240.0,2396.1,100.0,150.0,3.609,359.42,539.1,590.4,3,isolated_footings,2.78,6571.48,64.9,5191.9,1,1
1421408.2,8.78,6,148.4,20.0,12.622,11.66,590.0,4688.7,101.0,150.0,5.049,703.3,1054.9,1049.9,3,raft,14.0,20777.73,288.3,23064.0,1,2
1102531.6,20.07,6,103.8,25.0,11.597,10.737,460.0,3958.2,100.0,150.0,4.639,593.73,890.6,902.3,6,raft,14.39,15347.45,193.03,15442.2,1,2
506615.0,22.66,10,178.2,30.0,8.949,8.354,240.0,2357.0,100.0,150.0,3.58,353.55,530.3,452.2,6,raft,7.11,6422.89,63.8,5104.0,1,2
1645845.9,11.79,8,247.6,30.0,13.254,12.229,520.0,5170.1,106.0,150.0,5.302,775.51,1163.3,952.9,3,raft,11.36,22822.33,284.24,22739.5,1,2
481033.3,12.81,6,174.6,30.0,8.796,8.216,230.0,2276.9,100.0,150.0,3.518,341.54,512.3,567.4,4,isolated_footings,2.524,6067.91,59.37,4749.8,1,1
1765442.1,22.59,12,174.5,20.0,13.568,12.511,680.0,5417.6,108.5,150.0,5.427,812.64,1219.0,836.9,6,raft,14.56,26402.59,381.71,30536.6,1,2
1945966.0,23.07,12,213.6,25.0,14.015,12.914,670.0,5780.9,112.1,150.0,5.606,867.13,1300.7,871.8,6,raft,13.71,28652.09,402.63,32210.4,1,2
1407801.4,14.53,10,144.0,30.0,12.582,11.623,470.0,4658.7,100.7,150.0,5.033,698.8,1048.2,782.9,4,raft,13.69,19257.24,232.68,18614.8,1,2
973361.7,21.59,10,225.8,20.0,11.125,10.313,460.0,3642.7,100.0,150.0,4.45,546.4,819.6,660.8,6,raft,9.23,13719.05,177.28,14182.0,1,2
1621263.5,22.64,12,244.5,30.0,13.188,12.169,520.0,5118.4,105.5,150.0,5.275,767.77,1151.6,772.8,6,raft,11.36,22513.45,281.29,22503.2,1,2
1083484.0,14.21,10,114.6,30.0,11.53,10.677,400.0,3912.5,100.0,150.0,4.612,586.87,880.3,680.4,4,raft,13.33,14544.42,168.19,13455.1,1,2
204187.3,15.2,10,95.7,30.0,6.61,6.249,150.0,1286.0,100.0,150.0,2.644,192.91,450.0,300.0,4,raft,6.07,2517.89,24.05,1924.4,1,2
1667342.3,8.82,12,194.5,30.0,13.312,12.28,530.0,5215.0,106.5,150.0,5.325,782.25,1173.4,784.8,3,raft,12.93,23217.44,291.83,23346.1,1,2
127117.7,9.16,8,161.5,25.0,5.644,5.38,150.0,937.6,100.0,150.0,2.258,140.65,450.0,300.0,3,isolated_footings,1.175,1622.37,17.89,1431.1,1,1
641216.6,22.54,8,239.3,30.0,9.68,9.012,280.0,2757.9,100.0,150.0,3.872,413.68,620.5,573.1,6,isolated_footings,2.178,8255.43,85.68,6854.2,1,1
278766.6,23.99,12,235.5,30.0,7.333,6.9,160.0,1582.7,100.0,150.0,2.933,237.4,450.0,304.2,6,isolated_footings,1.152,3406.27,30.78,2462.7,1,1
1228583.0,11.27,8,173.9,25.0,12.023,11.121,500.0,4254.4,100.0,150.0,4.809,638.16,957.2,830.4,3,raft,11.82,17331.88,224.21,17936.5,1,2
792290.4,16.54,10,132.4,25.0,10.388,9.649,370.0,3175.6,100.0,150.0,4.155,476.34,714.5,584.2,5,raft,10.65,10721.57,126.59,10127.2,1,2
1049992.3,15.96,6,216.5,30.0,11.41,10.569,390.0,3831.4,100.0,150.0,4.564,574.71,862.1,863.1,4,isolated_footings,3.449,14042.74,160.93,12874.1,1,1
965506.3,21.44,8,143.0,25.0,11.095,10.286,420.0,3623.0,100.0,150.0,4.438,543.45,815.2,726.7,6,raft,11.4,13271.45,162.37,12989.9,1,2
139145.1,21.83,8,82.8,30.0,5.817,5.535,150.0,995.9,100.0,150.0,2.327,149.38,450.0,300.0,6,raft,5.46,1763.68,18.92,1513.9,1,2
1872778.6,17.27,12,130.2,20.0,13.837,12.754,710.0,5635.0,110.7,150.0,5.535,845.25,1267.9,865.4,5,raft,17.43,28231.0,413.78,33102.7,1,2
693237.3,14.08,8,164.9,30.0,9.935,9.242,300.0,2905.1,100.0,150.0,3.974,435.76,653.6,598.8,4,raft,8.75,9010.19,95.99,7679.2,1,2
1889755.9,13.4,12,244.3,30.0,13.879,12.791,570.0,5669.0,111.0,150.0,5.552,850.35,1275.5,839.2,4,raft,12.34,26551.56,340.11,27208.9,1,2
1492208.5,15.37,10,108.8,30.0,12.828,11.845,490.0,4843.1,102.6,150.0,5.131,726.46,1089.7,808.5,4,raft,16.26,20537.33,251.61,20128.6,1,2
1115765.3,10.94,6,169.1,20.0,11.643,10.779,500.0,3989.8,100.0,150.0,4.657,598.47,897.7,918.3,3,raft,11.48,15896.77,209.94,16795.2,1,2
1893116.8,18.69,6,150.1,30.0,13.887,12.798,570.0,5675.7,111.1,150.0,5.555,851.36,1277.0,1187.8,5,raft,15.75,26594.18,340.53,27242.4,1,2
501295.1,19.31,6,117.2,25.0,8.918,8.326,280.0,2340.4,100.0,150.0,3.567,351.07,526.6,591.1,5,raft,8.87,6585.37,72.33,5786.5,1,2
777741.4,17.89,12,192.1,20.0,10.324,9.591,400.0,3136.6,100.0,150.0,4.129,470.49,705.7,534.5,5,raft,8.86,10768.63,134.03,10722.6,1,2
62894.1,16.83,6,82.8,30.0,4.464,4.318,150.0,586.6,100.0,150.0,1.786,87.98,450.0,300.0,5,raft,3.79,851.79,11.59,926.9,1,2
585744.4,23.64,6,165.4,30.0,9.393,8.753,260.0,2596.4,100.0,150.0,3.757,389.46,584.2,629.6,6,isolated_footings,2.878,7471.49,75.52,6041.2,1,1
1364364.3,20.9,8,98.2,20.0,12.451,11.506,580.0,4562.4,100.0,150.0,4.98,684.35,1026.5,890.3,6,raft,16.86,19922.68,275.91,22073.1,1,3
1072551.5,11.86,10,218.6,25.0,11.491,10.642,450.0,3886.1,100.0,150.0,4.596,582.92,874.4,688.2,3,raft,9.76,14877.48,185.69,14855.3,1,2
1600125.8,9.26,12,158.0,20.0,13.13,12.117,640.0,5073.9,105.0,150.0,5.252,761.08,1141.6,793.0,3,raft,14.5,23709.97,337.24,26978.9,1,2
1980954.4,11.61,6,191.1,30.0,14.099,12.989,590.0,5849.9,112.8,150.0,5.64,877.49,1316.2,1218.5,3,raft,14.32,27987.12,362.65,29011.6,1,2
1531192.4,9.5,12,144.1,25.0,12.939,11.945,570.0,4927.1,103.5,150.0,5.176,739.06,1108.6,763.4,3,raft,14.61,21970.52,294.02,23522.0,1,2
159424.1,8.15,8,94.1,25.0,6.087,5.778,150.0,1090.4,100.0,150.0,2.435,163.57,450.0,300.0,3,raft,5.46,2000.46,20.6,1648.1,1,2
1307569.1,13.3,6,232.1,20.0,12.276,11.348,560.0,4434.8,100.0,150.0,4.91,665.23,997.8,1003.2,4,isolated_footings,3.871,18969.76,259.52,20761.3,1,1
498044.7,22.42,12,126.1,20.0,8.898,8.309,300.0,2330.3,100.0,150.0,3.559,349.55,524.3,420.3,6,raft,8.6,6658.21,76.49,6118.9,1,2
1384636.0,12.49,6,110.5,25.0,12.512,11.561,540.0,4607.4,100.1,150.0,5.005,691.12,1036.7,1023.4,4,raft,15.82,19743.68,261.0,20880.2,1,2
80533.3,11.31,8,207.9,30.0,4.848,4.663,150.0,691.6,100.0,150.0,1.939,103.75,450.0,300.0,3,isolated_footings,0.84,1066.9,13.49,1078.8,1,1
1650759.7,22.86,10,107.6,20.0,13.267,12.241,650.0,5180.3,106.1,150.0,5.307,777.05,1165.6,883.1,6,raft,17.86,24501.54,349.53,27962.6,1,3
1155057.0,21.59,10,145.3,30.0,11.779,10.901,410.0,4082.9,100.0,150.0,4.711,612.44,918.7,702.8,6,raft,12.23,15515.21,179.65,14372.4,1,2
322903.7,23.82,6,165.1,25.0,7.702,7.231,210.0,1745.6,100.0,150.0,3.081,261.84,450.0,467.4,6,isolated_footings,2.138,4118.03,42.17,3374.0,1,1
154708.0,14.99,6,137.9,30.0,6.026,5.724,150.0,1068.8,100.0,150.0,2.411,160.33,450.0,321.3,4,isolated_footings,1.608,1945.55,20.22,1617.4,1,1
1911973.9,14.35,10,85.0,25.0,13.933,12.84,660.0,5713.3,111.5,150.0,5.573,857.0,1285.5,945.2,4,raft,21.5,28068.22,392.28,31382.3,1,3
1577918.9,15.21,8,140.5,25.0,13.069,12.062,590.0,5026.8,104.6,150.0,5.228,754.02,1131.0,952.7,4,raft,15.08,22813.15,309.86,24788.6,1,2
892103.5,18.88,12,94.6,30.0,10.807,10.026,350.0,3437.0,100.0,150.0,4.323,515.55,773.3,559.0,5,raft,13.21,11778.4,130.71,10456.9,1,2
625990.0,11.94,6,93.9,20.0,9.603,8.943,340.0,2714.0,100.0,150.0,3.841,407.1,610.7,670.2,3,raft,11.23,8465.94,99.92,7993.4,1,2
791000.0,20.54,8,205.7,25.0,10.382,9.644,370.0,3172.1,100.0,150.0,4.153,475.82,713.7,652.7,6,isolated_footings,2.675,10705.7,126.45,10115.9,1,1
753365.4,9.46,10,155.6,25.0,10.215,9.493,360.0,3070.7,100.0,150.0,4.086,460.61,690.9,568.9,3,raft,9.57,10168.55,119.35,9547.7,1,2
249351.3,9.4,12,156.3,30.0,7.066,6.659,150.0,1469.3,100.0,150.0,2.826,220.39,450.0,300.0,3,raft,5.21,3034.3,27.28,2182.1,1,2
1049259.7,9.65,6,140.2,20.0,11.407,10.567,480.0,3829.6,100.0,150.0,4.563,574.45,861.7,887.9,3,raft,12.19,14861.64,193.96,15517.0,1,2
1214002.9,20.55,12,82.1,25.0,11.976,11.078,490.0,4220.7,100.0,150.0,4.79,633.1,949.7,672.4,6,raft,17.05,17045.62,218.33,17466.5,1,3
806209.1,9.36,8,177.2,20.0,10.448,9.703,410.0,3212.7,100.0,150.0,4.179,481.9,722.9,667.6,3,raft,9.41,11201.2,140.46,11236.5,1,2
1386366.2,10.71,10,131.2,25.0,12.517,11.566,540.0,4611.3,100.1,150.0,5.007,691.69,1037.5,793.2,3,raft,14.53,19765.86,261.23,20898.2,1,2
334572.9,10.68,10,151.6,25.0,7.793,7.314,210.0,1787.4,100.0,150.0,3.117,268.11,450.0,368.0,3,raft,6.27,4255.26,43.15,3451.6,1,2
1576199.9,13.78,8,202.6,25.0,13.065,12.058,580.0,5023.2,104.5,150.0,5.226,753.47,1130.2,949.7,4,raft,12.52,22670.24,304.8,24383.9,1,2
1207922.5,11.13,6,103.0,20.0,11.956,11.06,530.0,4206.6,100.0,150.0,4.782,630.99,946.5,960.0,3,raft,15.37,17372.94,233.75,18700.0,1,2
1900205.8,13.32,12,216.7,25.0,13.905,12.814,660.0,5689.9,111.2,150.0,5.562,853.48,1280.2,860.5,4,raft,13.43,27914.0,390.61,31248.9,1,2
908434.7,14.89,8,131.1,30.0,10.872,10.085,350.0,3478.8,100.0,150.0,4.349,521.82,782.7,690.3,4,raft,11.31,11975.43,132.35,10588.0,1,2
1897193.9,11.21,10,110.2,25.0,13.897,12.807,660.0,5683.9,111.2,150.0,5.559,852.58,1278.9,942.0,3,raft,18.82,27874.52,390.19,31214.8,1,3
1939014.2,12.66,12,244.5,20.0,13.999,12.899,730.0,5767.1,112.0,150.0,5.599,865.06,1297.6,883.0,4,raft,12.98,29391.89,434.88,34790.5,1,2
685478.2,12.48,12,142.1,30.0,9.898,9.208,290.0,2883.4,100.0,150.0,3.959,432.5,648.8,484.5,4,raft,9.34,8848.31,92.48,7398.4,1,2
439610.1,23.96,8,195.9,30.0,8.536,7.982,220.0,2144.3,100.0,150.0,3.414,321.64,482.5,469.1,6,isolated_footings,1.97,5531.45,53.74,4298.8,1,1
102486.4,19.64,8,154.5,25.0,5.253,5.028,150.0,812.2,100.0,150.0,2.101,121.83,450.0,300.0,5,isolated_footings,1.088,1330.53,15.65,1252.0,1,1
1670999.5,9.11,12,194.4,20.0,13.321,12.289,660.0,5222.6,106.6,150.0,5.329,783.39,1175.1,812.6,3,raft,13.39,24894.2,357.5,28599.8,1,2
1285005.3,11.87,8,201.6,25.0,12.205,11.284,510.0,4383.7,100.0,150.0,4.882,657.55,986.3,849.8,3,raft,11.23,18151.09,235.4,18831.9,1,2
194232.0,23.85,12,179.0,30.0,6.501,6.151,150.0,1243.9,100.0,150.0,2.6,186.58,450.0,300.0,6,isolated_footings,1.109,2403.35,23.31,1865.0,1,1
1037894.7,22.73,12,172.4,25.0,11.366,10.529,440.0,3801.9,100.0,150.0,4.546,570.29,855.4,617.0,6,raft,10.8,14351.84,177.91,14233.2,1,2
1418186.9,21.0,6,98.6,20.0,12.612,11.651,590.0,4681.6,100.9,150.0,5.045,702.23,1053.4,1048.8,6,raft,17.16,20735.65,287.85,23028.0,1,3
1332323.2,13.68,6,175.7,30.0,12.353,11.417,450.0,4490.6,100.0,150.0,4.941,673.6,1010.4,980.0,4,raft,12.01,18103.44,215.4,17231.9,1,2
1371070.2,14.39,10,244.2,25.0,12.471,11.524,530.0,4577.3,100.0,150.0,4.988,686.59,1029.9,787.0,4,raft,10.57,19460.18,254.85,20388.0,1,2
256591.9,9.58,8,166.8,30.0,7.134,6.72,150.0,1497.6,100.0,150.0,2.853,224.64,450.0,352.1,3,isolated_footings,1.603,3116.66,27.77,2221.8,1,1
1138087.2,19.0,8,155.8,25.0,11.721,10.848,470.0,4042.8,100.0,150.0,4.688,606.42,909.6,795.1,5,raft,11.95,15890.26,201.14,16091.5,1,2
952973.3,18.87,8,138.6,20.0,11.047,10.242,450.0,3591.6,100.0,150.0,4.419,538.74,808.1,729.5,5,raft,11.62,13374.34,171.28,13702.5,1,2
991403.6,12.73,6,99.7,30.0,11.194,10.374,370.0,3687.5,100.0,150.0,4.477,553.13,829.7,835.3,4,raft,13.59,13150.31,147.63,11810.2,1,2
326266.6,12.99,12,213.3,30.0,7.728,7.255,180.0,1757.7,100.0,150.0,3.091,263.66,450.0,327.0,4,isolated_footings,1.316,4030.95,37.39,2991.2,1,1
991705.7,15.62,12,202.7,25.0,11.195,10.375,430.0,3688.3,100.0,150.0,4.478,553.24,829.9,602.5,4,raft,9.72,13685.48,168.92,13513.6,1,2
671873.5,12.8,6,83.8,25.0,9.832,9.149,330.0,2845.1,100.0,150.0,3.933,426.76,640.1,689.5,4,raft,12.23,8959.99,102.15,8171.6,1,2
1313541.3,18.83,8,238.1,30.0,12.294,11.365,450.0,4448.3,100.0,150.0,4.918,667.25,1000.9,843.3,5,isolated_footings,3.213,17871.78,213.31,17065.1,1,1
525630.2,10.79,8,136.3,25.0,9.06,8.454,280.0,2415.6,100.0,150.0,3.624,362.34,543.5,523.1,3,raft,8.41,6877.64,74.73,5978.1,1,2
1919002.1,11.71,12,187.1,20.0,13.95,12.855,720.0,5727.3,111.6,150.0,5.58,859.1,1288.6,876.9,3,raft,14.73,28985.65,426.29,34102.9,1,2
1298933.8,14.91,6,205.4,20.0,12.249,11.324,560.0,4415.3,100.0,150.0,4.899,662.29,993.4,1000.2,4,isolated_footings,4.103,18857.97,258.35,20667.8,1,1
926671.3,14.87,6,199.8,20.0,10.945,10.15,450.0,3525.2,100.0,150.0,4.378,528.78,793.2,831.8,4,isolated_footings,3.459,13041.9,168.04,13443.1,1,1
592772.4,19.26,6,178.1,30.0,9.43,8.787,270.0,2617.1,100.0,150.0,3.772,392.57,588.9,635.7,5,isolated_footings,2.8,7617.06,78.65,6292.3,1,1
414571.7,13.22,12,99.4,30.0,8.371,7.834,210.0,2062.1,100.0,150.0,3.348,309.31,464.0,371.0,4,raft,8.55,5189.56,49.62,3969.7,1,2
1732141.3,16.44,10,181.5,30.0,13.482,12.434,540.0,5349.2,107.9,150.0,5.393,802.38,1203.6,877.0,5,raft,13.65,24161.14,304.79,24383.0,1,2
815460.8,9.83,10,223.7,30.0,10.488,9.739,330.0,3237.2,100.0,150.0,4.195,485.58,728.4,583.5,3,raft,8.18,10695.08,116.68,9334.0,1,2
386428.7,18.78,10,236.2,30.0,8.177,7.659,200.0,1967.7,100.0,150.0,3.271,295.15,450.0,391.5,5,isolated_footings,1.498,4814.82,45.43,3634.8,1,1
215266.3,10.14,6,120.6,20.0,6.728,6.355,170.0,1332.1,100.0,150.0,2.691,199.82,450.0,379.1,3,isolated_footings,2.03,2709.02,27.43,2194.1,1,1
406936.8,19.09,12,151.1,20.0,8.319,7.787,260.0,2036.7,100.0,150.0,3.328,305.5,458.3,376.6,5,raft,7.04,5345.43,58.77,4701.8,1,2
1170871.8,14.77,12,188.0,30.0,11.832,10.949,420.0,4120.1,100.0,150.0,4.733,618.02,927.0,647.5,4,raft,10.85,15807.41,185.29,14823.6,1,2
1842363.9,22.89,8,174.3,25.0,13.762,12.686,650.0,5573.8,110.1,150.0,5.505,836.07,1254.1,1036.9,6,raft,14.73,27021.01,377.02,30161.5,1,2
613227.8,10.99,12,185.3,25.0,9.537,8.884,310.0,2677.0,100.0,150.0,3.815,401.55,602.3,464.0,3,raft,7.83,8116.14,90.8,7264.0,1,2
1906091.8,15.75,8,218.6,30.0,13.919,12.827,580.0,5701.6,111.4,150.0,5.568,855.24,1282.9,1034.5,4,raft,13.13,26895.6,347.62,27810.0,1,2
1035604.1,15.92,12,150.7,25.0,11.358,10.522,440.0,3796.3,100.0,150.0,4.543,569.45,854.2,616.4,4,raft,11.54,14323.23,177.65,14211.8,1,2
1002964.0,9.32,6,215.3,20.0,11.237,10.413,470.0,3716.1,100.0,150.0,4.495,557.42,836.1,867.4,3,isolated_footings,3.475,14182.84,184.51,14760.8,1,1
619575.3,12.4,10,108.6,25.0,9.57,8.913,320.0,2695.5,100.0,150.0,3.828,404.32,606.5,512.7,4,raft,10.32,8257.62,94.03,7522.8,1,2
1153018.4,20.36,12,173.5,20.0,11.772,10.894,510.0,4078.1,100.0,150.0,4.709,611.72,917.6,661.0,6,raft,11.53,16469.78,218.62,17489.3,1,2
1166792.4,12.29,10,172.1,20.0,11.818,10.936,520.0,4110.5,100.0,150.0,4.727,616.58,924.9,730.1,4,raft,11.67,16744.63,224.34,17947.5,1,2
1532008.1,15.06,8,248.3,20.0,12.941,11.947,620.0,4928.8,103.5,150.0,5.176,739.32,1109.0,947.7,4,raft,11.28,22572.94,317.81,25424.7,1,2
1485178.0,18.46,8,130.6,20.0,12.808,11.827,610.0,4827.9,102.5,150.0,5.123,724.18,1086.3,932.2,5,raft,15.3,21840.99,306.44,24515.4,1,2
926978.1,13.58,6,154.6,20.0,10.946,10.151,450.0,3526.0,100.0,150.0,4.378,528.9,793.3,831.9,4,raft,10.87,13045.78,168.08,13446.0,1,2
1562481.7,11.79,10,226.4,30.0,13.026,12.024,500.0,4994.0,104.2,150.0,5.211,749.09,1123.6,827.9,3,raft,11.54,21533.6,264.58,21166.4,1,2
1283902.7,10.66,8,213.4,20.0,12.201,11.281,550.0,4381.2,100.0,150.0,4.88,657.18,985.8,859.3,3,raft,11.04,18558.02,252.1,20167.9,1,2
1620609.0,17.12,10,181.5,20.0,13.186,12.167,640.0,5117.1,105.5,150.0,5.274,767.56,1151.3,873.7,5,raft,13.6,23980.06,340.21,27216.4,1,2
681124.6,19.26,10,177.4,30.0,9.877,9.189,290.0,2871.1,100.0,150.0,3.951,430.67,646.0,529.2,5,raft,8.33,8796.59,92.08,7366.0,1,2
1971702.2,18.87,6,103.1,25.0,14.077,12.969,680.0,5831.7,112.6,150.0,5.631,874.76,1312.1,1243.1,5,raft,19.9,29129.9,411.9,32951.7,1,3
1841599.0,23.88,8,199.2,20.0,13.76,12.684,700.0,5572.3,110.1,150.0,5.504,835.84,1253.8,1049.5,6,raft,13.95,27680.18,403.68,32294.3,1,2
536870.6,19.38,8,209.5,30.0,9.124,8.511,250.0,2449.9,100.0,150.0,3.65,367.49,551.2,521.5,5,isolated_footings,2.118,6835.83,68.76,5500.8,1,1
815766.5,10.27,10,186.7,25.0,10.489,9.74,380.0,3238.0,100.0,150.0,4.196,485.7,728.6,594.1,3,raft,9.12,11087.61,132.26,10580.8,1,2
931383.9,18.14,6,148.5,30.0,10.963,10.167,360.0,3537.2,100.0,150.0,4.385,530.57,795.9,809.0,5,raft,10.79,12336.9,138.04,11043.0,1,2
592540.1,22.98,10,157.3,25.0,9.429,8.786,310.0,2616.5,100.0,150.0,3.772,392.47,588.7,500.4,6,raft,8.37,7865.69,88.69,7094.9,1,2
688214.1,8.04,6,204.3,25.0,9.911,9.22,340.0,2891.0,100.0,150.0,3.965,433.65,650.5,699.7,3,isolated_footings,2.878,9227.98,106.62,8529.7,1,1
1287939.1,19.16,6,215.3,25.0,12.214,11.293,510.0,4390.3,100.0,150.0,4.886,658.55,987.8,982.3,5,isolated_footings,3.936,18188.31,235.77,18861.2,1,1
474768.4,14.87,8,164.1,25.0,8.758,8.182,270.0,2257.1,100.0,150.0,3.503,338.57,507.9,497.1,4,isolated_footings,2.281,6211.57,67.51,5401.0,1,1
1665270.1,13.4,8,176.2,25.0,13.306,12.275,610.0,5210.6,106.4,150.0,5.322,781.6,1172.4,981.1,4,raft,13.87,24192.54,331.62,26529.8,1,2
1587192.1,22.31,6,87.8,30.0,13.095,12.085,510.0,5046.5,104.8,150.0,5.238,756.97,1135.5,1079.4,6,raft,18.72,21963.58,272.33,21786.3,1,3
1578585.0,15.35,6,238.0,20.0,13.071,12.064,630.0,5028.2,104.6,150.0,5.228,754.23,1131.3,1111.9,4,isolated_footings,4.237,23304.86,329.27,26341.6,1,1
910507.6,8.01,12,114.4,30.0,10.881,10.092,350.0,3484.1,100.0,150.0,4.352,522.62,783.9,564.2,3,raft,12.12,12000.43,132.56,10604.6,1,2
1823344.1,22.11,10,107.0,25.0,13.714,12.643,640.0,5535.4,109.7,150.0,5.486,830.31,1245.5,920.8,6,raft,18.67,26638.95,369.01,29521.0,1,3
232013.0,13.77,6,143.2,30.0,6.898,6.508,150.0,1400.4,100.0,150.0,2.759,210.06,450.0,387.9,4,isolated_footings,1.906,2836.62,26.07,2085.3,1,1
372773.9,14.34,10,203.4,20.0,8.079,7.571,250.0,1921.0,100.0,150.0,3.232,288.15,450.0,394.4,4,isolated_footings,1.626,4887.3,53.63,4290.1,1,1
887000.3,9.46,6,80.2,25.0,10.786,10.007,400.0,3423.9,100.0,150.0,4.314,513.58,770.4,802.1,3,raft,14.55,12127.96,146.65,11731.6,1,3
201980.5,17.5,12,81.6,30.0,6.587,6.228,150.0,1276.8,100.0,150.0,2.635,191.51,450.0,300.0,5,raft,6.54,2492.52,23.89,1911.3,1,2
719969.6,9.93,12,198.0,25.0,10.061,9.355,350.0,2979.3,100.0,150.0,4.025,446.89,670.3,506.9,3,raft,8.28,9686.67,112.83,9026.7,1,2
188115.2,14.13,6,97.5,25.0,6.432,6.089,150.0,1217.6,100.0,150.0,2.573,182.65,450.0,351.8,4,raft,5.79,2332.84,22.85,1827.9,1,2
1767928.5,10.19,8,189.1,30.0,13.574,12.517,550.0,5422.7,108.6,150.0,5.43,813.4,1220.1,992.2,3,raft,13.54,24742.46,314.35,25148.1,1,2
328563.5,16.49,6,183.8,20.0,7.746,7.272,230.0,1766.0,100.0,150.0,3.099,264.89,450.0,475.9,5,isolated_footings,2.064,4269.45,46.04,3683.2,1,1
908193.9,19.56,8,236.4,30.0,10.871,10.084,350.0,3478.2,100.0,150.0,4.349,521.73,782.6,690.2,5,isolated_footings,2.639,11972.53,132.33,10586.1,1,1
1388804.0,21.76,6,232.4,20.0,12.525,11.572,580.0,4616.7,100.2,150.0,5.01,692.5,1038.8,1036.2,6,isolated_footings,3.996,20240.65,279.29,22343.0,1,1
1517269.0,17.43,12,139.8,25.0,12.9,11.91,570.0,4897.2,103.2,150.0,5.16,734.57,1101.9,760.3,5,raft,14.78,21791.12,292.17,23373.9,1,2
663282.2,10.24,10,189.6,20.0,9.79,9.111,360.0,2820.8,100.0,150.0,3.916,423.12,634.7,537.0,3,raft,8.18,9058.72,109.38,8750.3,1,2
1129123.4,17.6,10,212.4,30.0,11.69,10.821,410.0,4021.6,100.0,150.0,4.676,603.24,904.9,695.5,5,raft,10.01,15197.93,176.88,14150.4,1,2
102307.6,21.55,10,114.9,30.0,5.25,5.025,150.0,811.3,100.0,150.0,2.1,121.69,450.0,300.0,6,raft,4.02,1328.4,15.63,1250.6,1,2
1043569.0,19.97,10,189.8,20.0,11.387,10.548,480.0,3815.8,100.0,150.0,4.555,572.37,858.5,686.1,5,raft,10.45,14789.28,193.24,15459.5,1,2
1015031.1,9.8,12,188.5,20.0,11.282,10.454,470.0,3745.9,100.0,150.0,4.513,561.88,842.8,616.7,3,raft,10.32,14335.99,186.02,14881.8,1,2
1080158.7,23.64,10,238.8,20.0,11.518,10.666,490.0,3904.5,100.0,150.0,4.607,585.67,878.5,699.0,6,raft,9.49,15347.79,201.59,16127.6,1,2
804334.6,21.42,12,142.1,30.0,10.44,9.696,330.0,3207.7,100.0,150.0,4.176,481.15,721.7,529.3,6,raft,10.2,10561.36,115.58,9246.3,1,2
386902.1,15.54,6,82.8,20.0,8.18,7.662,250.0,1969.3,100.0,150.0,3.272,295.39,450.0,517.9,4,raft,9.25,5056.8,54.93,4394.4,1,2
76897.2,11.45,6,241.3,25.0,4.774,4.596,150.0,670.7,100.0,150.0,1.909,100.6,450.0,300.0,3,isolated_footings,0.882,1022.83,13.11,1048.6,1,1
1037890.7,18.06,12,152.0,25.0,11.366,10.529,440.0,3801.9,100.0,150.0,4.546,570.29,855.4,617.0,5,raft,11.5,14351.79,177.91,14233.2,1,2
210734.2,16.59,8,127.2,25.0,6.68,6.312,160.0,1313.4,100.0,150.0,2.672,197.01,450.0,323.2,5,isolated_footings,1.685,2624.6,25.8,2063.9,1,1
204092.0,22.73,8,171.2,25.0,6.609,6.248,150.0,1285.6,100.0,150.0,2.644,192.85,450.0,316.4,6,isolated_footings,1.422,2516.79,24.05,1923.8,1,1
1193552.5,20.21,6,132.7,25.0,11.908,11.017,490.0,4173.1,100.0,150.0,4.763,625.97,939.0,943.7,6,raft,13.31,16787.16,215.81,17265.0,1,2
1473418.8,21.54,6,121.6,25.0,12.774,11.797,560.0,4802.3,102.2,150.0,5.11,720.35,1080.5,1058.3,6,raft,15.6,21109.96,281.7,22535.8,1,2
276173.8,17.8,6,132.6,30.0,7.311,6.879,160.0,1572.9,100.0,150.0,2.924,235.93,450.0,423.2,5,isolated_footings,2.161,3376.67,30.6,2448.2,1,1
1333202.1,10.81,6,200.3,30.0,12.355,11.42,450.0,4492.6,100.0,150.0,4.942,673.89,1010.8,980.3,3,isolated_footings,4.071,18114.28,215.49,17239.6,1,1
72133.7,15.94,10,168.9,30.0,4.673,4.506,150.0,642.7,100.0,150.0,1.869,96.4,450.0,300.0,4,isolated_footings,0.793,964.9,12.6,1008.2,1,1
555531.6,13.95,10,204.6,20.0,9.228,8.606,320.0,2506.3,100.0,150.0,3.691,375.95,563.9,487.8,4,raft,7.15,7476.44,87.26,6980.5,1,2
1554289.1,8.47,12,126.2,20.0,13.004,12.003,630.0,4976.5,104.0,150.0,5.201,746.47,1119.7,780.8,3,raft,15.97,22985.0,325.77,26061.6,1,2
562751.8,23.6,6,164.3,30.0,9.268,8.641,260.0,2528.0,100.0,150.0,3.707,379.2,568.8,618.1,6,isolated_footings,2.834,7200.48,73.46,5876.7,1,1
752241.6,15.99,8,142.5,25.0,10.21,9.489,360.0,3067.7,100.0,150.0,4.084,460.15,690.2,635.6,4,raft,9.99,10154.77,119.22,9537.9,1,2
1557991.5,22.31,6,118.8,30.0,13.014,12.013,500.0,4984.4,104.1,150.0,5.206,747.66,1121.5,1067.4,6,raft,15.91,21477.46,264.05,21124.2,1,2
55008.6,21.74,6,121.6,25.0,4.269,4.142,150.0,536.4,100.0,150.0,1.708,80.47,450.0,300.0,6,isolated_footings,1.067,754.37,10.68,854.0,1,1
759754.2,22.72,8,238.3,20.0,10.243,9.519,390.0,3088.0,100.0,150.0,4.097,463.21,694.8,645.4,6,isolated_footings,2.458,10469.42,128.94,10315.1,1,1
1128086.3,22.62,12,118.2,20.0,11.686,10.817,510.0,4019.1,100.0,150.0,4.674,602.87,904.3,654.5,6,raft,13.84,16150.56,215.38,17230.4,1,2
861700.4,19.52,10,220.4,30.0,10.683,9.914,340.0,3358.5,100.0,150.0,4.273,503.77,755.7,600.5,5,raft,8.48,11330.31,124.41,9952.8,1,2
776975.9,16.03,6,110.5,30.0,10.32,9.588,320.0,3134.5,100.0,150.0,4.128,470.18,705.3,734.1,5,raft,11.35,10156.77,109.85,8788.1,1,2
1963757.0,23.27,6,229.1,25.0,14.058,12.952,680.0,5816.0,112.5,150.0,5.623,872.41,1308.6,1240.9,6,isolated_footings,4.82,29025.3,410.75,32860.1,1,1
1558378.6,12.97,6,174.0,20.0,13.015,12.014,630.0,4985.2,104.1,150.0,5.206,747.78,1121.7,1105.6,4,raft,13.62,23038.87,326.36,26108.9,1,2
769392.8,12.67,10,205.7,20.0,10.287,9.558,390.0,3114.1,100.0,150.0,4.115,467.12,700.7,580.6,4,raft,8.49,10589.43,130.06,10404.5,1,2
954657.0,17.47,12,249.6,20.0,11.054,10.248,450.0,3595.8,100.0,150.0,4.421,539.38,809.1,596.1,5,raft,8.67,13395.6,171.49,13719.0,1,2
1478303.5,16.74,8,105.6,25.0,12.788,11.809,560.0,4812.9,102.3,150.0,5.115,721.94,1082.9,917.8,5,raft,16.76,21172.8,282.34,22587.5,1,3
96625.0,16.66,6,241.7,20.0,5.151,4.936,150.0,781.0,100.0,150.0,2.061,117.14,450.0,300.0,5,isolated_footings,0.978,1260.51,15.09,1207.2,1,1
1529911.8,14.02,10,97.7,30.0,12.935,11.942,500.0,4924.3,103.5,150.0,5.174,738.65,1108.0,820.0,4,raft,17.41,21126.11,260.74,20859.1,1,3
1967075.7,14.72,6,245.3,20.0,14.066,12.959,730.0,5822.6,112.5,150.0,5.626,873.39,1310.1,1256.7,4,isolated_footings,4.716,29768.24,439.2,35136.0,1,1
1437722.3,9.49,8,232.5,30.0,12.67,11.703,480.0,4724.5,101.4,150.0,5.068,708.67,1063.0,886.3,3,raft,10.9,19742.48,240.65,19252.1,1,2
855460.8,22.33,12,245.7,20.0,10.657,9.891,420.0,3342.2,100.0,150.0,4.263,501.33,752.0,561.8,6,raft,8.24,11897.39,149.48,11958.3,1,2
1182502.7,16.09,12,92.7,30.0,11.871,10.984,420.0,4147.3,100.0,150.0,4.748,622.1,933.2,650.5,5,raft,15.52,15950.08,186.56,14924.4,1,3
171451.6,18.6,8,120.3,25.0,6.236,5.913,150.0,1144.6,100.0,150.0,2.495,171.69,450.0,300.0,5,isolated_footings,1.564,2140.14,21.56,1724.8,1,1
1709281.7,22.82,12,199.1,30.0,13.422,12.38,540.0,5302.1,107.4,150.0,5.369,795.31,1193.0,795.8,6,raft,12.96,23872.66,301.99,24159.4,1,2
686190.6,15.24,8,92.7,20.0,9.902,9.211,370.0,2885.3,100.0,150.0,3.961,432.8,649.2,611.9,4,raft,11.92,9411.17,114.72,9177.8,1,2
315418.1,20.32,6,106.4,20.0,7.642,7.177,220.0,1718.5,100.0,150.0,3.057,257.78,450.0,464.7,6,isolated_footings,2.648,4071.13,43.2,3455.7,1,1
926655.2,13.02,6,171.1,20.0,10.944,10.15,450.0,3525.2,100.0,150.0,4.378,528.78,793.2,831.8,4,isolated_footings,3.738,13041.69,168.04,13442.9,1,1
931238.3,15.41,6,95.4,30.0,10.962,10.166,360.0,3536.8,100.0,150.0,4.385,530.52,795.8,808.9,4,raft,13.46,12335.14,138.02,11041.8,1,2
643219.2,19.28,6,116.6,25.0,9.69,9.021,320.0,2763.6,100.0,150.0,3.876,414.54,621.8,673.3,5,raft,10.13,8544.67,96.48,7718.6,1,2
339231.4,19.38,10,147.4,20.0,7.829,7.346,230.0,1804.0,100.0,150.0,3.132,270.6,450.0,374.1,5,raft,6.46,4396.63,47.0,3759.7,1,2
1370507.6,12.16,8,85.3,25.0,12.47,11.523,530.0,4576.0,100.0,150.0,4.988,686.41,1029.6,879.8,4,raft,17.87,19453.02,254.78,20382.3,1,3
1716472.5,16.9,8,96.1,20.0,13.441,12.397,670.0,5316.9,107.5,150.0,5.376,797.54,1196.3,1009.7,5,raft,19.32,25623.58,369.28,29542.3,1,3
1617598.7,10.24,6,90.5,20.0,13.178,12.16,640.0,5110.7,105.4,150.0,5.271,766.61,1149.9,1127.0,3,raft,19.25,23940.38,339.77,27181.6,1,3
304894.7,21.18,10,196.7,30.0,7.556,7.1,170.0,1680.1,100.0,150.0,3.022,252.02,450.0,345.2,6,isolated_footings,1.447,3744.28,34.2,2735.7,1,1
213876.9,17.38,6,83.7,20.0,6.713,6.342,170.0,1326.4,100.0,150.0,2.685,198.96,450.0,378.0,5,raft,6.71,2692.82,27.31,2185.1,1,2
435613.2,18.34,8,95.6,25.0,8.51,7.959,250.0,2131.3,100.0,150.0,3.404,319.69,479.5,473.7,5,raft,9.09,5638.41,59.54,4763.2,1,2
288928.9,23.08,6,108.6,30.0,7.421,6.979,170.0,1620.9,100.0,150.0,2.969,243.14,450.0,434.7,6,isolated_footings,2.452,3561.12,33.05,2643.8,1,1
894654.9,19.59,12,85.0,30.0,10.817,10.035,350.0,3443.5,100.0,150.0,4.327,516.53,774.8,559.7,5,raft,13.95,11809.19,130.97,10477.5,1,2
881994.8,13.66,8,126.7,25.0,10.766,9.989,400.0,3411.0,100.0,150.0,4.306,511.65,767.5,692.9,4,raft,11.55,12065.95,146.08,11686.3,1,2
1772676.4,8.55,8,190.0,25.0,13.586,12.528,630.0,5432.4,108.7,150.0,5.434,814.85,1222.3,1014.1,3,raft,13.8,25846.3,356.69,28535.1,1,2
853384.8,16.81,6,94.9,25.0,10.648,9.883,390.0,3336.8,100.0,150.0,4.259,500.52,750.8,785.5,5,raft,13.1,11630.92,139.61,11169.0,1,2
317610.2,11.19,8,187.2,30.0,7.659,7.193,180.0,1726.5,100.0,150.0,3.064,258.97,450.0,395.5,3,isolated_footings,1.699,3931.28,36.75,2940.3,1,1
1599950.2,23.83,10,161.5,25.0,13.13,12.117,590.0,5073.5,105.0,150.0,5.252,761.02,1141.5,857.5,6,raft,14.15,23098.37,312.84,25027.2,1,2
720866.5,17.05,10,146.0,20.0,10.066,9.359,380.0,2981.8,100.0,150.0,4.026,447.26,670.9,561.7,5,raft,9.75,9912.49,121.52,9721.9,1,2
100822.8,17.55,6,232.3,25.0,5.225,5.002,150.0,803.4,100.0,150.0,2.09,120.51,450.0,300.0,5,isolated_footings,1.017,1310.68,15.49,1239.4,1,1
164252.9,23.86,10,210.4,20.0,6.148,5.833,150.0,1112.4,100.0,150.0,2.459,166.85,450.0,300.0,6,isolated_footings,1.037,2056.6,20.99,1679.1,1,1
1949260.7,9.6,8,125.3,30.0,14.023,12.921,580.0,5787.4,112.2,150.0,5.609,868.11,1302.2,1045.0,3,raft,17.51,27444.32,353.06,28244.7,1,2
159021.9,23.94,8,177.9,25.0,6.082,5.774,150.0,1088.6,100.0,150.0,2.433,163.29,450.0,300.0,6,isolated_footings,1.242,1995.78,20.57,1645.5,1,1
741869.0,21.43,8,109.9,30.0,10.162,9.446,310.0,3039.4,100.0,150.0,4.065,455.91,683.9,620.0,6,raft,11.09,9662.44,103.5,8279.7,1,2
670108.5,19.81,10,235.4,20.0,9.824,9.141,360.0,2840.1,100.0,150.0,3.929,426.01,639.0,539.5,5,raft,7.38,9143.16,110.15,8811.8,1,2
1421733.1,13.63,8,175.7,20.0,12.623,11.661,590.0,4689.4,101.0,150.0,5.049,703.4,1055.1,909.3,4,raft,12.87,20781.97,288.35,23067.7,1,2
1681558.8,20.97,12,172.2,20.0,13.349,12.314,660.0,5244.6,106.8,150.0,5.34,786.69,1180.0,814.9,6,raft,14.27,25034.03,359.05,28724.1,1,2
1006351.0,9.44,8,182.3,20.0,11.25,10.425,470.0,3724.5,100.0,150.0,4.5,558.68,838.0,752.3,3,raft,10.45,14225.84,184.93,14794.8,1,2
1076574.6,8.01,8,217.1,25.0,11.505,10.655,450.0,3895.8,100.0,150.0,4.602,584.37,876.6,770.7,3,raft,9.81,14927.83,186.17,14893.4,1,2
1448028.4,22.7,10,90.1,20.0,12.7,11.73,600.0,4747.0,101.6,150.0,5.08,712.05,1068.1,822.2,6,raft,18.17,21239.13,296.58,23726.1,1,3
1193887.9,22.68,6,223.9,25.0,11.909,11.018,490.0,4173.9,100.0,150.0,4.764,626.09,939.1,943.8,6,isolated_footings,3.708,16791.4,215.85,17268.3,1,1
1923089.6,13.98,12,179.6,25.0,13.96,12.864,670.0,5735.5,111.7,150.0,5.584,860.32,1290.5,867.2,4,raft,14.87,28351.57,399.36,31948.8,1,2
638442.0,10.18,8,204.5,25.0,9.666,9.0,320.0,2749.9,100.0,150.0,3.867,412.48,618.7,581.1,3,isolated_footings,2.389,8486.73,95.99,7679.2,1,1
1594092.9,23.37,10,109.6,30.0,13.114,12.102,510.0,5061.1,104.9,150.0,5.246,759.16,1138.7,837.8,6,raft,16.79,22050.1,273.15,21851.9,1,2
1402442.8,22.86,10,118.0,30.0,12.566,11.609,470.0,4646.9,100.5,150.0,5.026,697.03,1045.5,781.6,6,raft,15.1,19190.6,232.07,18565.4,1,2
1638185.8,14.05,10,101.6,30.0,13.234,12.21,520.0,5154.0,105.9,150.0,5.293,773.1,1159.6,850.5,4,raft,17.7,22726.12,283.32,22665.9,1,3
53505.9,19.23,12,224.6,30.0,4.23,4.107,150.0,526.6,100.0,150.0,1.692,78.99,450.0,300.0,5,isolated_footings,0.548,735.7,10.5,839.7,1,1
113146.3,17.64,8,188.7,20.0,5.43,5.187,150.0,867.6,100.0,150.0,2.172,130.14,450.0,300.0,5,isolated_footings,1.03,1457.28,16.64,1331.2,1,1
1876541.2,10.25,6,120.5,25.0,13.847,12.762,660.0,5642.5,110.8,150.0,5.539,846.38,1269.6,1210.1,3,raft,17.91,27603.66,387.25,30980.1,1,2
377380.5,22.17,6,219.7,30.0,8.112,7.601,200.0,1936.8,100.0,150.0,3.245,290.52,450.0,499.9,6,isolated_footings,1.983,4710.01,44.75,3580.0,1,1
1296250.2,22.19,12,81.9,20.0,12.24,11.316,560.0,4409.2,100.0,150.0,4.896,661.38,992.1,706.6,6,raft,17.94,18823.22,257.98,20638.7,1,3
536604.7,9.08,10,213.8,30.0,9.122,8.51,250.0,2449.1,100.0,150.0,3.649,367.36,551.0,466.4,3,isolated_footings,1.875,6832.71,68.74,5498.9,1,1
52498.3,14.17,12,244.7,25.0,4.203,4.083,150.0,520.0,100.0,150.0,1.681,78.0,450.0,300.0,4,isolated_footings,0.52,723.16,10.38,830.0,1,1
1011509.9,14.06,12,97.2,25.0,11.269,10.442,440.0,3737.2,100.0,150.0,4.508,560.58,840.9,609.9,4,raft,14.21,14022.03,174.81,13984.8,1,2
1588023.5,17.25,8,107.7,20.0,13.097,12.087,640.0,5048.2,104.8,150.0,5.239,757.24,1135.9,968.0,5,raft,17.5,23550.25,335.48,26838.2,1,3
1608429.4,8.53,6,134.2,20.0,13.153,12.138,640.0,5091.4,105.2,150.0,5.261,763.71,1145.6,1124.1,3,raft,15.77,23819.49,338.44,27075.4,1,2
194690.8,10.72,12,107.4,20.0,6.506,6.156,160.0,1245.8,100.0,150.0,2.603,186.88,450.0,300.0,3,raft,5.64,2438.56,24.54,1963.5,1,2
1116740.2,22.37,6,137.5,30.0,11.647,10.782,400.0,3992.1,100.0,150.0,4.659,598.82,898.2,890.6,6,raft,12.34,14950.38,171.71,13736.9,1,2
1791791.0,19.27,12,240.2,20.0,13.635,12.571,690.0,5471.3,109.1,150.0,5.454,820.7,1231.1,844.5,5,raft,12.52,26883.82,390.88,31270.2,1,2
1234269.4,14.95,6,97.2,20.0,12.042,11.138,540.0,4267.5,100.0,150.0,4.817,640.13,960.2,972.1,4,raft,16.02,17813.93,241.31,19305.1,1,3
1950076.9,14.55,10,192.3,25.0,14.025,12.923,670.0,5789.0,112.2,150.0,5.61,868.35,1302.5,955.9,4,raft,14.46,28706.06,403.22,32257.2,1,2
513219.2,8.79,12,106.1,25.0,8.988,8.389,280.0,2377.4,100.0,150.0,3.595,356.61,534.9,422.5,3,raft,9.42,6728.69,73.51,5880.8,1,2
57440.4,9.4,12,113.9,20.0,4.331,4.198,150.0,552.1,100.0,150.0,1.733,82.82,450.0,300.0,3,raft,3.11,784.51,10.96,876.9,1,2
453558.3,18.21,6,160.5,20.0,8.625,8.063,280.0,2189.4,100.0,150.0,3.45,328.41,492.6,564.6,5,isolated_footings,2.62,6009.44,67.53,5402.2,1,1
651289.1,14.36,12,232.1,25.0,9.731,9.058,330.0,2786.7,100.0,150.0,3.892,418.0,627.0,480.7,4,raft,7.25,8709.42,99.99,7999.1,1,2
227716.9,16.71,8,143.1,25.0,6.855,6.47,160.0,1383.0,100.0,150.0,2.742,207.45,450.0,335.0,5,isolated_footings,1.646,2820.76,27.09,2167.2,1,1
770333.2,15.13,10,154.8,25.0,10.291,9.562,360.0,3116.6,100.0,150.0,4.116,467.5,701.2,574.7,4,raft,9.69,10376.57,121.18,9694.5,1,2
491172.4,12.3,6,105.7,30.0,8.857,8.272,240.0,2308.8,100.0,150.0,3.543,346.32,519.5,575.4,4,raft,9.09,6241.72,62.45,4996.2,1,2
1351563.5,9.37,10,217.4,25.0,12.412,11.471,530.0,4533.8,100.0,150.0,4.965,680.07,1020.1,782.0,3,raft,11.13,19211.68,252.37,20189.6,1,2
1942875.8,17.44,6,222.9,30.0,14.008,12.907,580.0,5774.7,112.1,150.0,5.603,866.21,1299.3,1204.9,5,isolated_footings,4.744,27363.22,352.26,28180.5,1,1
866332.5,16.57,12,177.4,20.0,10.702,9.931,430.0,3370.5,100.0,150.0,4.281,505.57,758.4,566.9,5,raft,9.78,12114.63,154.01,12321.0,1,2
978711.4,9.26,6,165.4,30.0,11.146,10.331,370.0,3656.0,100.0,150.0,4.458,548.4,822.6,830.4,3,isolated_footings,3.796,12996.5,146.33,11706.3,1,1
1610878.2,18.84,8,100.4,25.0,13.16,12.144,590.0,5096.6,105.3,150.0,5.264,764.48,1146.7,961.6,5,raft,18.0,23239.73,314.31,25145.1,1,3
387114.0,23.75,8,217.4,20.0,8.182,7.663,250.0,1970.0,100.0,150.0,3.273,295.5,450.0,448.7,6,isolated_footings,1.789,5059.33,54.95,4395.9,1,1
133218.0,9.25,12,114.3,30.0,5.733,5.46,150.0,967.4,100.0,150.0,2.293,145.11,450.0,300.0,3,raft,4.56,1694.13,18.42,1473.4,1,2
338362.6,17.52,10,234.8,20.0,7.823,7.34,230.0,1800.9,100.0,150.0,3.129,270.14,450.0,373.7,5,isolated_footings,1.433,4386.28,46.92,3753.5,1,1
219703.5,16.9,10,225.6,30.0,6.774,6.396,150.0,1350.4,100.0,150.0,2.71,202.56,450.0,300.0,5,isolated_footings,1.146,2695.86,25.19,2015.0,1,1
943406.5,21.98,12,99.1,20.0,11.01,10.209,450.0,3567.5,100.0,150.0,4.404,535.13,802.7,592.9,6,raft,13.68,13253.5,170.1,13608.4,1,2
338989.5,17.41,6,237.2,30.0,7.827,7.345,190.0,1803.1,100.0,150.0,3.131,270.47,450.0,473.2,5,isolated_footings,1.806,4220.52,40.04,3203.6,1,1
1570112.2,20.57,10,229.2,25.0,13.048,12.043,580.0,5010.2,104.4,150.0,5.219,751.53,1127.3,848.0,6,raft,11.75,22591.67,303.98,24318.8,1,2
796934.8,15.77,12,86.4,25.0,10.408,9.667,370.0,3188.0,100.0,150.0,4.163,478.2,717.3,534.7,4,raft,13.22,10778.64,127.1,10167.8,1,2
835799.2,17.89,12,86.6,25.0,10.574,9.817,380.0,3290.8,100.0,150.0,4.23,493.62,740.4,548.3,5,raft,13.54,11334.43,134.47,10758.0,1,2
1396501.8,8.79,12,236.5,25.0,12.548,11.593,540.0,4633.7,100.4,150.0,5.019,695.06,1042.6,726.5,3,raft,10.85,19895.76,262.55,21003.8,1,2
89454.1,21.08,10,132.9,25.0,5.021,4.819,150.0,741.8,100.0,150.0,2.008,111.27,450.0,300.0,6,isolated_footings,0.986,1174.5,14.39,1151.0,1,1
1723557.8,18.96,8,102.8,30.0,13.46,12.414,540.0,5331.5,107.7,150.0,5.384,799.73,1199.6,978.3,5,raft,18.1,24052.85,303.74,24299.1,1,3
914065.7,21.21,10,203.9,30.0,10.895,10.105,350.0,3493.2,100.0,150.0,4.358,523.98,786.0,619.2,6,raft,9.1,12043.32,132.91,10633.1,1,2
1308831.9,11.01,8,235.3,25.0,12.28,11.352,520.0,4437.7,100.0,150.0,4.912,665.65,998.5,859.3,3,raft,10.51,18559.75,242.63,19410.7,1,2
1494842.4,20.15,10,219.6,30.0,12.836,11.852,490.0,4848.8,102.7,150.0,5.134,727.32,1091.0,809.2,6,raft,11.45,20570.22,251.92,20153.2,1,2
1593406.3,9.05,12,103.1,30.0,13.112,12.101,510.0,5059.6,104.9,150.0,5.245,758.95,1138.4,764.6,3,raft,17.31,22041.49,273.07,21845.4,1,3
1764698.6,8.46,8,228.8,20.0,13.566,12.509,680.0,5416.0,108.5,150.0,5.426,812.41,1218.6,1024.8,3,raft,12.71,26392.71,381.6,30527.7,1,2
1682104.5,11.99,12,88.6,25.0,13.351,12.316,610.0,5245.7,106.8,150.0,5.34,786.86,1180.3,804.7,3,raft,19.64,24411.29,333.93,26714.7,1,3
1424036.2,12.38,12,165.9,30.0,12.63,11.667,470.0,4694.4,101.0,150.0,5.052,704.16,1056.2,718.4,4,raft,12.82,19459.02,234.55,18763.7,1,2
1849993.5,18.9,8,143.3,30.0,13.781,12.703,560.0,5589.2,110.2,150.0,5.512,838.38,1257.6,1015.4,5,raft,15.91,25912.7,329.77,26381.5,1,2
919901.7,23.37,12,179.8,25.0,10.918,10.126,410.0,3508.0,100.0,150.0,4.367,526.2,789.3,578.6,6,raft,9.92,12619.19,153.72,12297.4,1,2
721285.6,21.4,10,207.3,30.0,10.068,9.361,300.0,2982.9,100.0,150.0,4.027,447.44,671.2,545.4,6,raft,7.95,9344.55,98.65,7891.7,1,2
226264.2,8.44,6,107.7,30.0,6.841,6.457,150.0,1377.1,100.0,150.0,2.736,206.57,450.0,383.4,3,isolated_footings,2.172,2770.93,25.66,2052.6,1,1
1570668.8,11.43,8,190.1,30.0,13.049,12.044,510.0,5011.4,104.4,150.0,5.22,751.71,1127.6,930.4,3,raft,12.66,21756.3,270.36,21628.6,1,2
453125.4,18.43,6,227.0,30.0,8.622,8.06,220.0,2188.0,100.0,150.0,3.449,328.2,492.3,549.4,5,isolated_footings,2.144,5688.89,54.87,4389.7,1,1
67351.1,22.58,8,182.2,20.0,4.567,4.411,150.0,613.9,100.0,150.0,1.827,92.09,450.0,300.0,6,isolated_footings,0.827,906.48,12.08,966.6,1,1
486351.6,17.73,10,201.2,30.0,8.828,8.245,230.0,2293.7,100.0,150.0,3.531,344.05,516.1,441.7,5,isolated_footings,1.831,6130.01,59.83,4786.0,1,1
1303343.6,14.78,12,224.8,25.0,12.262,11.336,520.0,4425.3,100.0,150.0,4.905,663.79,995.7,700.3,4,raft,10.73,18489.91,241.94,19355.1,1,2
541397.5,15.47,12,179.4,20.0,9.149,8.534,310.0,2463.7,100.0,150.0,3.66,369.55,554.3,438.4,4,raft,7.52,7244.09,83.36,6668.9,1,2
1047451.7,18.6,10,175.4,30.0,11.401,10.561,390.0,3825.2,100.0,150.0,4.56,573.79,860.7,667.8,5,raft,10.58,14011.78,160.66,12852.7,1,2
1237647.7,12.78,6,161.9,25.0,12.053,11.148,500.0,4275.3,100.0,150.0,4.821,641.3,961.9,962.1,4,raft,12.29,17446.74,225.33,18026.7,1,2
1977303.9,18.25,10,124.4,30.0,14.09,12.981,590.0,5842.8,112.7,150.0,5.636,876.41,1314.6,943.1,5,raft,17.74,27940.64,362.18,28974.6,1,2
1906766.2,18.42,8,105.5,20.0,13.921,12.828,720.0,5703.0,111.4,150.0,5.568,855.44,1283.2,1070.9,5,raft,19.56,28821.84,424.42,33953.3,1,3
1804389.7,20.89,12,192.3,30.0,13.667,12.6,550.0,5497.0,109.3,150.0,5.467,824.54,1236.8,817.6,6,raft,13.55,25203.16,318.83,25506.5,1,2
322862.5,8.41,12,249.6,25.0,7.701,7.231,210.0,1745.5,100.0,150.0,3.081,261.82,450.0,330.5,3,isolated_footings,1.23,4117.54,42.17,3373.7,1,1
1818477.5,14.47,6,179.1,30.0,13.702,12.632,560.0,5525.5,109.6,150.0,5.481,828.83,1243.2,1163.4,4,raft,14.12,25513.7,325.86,26069.1,1,2
1641228.7,13.49,8,196.7,30.0,13.242,12.218,520.0,5160.4,105.9,150.0,5.297,774.06,1161.1,951.7,4,raft,12.73,22764.34,283.69,22695.2,1,2
1580549.3,22.5,10,166.2,20.0,13.077,12.069,630.0,5032.4,104.6,150.0,5.231,754.86,1132.3,861.8,6,raft,14.02,23330.7,329.55,26364.3,1,2
1689245.5,22.02,8,129.9,25.0,13.37,12.333,610.0,5260.5,107.0,150.0,5.348,789.08,1183.6,987.4,6,raft,16.25,24504.03,334.91,26792.9,1,2
299491.1,12.14,8,241.0,25.0,7.511,7.06,200.0,1660.2,100.0,150.0,3.004,249.03,450.0,388.9,4,isolated_footings,1.473,3801.96,38.59,3087.5,1,1
1326147.6,11.56,8,206.5,25.0,12.334,11.4,520.0,4476.8,100.0,150.0,4.933,671.51,1007.3,864.4,3,raft,11.29,18779.96,244.82,19585.7,1,2
869921.5,22.19,10,124.3,25.0,10.716,9.945,390.0,3379.8,100.0,150.0,4.287,506.97,760.5,613.8,6,raft,11.55,11835.11,141.46,11316.8,1,2
954333.2,9.88,6,227.3,30.0,11.052,10.247,360.0,3595.0,100.0,150.0,4.421,539.25,808.9,818.1,3,isolated_footings,3.19,12614.39,140.36,11229.1,1,1
1181610.6,17.93,12,231.2,30.0,11.868,10.981,420.0,4145.3,100.0,150.0,4.747,621.79,932.7,650.2,5,raft,9.83,15939.14,186.46,14916.7,1,2
283641.1,18.89,10,150.2,20.0,7.376,6.938,210.0,1601.1,100.0,150.0,2.95,240.16,450.0,341.1,5,raft,5.84,3654.17,38.81,3105.2,1,2
317862.3,11.2,12,247.8,25.0,7.661,7.195,200.0,1727.4,100.0,150.0,3.065,259.11,450.0,326.4,3,isolated_footings,1.219,4017.16,40.09,3207.3,1,1
329287.1,21.8,8,212.4,25.0,7.752,7.277,210.0,1768.6,100.0,150.0,3.101,265.28,450.0,408.5,6,isolated_footings,1.647,4193.13,42.71,3416.6,1,1
698627.4,23.79,10,187.9,20.0,9.961,9.265,370.0,2920.1,100.0,150.0,3.984,438.02,657.0,551.8,6,raft,8.44,9565.46,116.14,9291.3,1,2
931503.8,11.35,8,178.0,20.0,10.964,10.167,450.0,3537.5,100.0,150.0,4.385,530.62,795.9,722.0,3,raft,10.15,13103.03,168.64,13490.8,1,2
1004675.3,20.22,6,102.0,25.0,11.243,10.419,430.0,3720.4,100.0,150.0,4.497,558.06,837.1,857.1,6,raft,13.79,13847.14,170.43,13634.2,1,2
1285300.7,14.45,12,145.2,20.0,12.206,11.285,550.0,4384.3,100.0,150.0,4.882,657.65,986.5,702.0,4,raft,13.39,18576.06,252.29,20182.8,1,2
1090876.1,19.69,6,231.6,30.0,11.556,10.701,400.0,3930.2,100.0,150.0,4.622,589.54,884.3,881.1,5,isolated_footings,3.403,14634.73,168.97,13518.0,1,1
421624.6,18.83,8,118.5,25.0,8.418,7.876,250.0,2085.4,100.0,150.0,3.367,312.81,469.2,466.6,5,raft,8.04,5471.8,58.22,4657.4,1,2
658579.9,9.64,10,108.4,20.0,9.767,9.09,360.0,2807.4,100.0,150.0,3.907,421.11,631.7,535.3,3,raft,10.78,9000.51,108.85,8707.8,1,2
631494.4,12.65,10,153.7,30.0,9.631,8.968,280.0,2729.9,100.0,150.0,3.852,409.49,614.2,509.0,4,raft,8.61,8140.14,84.78,6782.5,1,2
1991171.2,13.48,12,141.1,20.0,14.123,13.011,740.0,5870.0,113.0,150.0,5.649,880.51,1320.8,895.5,4,raft,17.32,30232.02,448.53,35882.7,1,2
371522.8,22.51,12,83.3,20.0,8.07,7.563,240.0,1916.7,100.0,150.0,3.228,287.51,450.0,357.8,6,raft,9.01,4826.24,51.67,4133.5,1,2
1467979.2,10.1,6,180.2,20.0,12.758,11.783,600.0,4790.5,102.1,150.0,5.103,718.58,1077.9,1068.0,3,raft,12.93,21500.2,299.39,23951.1,1,2
290165.9,19.38,6,143.8,30.0,7.432,6.989,170.0,1625.5,100.0,150.0,2.973,243.83,450.0,435.5,5,isolated_footings,2.135,3575.33,33.14,2651.0,1,1
548788.9,16.56,6,181.0,20.0,9.191,8.572,320.0,2486.0,100.0,150.0,3.676,372.9,559.4,626.3,5,isolated_footings,2.737,7393.86,86.53,6922.3,1,1
1340841.3,18.46,6,88.2,20.0,12.379,11.441,570.0,4509.8,100.0,150.0,4.952,676.46,1014.7,1017.3,5,raft,17.6,19508.24,268.33,21466.6,1,3
862712.4,14.08,10,160.6,20.0,10.687,9.918,430.0,3361.1,100.0,150.0,4.275,504.16,756.2,619.8,4,raft,10.26,12069.04,153.57,12285.7,1,2
450715.1,18.97,6,131.2,30.0,8.607,8.046,220.0,2180.2,100.0,150.0,3.443,327.04,490.6,548.0,5,isolated_footings,2.813,5660.83,54.67,4373.6,1,1
246910.7,16.32,8,151.2,20.0,7.043,6.638,190.0,1459.7,100.0,150.0,2.817,218.95,450.0,353.8,5,isolated_footings,1.692,3146.75,32.72,2617.4,1,1
1047590.3,17.88,10,99.4,20.0,11.401,10.561,480.0,3825.6,100.0,150.0,4.561,573.84,860.8,687.3,5,raft,14.46,14840.42,193.75,15500.2,1,2
1020591.2,17.74,10,221.4,20.0,11.302,10.472,470.0,3759.6,100.0,150.0,4.521,563.93,845.9,677.2,5,raft,9.55,14406.51,186.72,14937.4,1,2
747947.6,14.56,8,86.7,25.0,10.19,9.471,360.0,3056.0,100.0,150.0,4.076,458.4,687.6,634.0,4,raft,12.77,10102.07,118.76,9500.6,1,2
1825195.4,19.01,12,136.2,20.0,13.719,12.647,700.0,5539.1,109.8,150.0,5.488,830.87,1246.3,853.5,5,raft,16.8,27461.36,401.2,32096.0,1,2
74861.3,9.42,6,222.0,30.0,4.731,4.558,150.0,658.8,100.0,150.0,1.892,98.82,450.0,300.0,3,isolated_footings,0.908,998.1,12.89,1031.4,1,1
1013502.9,23.19,6,203.0,20.0,11.276,10.449,470.0,3742.1,100.0,150.0,4.51,561.32,842.0,871.5,6,isolated_footings,3.596,14316.6,185.83,14866.5,1,1
1814319.8,18.31,12,248.1,25.0,13.692,12.623,640.0,5517.1,109.5,150.0,5.477,827.57,1241.3,838.7,5,raft,12.24,26521.12,367.75,29420.0,1,2
565043.8,8.8,8,228.6,25.0,9.281,8.653,300.0,2534.9,100.0,150.0,3.712,380.23,570.3,545.2,3,isolated_footings,2.12,7471.05,83.41,6672.5,1,1
752418.6,18.83,12,205.6,20.0,10.21,9.489,390.0,3068.1,100.0,150.0,4.084,460.22,690.3,524.7,5,raft,8.41,10378.01,128.09,10246.9,1,2
1709929.5,22.24,6,224.8,30.0,13.424,12.382,540.0,5303.4,107.4,150.0,5.37,795.51,1193.3,1125.6,6,isolated_footings,4.413,23880.84,302.07,24165.8,1,1
1312037.3,13.26,12,242.4,25.0,12.29,11.361,520.0,4444.9,100.0,150.0,4.916,666.74,1000.1,702.4,4,raft,10.37,18600.54,243.04,19443.1,1,2
1763027.3,9.49,10,111.1,25.0,13.562,12.505,630.0,5412.6,108.5,150.0,5.425,811.89,1217.8,904.8,3,raft,18.01,25720.5,355.35,28427.7,1,3
830487.9,15.3,12,197.3,25.0,10.552,9.797,380.0,3276.9,100.0,150.0,4.221,491.53,737.3,546.7,4,raft,8.94,11269.03,133.89,10711.1,1,2
1609803.2,18.38,8,99.2,30.0,13.157,12.141,510.0,5094.3,105.3,150.0,5.263,764.14,1146.2,940.8,5,raft,17.72,22246.98,275.02,22001.2,1,3
1466501.7,23.71,8,97.6,30.0,12.754,11.779,480.0,4787.3,102.0,150.0,5.102,718.09,1077.1,894.3,6,raft,16.98,20101.08,243.99,19519.1,1,3
991216.0,17.1,12,110.8,25.0,11.193,10.374,430.0,3687.1,100.0,150.0,4.477,553.06,829.6,602.4,5,raft,13.15,13679.38,168.86,13509.0,1,2
1569370.4,17.78,8,162.1,25.0,13.046,12.041,580.0,5008.6,104.4,150.0,5.218,751.29,1126.9,947.9,5,raft,13.97,22582.1,303.88,24310.8,1,2
270228.1,14.58,6,90.8,30.0,7.258,6.832,160.0,1550.2,100.0,150.0,2.903,232.53,450.0,419.0,4,raft,7.15,3308.73,30.18,2414.7,1,2
662764.0,19.27,8,246.2,30.0,9.788,9.109,290.0,2819.3,100.0,150.0,3.915,422.89,634.3,584.2,5,isolated_footings,2.189,8578.3,90.36,7228.7,1,1
1752629.9,16.31,6,153.6,30.0,13.535,12.481,540.0,5391.3,108.3,150.0,5.414,808.7,1213.0,1138.2,5,raft,14.92,24419.47,307.28,24582.6,1,2
534725.1,13.53,12,105.3,30.0,9.112,8.501,250.0,2443.4,100.0,150.0,3.645,366.51,549.8,425.0,4,raft,9.52,6810.6,68.57,5485.7,1,2
1789520.7,17.81,6,189.4,20.0,13.629,12.566,690.0,5466.7,109.0,150.0,5.452,820.01,1230.0,1193.6,5,raft,14.09,26853.58,390.54,31242.9,1,2
1035856.8,15.51,12,227.8,20.0,11.359,10.523,480.0,3797.0,100.0,150.0,4.543,569.54,854.3,624.3,4,raft,9.5,14691.17,192.27,15381.4,1,2
1515288.5,13.13,10,244.9,20.0,12.894,11.905,620.0,4892.9,103.2,150.0,5.158,733.93,1100.9,843.5,4,raft,11.31,22353.19,315.41,25233.1,1,2
1038512.2,16.81,12,148.6,20.0,11.368,10.531,480.0,3803.4,100.0,150.0,4.547,570.52,855.8,625.0,5,raft,11.78,14724.96,192.6,15408.3,1,2
203719.7,15.11,12,95.0,25.0,6.605,6.245,150.0,1284.1,100.0,150.0,2.642,192.61,450.0,300.0,4,raft,6.09,2512.51,24.02,1921.6,1,2
921782.8,9.9,12,206.7,20.0,10.925,10.133,440.0,3512.8,100.0,150.0,4.37,526.92,790.4,584.9,3,raft,9.35,12895.66,164.06,13124.6,1,2
250154.5,14.6,6,220.4,30.0,7.073,6.666,150.0,1472.5,100.0,150.0,2.829,220.87,450.0,401.8,4,isolated_footings,1.591,3043.44,27.33,2186.5,1,1
1928183.9,18.2,8,191.3,25.0,13.972,12.875,670.0,5745.6,111.8,150.0,5.589,861.84,1292.8,1063.4,5,raft,14.43,28418.52,400.09,32007.2,1,2
1903192.5,13.81,6,218.8,25.0,13.912,12.821,660.0,5695.8,111.3,150.0,5.565,854.37,1281.6,1217.8,4,isolated_footings,4.839,27953.15,391.04,31282.8,1,1
697346.6,20.28,12,201.8,25.0,9.955,9.259,340.0,2916.5,100.0,150.0,3.982,437.48,656.2,497.7,6,raft,8.05,9339.43,107.59,8607.2,1,2
1446031.3,9.82,8,80.4,25.0,12.694,11.725,550.0,4742.6,101.6,150.0,5.078,711.4,1067.1,906.3,3,raft,18.97,20643.43,273.51,21880.9,1,3
1668273.6,23.43,10,173.1,25.0,13.314,12.283,610.0,5216.9,106.5,150.0,5.326,782.54,1173.8,878.2,6,raft,14.0,24231.58,332.03,26562.8,1,2
1419087.3,8.73,8,163.7,30.0,12.615,11.654,470.0,4683.5,100.9,150.0,5.046,702.53,1053.8,878.5,3,raft,12.88,19397.52,233.98,18718.4,1,2
1497896.2,14.55,10,183.8,20.0,12.844,11.86,610.0,4855.4,102.8,150.0,5.138,728.31,1092.5,837.0,4,raft,12.95,22007.77,308.25,24660.0,1,2
285454.3,21.64,8,157.7,20.0,7.392,6.952,210.0,1607.9,100.0,150.0,2.957,241.19,450.0,382.4,6,isolated_footings,1.79,3675.67,38.97,3117.9,1,1
1447736.4,9.72,12,87.9,30.0,12.699,11.73,480.0,4746.4,101.6,150.0,5.08,711.96,1067.9,725.9,3,raft,17.79,19867.31,241.81,19345.2,1,3
1683059.2,17.42,12,157.8,30.0,13.353,12.318,530.0,5247.7,106.8,150.0,5.341,787.15,1180.7,788.1,5,raft,14.42,23415.37,293.73,23498.4,1,2
1914571.1,10.15,12,80.7,30.0,13.939,12.846,580.0,5718.5,111.5,150.0,5.576,857.78,1286.7,846.3,3,raft,21.64,27003.45,348.69,27895.6,1,3
144714.6,22.96,12,237.1,20.0,5.894,5.604,150.0,1022.3,100.0,150.0,2.358,153.34,450.0,300.0,6,isolated_footings,0.841,1828.88,19.39,1551.4,1,1
1399044.5,10.78,8,97.6,30.0,12.555,11.6,470.0,4639.3,100.4,150.0,5.022,695.9,1043.9,872.9,3,raft,16.58,19148.33,231.68,18534.2,1,3
1221064.7,22.12,12,151.2,30.0,11.999,11.099,430.0,4237.0,100.0,150.0,4.799,635.55,953.3,662.1,6,raft,12.37,16524.2,194.77,15581.9,1,2
1836025.0,20.2,10,147.6,25.0,13.746,12.672,650.0,5561.0,110.0,150.0,5.498,834.15,1251.2,926.0,6,raft,15.99,26938.01,376.12,30089.9,1,2
1942458.7,15.25,8,103.5,30.0,14.007,12.906,580.0,5773.9,112.1,150.0,5.603,866.09,1299.1,1043.3,4,raft,19.24,27357.92,352.2,28176.3,1,3
1415027.9,19.97,10,223.3,30.0,12.603,11.643,470.0,4674.6,100.8,150.0,5.041,701.19,1051.8,784.8,5,raft,11.02,19347.07,233.51,18681.2,1,2
1728379.7,19.39,8,114.2,30.0,13.472,12.425,540.0,5341.5,107.8,150.0,5.389,801.22,1201.8,979.5,5,raft,17.2,24113.69,304.33,24346.2,1,2
1443049.8,18.99,8,246.8,30.0,12.686,11.717,480.0,4736.1,101.5,150.0,5.074,710.42,1065.6,887.8,5,raft,10.6,19808.9,241.27,19301.6,1,2
1951600.0,10.85,10,200.8,25.0,14.029,12.926,670.0,5792.0,112.2,150.0,5.612,868.8,1303.2,956.2,3,raft,14.16,28726.06,403.43,32274.6,1,2
1146446.4,17.32,12,194.6,30.0,11.749,10.874,410.0,4062.6,100.0,150.0,4.7,609.39,914.1,639.3,5,raft,10.53,15409.92,178.73,14298.8,1,2
607559.6,21.56,6,168.9,20.0,9.508,8.857,340.0,2660.5,100.0,150.0,3.803,399.07,598.6,661.1,6,isolated_footings,2.991,8239.27,97.89,7831.3,1,1
792697.1,8.85,6,114.0,20.0,10.389,9.65,400.0,3176.7,100.0,150.0,4.156,476.5,714.8,762.4,3,raft,11.6,10955.46,135.79,10863.3,1,2
1967888.2,18.93,8,222.7,30.0,14.068,12.961,590.0,5824.2,112.5,150.0,5.627,873.63,1310.4,1052.1,5,raft,13.23,27820.71,360.99,28879.0,1,2
1579496.9,11.26,6,141.0,25.0,13.074,12.066,590.0,5030.2,104.6,150.0,5.229,754.52,1131.8,1100.6,3,raft,15.06,22833.59,310.07,24805.8,1,2
249836.0,21.89,8,206.2,30.0,7.07,6.663,150.0,1471.2,100.0,150.0,2.828,220.68,450.0,347.8,6,isolated_footings,1.424,3039.82,27.31,2184.8,1,1
808329.0,16.17,10,197.8,20.0,10.457,9.712,410.0,3218.3,100.0,150.0,4.183,482.75,724.1,597.8,5,raft,8.92,11227.77,140.71,11256.6,1,2
1856645.4,14.2,10,244.2,20.0,13.797,12.718,710.0,5602.6,110.4,150.0,5.519,840.39,1260.6,944.3,4,raft,12.68,28015.31,411.33,32906.3,1,2
75282.2,12.02,12,221.1,30.0,4.74,4.566,150.0,661.2,100.0,150.0,1.896,99.19,450.0,300.0,4,isolated_footings,0.645,1003.22,12.94,1035.0,1,1
1424026.7,18.36,8,211.9,20.0,12.63,11.667,590.0,4694.4,101.0,150.0,5.052,704.16,1056.2,910.0,5,raft,11.73,20811.92,288.67,23093.3,1,2
623646.6,10.84,6,111.8,20.0,9.591,8.932,340.0,2707.2,100.0,150.0,3.836,406.09,609.1,669.0,3,raft,10.28,8437.14,99.66,7972.8,1,2
1483405.0,9.91,6,152.8,30.0,12.803,11.823,490.0,4824.0,102.4,150.0,5.121,723.6,1085.4,1041.0,3,raft,13.68,20427.35,250.57,20046.0,1,2
565267.2,10.57,10,81.0,25.0,9.282,8.654,300.0,2535.5,100.0,150.0,3.713,380.33,570.5,487.7,3,raft,11.37,7473.75,83.43,6674.3,1,2
1433894.1,10.48,8,237.9,30.0,12.659,11.693,480.0,4716.1,101.3,150.0,5.064,707.41,1061.1,885.2,3,raft,10.77,19694.74,240.21,19216.4,1,2
149168.1,22.92,10,163.4,30.0,5.954,5.658,150.0,1043.2,100.0,150.0,2.381,156.47,450.0,300.0,6,isolated_footings,1.125,1880.92,19.76,1581.0,1,1
1122812.4,9.17,10,169.3,20.0,11.668,10.801,510.0,4006.6,100.0,150.0,4.667,600.99,901.5,715.5,3,raft,11.53,16082.96,214.69,17175.5,1,2
1065182.3,20.58,8,150.7,30.0,11.465,10.618,390.0,3868.3,100.0,150.0,4.586,580.24,870.4,752.4,6,raft,11.5,14227.76,162.52,13001.6,1,2
836663.3,13.59,8,192.8,25.0,10.578,9.82,380.0,3293.1,100.0,150.0,4.231,493.96,740.9,671.9,4,raft,9.08,11345.07,134.57,10765.6,1,2
753555.8,11.5,12,249.4,30.0,10.216,9.494,310.0,3071.2,100.0,150.0,4.086,460.68,691.0,509.9,3,raft,7.42,9802.06,104.61,8369.1,1,2
67167.2,18.7,12,120.9,30.0,4.563,4.407,150.0,612.8,100.0,150.0,1.825,91.92,450.0,300.0,5,raft,3.24,904.23,12.06,965.0,1,2
1246717.1,17.94,6,196.0,25.0,12.082,11.174,500.0,4296.2,100.0,150.0,4.833,644.42,966.6,965.2,5,isolated_footings,4.053,17561.6,226.46,18116.8,1,1
793676.6,20.74,6,145.6,30.0,10.394,9.654,320.0,3179.3,100.0,150.0,4.157,476.89,715.3,741.2,6,isolated_footings,3.611,10356.8,111.47,8917.5,1,1
1461752.4,8.4,10,167.4,30.0,12.74,11.766,480.0,4777.0,101.9,150.0,5.096,716.54,1074.8,798.7,3,raft,12.95,20041.94,243.44,19475.1,1,2
918836.0,8.7,8,134.5,20.0,10.914,10.122,440.0,3505.3,100.0,150.0,4.365,525.8,788.7,715.3,3,raft,11.57,12858.54,163.7,13095.9,1,2
1899013.0,10.68,6,186.6,20.0,13.902,12.811,720.0,5687.5,111.2,150.0,5.561,853.12,1279.7,1234.3,3,raft,14.68,28717.99,423.23,33858.2,1,2
1357153.5,20.38,12,222.1,20.0,12.429,11.486,570.0,4546.3,100.0,150.0,4.972,681.94,1022.9,723.2,6,raft,11.15,19719.69,270.55,21644.2,1,2
1098620.7,19.24,12,189.9,20.0,11.583,10.725,500.0,3948.8,100.0,150.0,4.633,592.32,888.5,644.9,5,raft,10.75,15677.74,207.73,16618.7,1,2
1506437.1,10.46,12,201.9,20.0,12.869,11.882,610.0,4873.8,103.0,150.0,5.148,731.07,1096.6,766.0,3,raft,12.39,22119.71,309.46,24756.8,1,2
220665.8,8.87,10,174.9,30.0,6.784,6.405,150.0,1354.3,100.0,150.0,2.713,203.15,450.0,300.0,3,isolated_footings,1.305,2706.88,25.26,2020.5,1,1
1652157.7,22.58,12,146.0,30.0,13.271,12.244,520.0,5183.3,106.2,150.0,5.308,777.49,1166.2,779.4,6,raft,14.82,22901.59,285.0,22800.0,1,2
838673.6,13.06,12,194.5,30.0,10.587,9.828,330.0,3298.4,100.0,150.0,4.235,494.75,742.1,539.5,4,raft,8.89,10973.71,118.95,9515.8,1,2
61502.9,19.52,6,208.5,30.0,4.431,4.288,150.0,577.9,100.0,150.0,1.772,86.68,450.0,300.0,5,isolated_footings,0.857,834.67,11.43,914.3,1,1
138757.9,21.57,10,237.8,20.0,5.812,5.531,150.0,994.0,100.0,150.0,2.325,149.11,450.0,300.0,6,isolated_footings,0.902,1759.14,18.89,1511.3,1,1
615181.4,18.97,6,127.9,25.0,9.548,8.893,310.0,2682.7,100.0,150.0,3.819,402.4,603.6,657.1,5,raft,9.44,8139.76,91.0,7279.9,1,2
793756.5,21.15,6,160.6,30.0,10.394,9.655,320.0,3179.5,100.0,150.0,4.158,476.93,715.4,741.3,6,isolated_footings,3.439,10357.75,111.48,8918.2,1,1
478738.2,19.95,10,243.2,20.0,8.782,8.204,290.0,2269.7,100.0,150.0,3.513,340.45,510.7,450.2,5,isolated_footings,1.697,6368.19,72.26,5780.9,1,1
631210.2,22.19,10,242.8,20.0,9.63,8.967,350.0,2729.1,100.0,150.0,3.852,409.36,614.0,523.1,6,isolated_footings,1.974,8595.6,103.11,8248.6,1,1
1129372.2,16.88,6,87.1,30.0,11.691,10.821,410.0,4022.2,100.0,150.0,4.676,603.32,905.0,898.0,5,raft,15.63,15200.98,176.91,14152.5,1,3
1213477.0,16.59,6,131.8,30.0,11.974,11.076,430.0,4219.5,100.0,150.0,4.79,632.92,949.4,933.6,5,raft,13.21,16430.91,193.94,15515.5,1,2
1495789.4,19.61,8,150.2,30.0,12.838,11.855,490.0,4850.8,102.7,150.0,5.135,727.62,1091.4,904.9,5,raft,13.86,20582.05,252.03,20162.1,1,2
1710344.8,10.28,8,117.5,25.0,13.425,12.383,620.0,5304.3,107.4,150.0,5.37,795.64,1193.5,995.5,3,raft,17.23,24905.28,342.89,27431.3,1,2
428936.1,10.9,6,224.7,30.0,8.466,7.92,220.0,2109.4,100.0,150.0,3.386,316.41,474.6,535.6,3,isolated_footings,2.1,5406.93,52.83,4226.4,1,1
949467.1,16.79,10,194.2,25.0,11.034,10.23,420.0,3582.8,100.0,150.0,4.413,537.42,806.1,645.1,5,raft,9.71,13071.9,160.52,12841.9,1,2
241494.7,19.61,12,241.8,25.0,6.991,6.592,170.0,1438.3,100.0,150.0,2.796,215.74,450.0,300.0,5,isolated_footings,1.069,3013.9,29.5,2359.6,1,1
300019.5,18.49,6,128.5,20.0,7.515,7.064,210.0,1662.1,100.0,150.0,3.006,249.32,450.0,451.8,5,isolated_footings,2.343,3848.09,40.23,3218.8,1,1
1805231.3,13.08,12,135.8,30.0,13.669,12.602,550.0,5498.7,109.4,150.0,5.468,824.8,1237.2,817.8,4,raft,16.12,25213.79,318.93,25514.8,1,2
646067.2,17.35,10,217.3,25.0,9.705,9.034,320.0,2771.7,100.0,150.0,3.882,415.76,623.6,522.6,5,raft,7.44,8579.2,96.78,7742.0,1,2
378847.0,13.01,8,201.1,30.0,8.123,7.611,200.0,1941.8,100.0,150.0,3.249,291.27,450.0,433.7,4,isolated_footings,1.798,4727.01,44.86,3588.9,1,1
900441.9,21.44,8,195.5,25.0,10.84,10.056,400.0,3458.4,100.0,150.0,4.336,518.76,778.1,699.4,6,raft,9.38,12294.35,148.16,11853.0,1,2
1761877.4,15.41,10,211.7,25.0,13.559,12.503,630.0,5410.3,108.5,150.0,5.423,811.54,1217.3,904.6,4,raft,13.04,25705.5,355.19,28415.0,1,2
1125760.1,10.81,6,223.1,20.0,11.678,10.81,510.0,4013.6,100.0,150.0,4.671,602.04,903.1,924.8,3,isolated_footings,3.64,16120.75,215.08,17206.2,1,1
1788029.2,11.14,6,203.7,20.0,13.625,12.563,690.0,5463.7,109.0,150.0,5.45,819.55,1229.3,1193.1,3,raft,13.58,26833.72,390.31,31224.9,1,2
1706695.2,18.11,12,210.8,20.0,13.416,12.374,670.0,5296.7,107.3,150.0,5.366,794.51,1191.8,822.3,5,raft,13.02,25493.84,367.83,29426.3,1,2
1817292.0,16.83,12,191.2,20.0,13.699,12.629,700.0,5523.1,109.6,150.0,5.48,828.47,1242.7,851.8,5,raft,14.16,27355.87,400.0,32000.3,1,2
763346.3,11.57,10,102.8,30.0,10.26,9.534,310.0,3097.8,100.0,150.0,4.104,464.67,697.0,561.9,3,raft,11.63,9918.93,105.55,8443.8,1,2
1045303.4,14.35,6,192.7,30.0,11.393,10.554,390.0,3820.0,100.0,150.0,4.557,573.0,859.5,861.4,4,isolated_footings,3.648,13985.59,160.43,12834.6,1,1
1384115.2,20.12,8,155.9,20.0,12.511,11.56,580.0,4606.3,100.1,150.0,5.004,690.94,1036.4,896.1,6,raft,13.47,20179.55,278.64,22290.8,1,2
1154396.6,17.05,8,205.1,25.0,11.776,10.899,480.0,4081.4,100.0,150.0,4.711,612.2,918.3,802.7,5,raft,10.52,16193.33,207.03,16562.5,1,2
1881391.8,8.65,12,119.4,25.0,13.858,12.773,660.0,5652.3,110.9,150.0,5.543,847.84,1271.8,856.7,3,raft,18.02,27667.3,387.94,31035.3,1,2
770398.6,8.68,8,168.0,25.0,10.291,9.562,360.0,3116.8,100.0,150.0,4.116,467.52,701.3,642.6,3,raft,9.3,10377.37,121.19,9695.1,1,2
806781.6,22.69,6,86.8,30.0,10.451,9.706,330.0,3214.2,100.0,150.0,4.18,482.13,723.2,749.6,6,raft,13.07,10590.78,115.82,9265.6,1,2
681938.7,19.26,10,221.9,25.0,9.881,9.193,340.0,2873.4,100.0,150.0,3.952,431.01,646.5,539.7,5,raft,7.6,9151.34,105.95,8476.3,1,2
1178331.3,17.12,12,191.1,25.0,11.857,10.971,480.0,4137.6,100.0,150.0,4.743,620.64,931.0,661.5,5,raft,10.99,16495.19,209.95,16796.4,1,2
1195973.7,22.37,6,167.8,25.0,11.916,11.024,490.0,4178.8,100.0,150.0,4.766,626.82,940.2,944.6,6,raft,11.85,16817.77,216.11,17288.9,1,2
1946714.5,11.57,12,140.0,25.0,14.017,12.915,670.0,5782.3,112.1,150.0,5.607,867.35,1301.0,871.9,3,raft,16.93,28661.92,402.74,32218.9,1,2
999380.0,15.71,6,165.3,20.0,11.224,10.401,470.0,3707.3,100.0,150.0,4.489,556.09,834.1,866.0,4,raft,10.94,14137.33,184.06,14724.7,1,2
907802.5,11.68,10,116.0,20.0,10.87,10.083,440.0,3477.2,100.0,150.0,4.348,521.58,782.4,636.3,3,raft,12.39,12719.46,162.35,12988.3,1,2
356846.8,17.63,6,192.4,25.0,7.963,7.466,220.0,1865.9,100.0,150.0,3.185,279.89,450.0,491.9,5,isolated_footings,2.085,4561.31,46.76,3740.7,1,1
1631786.6,19.52,12,194.8,25.0,13.216,12.195,600.0,5140.6,105.7,150.0,5.287,771.08,1156.6,791.8,5,raft,13.04,23633.45,322.07,25765.3,1,2
460872.7,10.58,12,83.8,20.0,8.671,8.104,280.0,2212.9,100.0,150.0,3.469,331.93,497.9,402.2,3,raft,10.09,6097.93,68.27,5461.9,1,2
299376.0,17.48,8,187.0,20.0,7.51,7.059,210.0,1659.8,100.0,150.0,3.004,248.96,450.0,390.9,5,isolated_footings,1.68,3840.48,40.18,3214.4,1,1
1787055.5,10.35,8,123.9,20.0,13.623,12.561,690.0,5461.7,109.0,150.0,5.449,819.25,1228.9,1033.0,3,raft,17.41,26820.75,390.17,31213.3,1,2
1057449.4,14.49,6,229.3,30.0,11.437,10.593,390.0,3849.5,100.0,150.0,4.575,577.43,866.1,865.9,4,isolated_footings,3.361,14133.59,161.71,12936.7,1,1
1340402.9,12.54,6,116.8,30.0,12.378,11.44,460.0,4508.8,100.0,150.0,4.951,676.32,1014.5,985.6,4,raft,14.82,18311.33,220.62,17649.9,1,2
1985912.9,21.88,8,117.3,25.0,14.111,12.999,680.0,5859.7,112.9,150.0,5.644,878.96,1318.4,1080.0,6,raft,18.71,29316.91,413.94,33115.2,1,3
1221635.5,20.71,8,185.9,30.0,12.001,11.101,430.0,4238.3,100.0,150.0,4.8,635.75,953.6,811.0,6,raft,11.16,16531.21,194.84,15586.9,1,2
565815.4,19.59,10,236.8,30.0,9.285,8.656,260.0,2537.2,100.0,150.0,3.714,380.58,570.9,479.9,5,isolated_footings,1.833,7236.62,73.73,5898.8,1,1
1201662.2,11.68,12,102.5,20.0,11.935,11.041,530.0,4192.0,100.0,150.0,4.774,628.8,943.2,677.3,3,raft,15.37,17292.43,232.92,18633.8,1,2
444579.7,21.75,12,220.5,30.0,8.568,8.011,220.0,2160.4,100.0,150.0,3.427,324.06,486.1,385.0,6,raft,5.96,5589.37,54.15,4332.3,1,2
237782.2,15.61,6,229.2,30.0,6.955,6.559,150.0,1423.5,100.0,150.0,2.782,213.52,450.0,392.4,4,isolated_footings,1.524,2902.47,26.47,2117.8,1,1
1031492.0,9.88,12,192.1,30.0,11.343,10.508,380.0,3786.3,100.0,150.0,4.537,567.94,851.9,603.4,3,raft,10.0,13726.22,155.34,12427.1,1,2
1101607.7,8.02,12,168.7,25.0,11.594,10.735,460.0,3956.0,100.0,150.0,4.638,593.4,890.1,637.8,3,raft,11.28,15335.85,192.92,15433.3,1,2
1755907.4,19.16,12,119.0,25.0,13.543,12.489,630.0,5398.0,108.3,150.0,5.417,809.71,1214.6,824.5,5,raft,17.37,25627.64,354.36,28348.5,1,2
1589633.4,14.1,6,152.3,25.0,13.102,12.091,590.0,5051.7,104.8,150.0,5.241,757.75,1136.6,1103.8,4,raft,14.53,22964.84,311.44,24915.6,1,2
980425.4,11.72,6,128.2,30.0,11.152,10.337,370.0,3660.3,100.0,150.0,4.461,549.04,823.6,831.0,3,raft,11.93,13017.28,146.5,11720.4,1,2
846861.1,11.02,6,178.3,20.0,10.621,9.859,420.0,3319.8,100.0,150.0,4.248,497.97,747.0,790.9,3,isolated_footings,3.482,11789.49,148.45,11876.0,1,1
1063535.6,14.0,8,196.9,25.0,11.459,10.613,450.0,3864.3,100.0,150.0,4.584,579.64,869.5,766.5,4,raft,10.25,14764.59,184.62,14769.8,1,2
847247.9,9.71,12,190.8,25.0,10.622,9.86,390.0,3320.8,100.0,150.0,4.249,498.12,747.2,553.6,3,raft,9.21,11555.07,138.92,11114.0,1,2
559540.6,16.58,10,184.0,30.0,9.251,8.625,260.0,2518.4,100.0,150.0,3.7,377.76,566.6,477.5,5,raft,7.38,7162.58,73.17,5853.6,1,2
825035.6,11.26,12,110.4,30.0,10.529,9.776,330.0,3262.5,100.0,150.0,4.212,489.37,734.1,535.5,3,raft,11.71,10810.07,117.62,9409.2,1,2
1132077.1,12.06,10,178.2,30.0,11.7,10.83,410.0,4028.6,100.0,150.0,4.68,604.29,906.4,696.4,4,raft,10.94,15234.09,177.2,14175.7,1,2
826353.0,10.21,6,207.1,25.0,10.534,9.781,380.0,3266.0,100.0,150.0,4.214,489.9,734.8,771.5,3,isolated_footings,3.151,11218.1,133.43,10674.6,1,1
1577063.1,23.19,6,116.5,25.0,13.067,12.06,580.0,5025.0,104.5,150.0,5.227,753.75,1130.6,1096.9,6,raft,16.52,22681.37,304.91,24393.1,1,2
1582858.2,20.81,6,107.3,30.0,13.083,12.075,510.0,5037.3,104.7,150.0,5.233,755.59,1133.4,1078.1,6,raft,16.91,21909.22,271.81,21744.9,1,2
60316.7,9.46,8,160.2,30.0,4.403,4.262,150.0,570.4,100.0,150.0,1.761,85.56,450.0,300.0,3,isolated_footings,0.839,820.05,11.29,903.4,1,1
898986.0,9.03,8,143.0,30.0,10.834,10.051,350.0,3454.6,100.0,150.0,4.334,518.2,777.3,687.0,3,raft,10.78,11861.46,131.4,10512.3,1,2
123622.9,14.15,12,184.4,30.0,5.592,5.333,150.0,920.4,100.0,150.0,2.237,138.06,450.0,300.0,4,isolated_footings,0.887,1581.17,17.58,1406.5,1,1
608615.0,23.42,6,240.8,20.0,9.513,8.862,340.0,2663.6,100.0,150.0,3.805,399.54,599.3,661.7,6,isolated_footings,2.507,8252.27,98.01,7840.7,1,1
1298568.1,15.02,8,224.6,30.0,12.247,11.323,450.0,4414.5,100.0,150.0,4.899,662.17,993.3,838.9,4,raft,10.5,17686.93,211.65,16931.7,1,2
607712.7,8.54,8,184.6,30.0,9.509,8.858,270.0,2660.9,100.0,150.0,3.803,399.14,598.7,556.9,3,isolated_footings,2.41,7793.78,80.01,6401.1,1,1
120319.2,11.83,6,245.9,20.0,5.542,5.288,150.0,903.9,100.0,150.0,2.217,135.59,450.0,300.0,3,isolated_footings,1.072,1542.17,17.29,1383.0,1,1
1993793.4,20.47,10,193.8,25.0,14.129,13.016,680.0,5875.2,113.0,150.0,5.652,881.28,1321.9,967.7,6,raft,14.58,29420.58,415.07,33205.7,1,2
1192856.3,16.28,6,236.3,30.0,11.906,11.015,420.0,4171.5,100.0,150.0,4.762,625.73,938.6,923.5,5,isolated_footings,3.532,16077.0,187.67,15013.8,1,1
604762.9,21.28,10,139.1,25.0,9.493,8.844,310.0,2652.3,100.0,150.0,3.797,397.85,596.8,505.1,6,raft,8.98,8013.73,89.94,7195.1,1,2
491276.3,23.41,12,238.1,30.0,8.858,8.272,240.0,2309.2,100.0,150.0,3.543,346.37,519.6,406.9,6,raft,6.06,6242.94,62.46,4997.0,1,2
59070.3,10.8,6,175.0,30.0,4.372,4.235,150.0,562.5,100.0,150.0,1.749,84.38,450.0,300.0,3,isolated_footings,0.918,804.66,11.15,892.0,1,1
623791.1,23.15,10,228.9,30.0,9.592,8.933,280.0,2707.7,100.0,150.0,3.837,406.15,609.2,506.2,6,isolated_footings,1.967,8048.72,84.07,6725.4,1,1
537775.9,15.08,12,175.7,20.0,9.129,8.516,310.0,2452.7,100.0,150.0,3.652,367.9,551.8,437.0,4,raft,7.57,7199.93,82.98,6638.3,1,2
1527072.9,23.38,12,195.9,30.0,12.927,11.935,500.0,4918.2,103.4,150.0,5.171,737.73,1106.6,748.0,6,raft,12.28,21090.56,260.4,20832.1,1,2
1730945.4,15.71,10,91.5,30.0,13.479,12.431,540.0,5346.8,107.8,150.0,5.392,802.01,1203.0,876.7,4,raft,19.23,24146.05,304.64,24371.3,1,3
1587879.2,11.53,8,216.0,25.0,13.097,12.087,590.0,5047.9,104.8,150.0,5.239,757.19,1135.8,955.4,3,raft,12.2,22942.13,311.21,24896.6,1,2
1913119.1,16.26,6,199.1,25.0,13.936,12.842,660.0,5715.6,111.5,150.0,5.574,857.34,1286.0,1220.6,5,raft,14.05,28083.22,392.44,31395.2,1,2
534102.3,9.49,10,92.9,20.0,9.108,8.497,310.0,2441.5,100.0,150.0,3.643,366.22,549.3,477.2,3,raft,10.38,7155.12,82.59,6607.1,1,2
979283.1,13.66,10,111.1,30.0,11.148,10.333,370.0,3657.4,100.0,150.0,4.459,548.61,822.9,643.4,4,raft,12.8,13003.44,146.39,11710.9,1,2
1382059.3,22.56,12,205.3,20.0,12.504,11.554,580.0,4601.7,100.0,150.0,5.002,690.26,1035.4,731.1,6,raft,11.73,20152.75,278.35,22268.0,1,2
1484086.7,21.96,8,119.0,20.0,12.805,11.824,610.0,4825.5,102.4,150.0,5.122,723.82,1085.7,931.9,6,raft,16.03,21826.67,306.29,24502.9,1,2
1680852.7,13.7,6,100.4,20.0,13.347,12.313,660.0,5243.1,106.8,150.0,5.339,786.47,1179.7,1152.2,4,raft,18.69,25024.68,358.95,28715.8,1,3
1367833.6,18.61,6,209.9,30.0,12.461,11.515,460.0,4570.1,100.0,150.0,4.985,685.51,1028.3,994.7,5,isolated_footings,4.036,18650.61,223.71,17896.4,1,1
1918086.5,21.57,10,185.5,25.0,13.948,12.853,670.0,5725.5,111.6,150.0,5.579,858.83,1288.2,948.9,6,raft,14.61,28285.81,398.64,31891.5,1,2
1801336.3,22.1,10,163.4,30.0,13.659,12.593,550.0,5490.8,109.3,150.0,5.464,823.61,1235.4,895.0,6,raft,14.68,25164.61,318.46,25476.6,1,2
596519.9,11.55,8,89.2,25.0,9.45,8.805,310.0,2628.2,100.0,150.0,3.78,394.22,591.3,561.1,3,raft,11.15,7913.91,89.09,7127.6,1,2
982724.1,16.65,10,146.9,30.0,11.161,10.345,370.0,3666.0,100.0,150.0,4.464,549.9,824.8,644.4,5,raft,11.15,13045.14,146.74,11739.1,1,2
1563012.7,15.32,6,198.7,25.0,13.028,12.025,580.0,4995.1,104.2,150.0,5.211,749.26,1123.9,1092.5,4,raft,12.59,22500.03,303.03,24242.7,1,2
665520.0,8.13,8,144.5,20.0,9.801,9.121,360.0,2827.1,100.0,150.0,3.92,424.07,636.1,601.3,3,raft,9.38,9086.41,109.63,8770.5,1,2
684600.6,17.8,10,111.8,25.0,9.894,9.205,340.0,2880.9,100.0,150.0,3.958,432.13,648.2,540.7,5,raft,10.73,9183.85,106.24,8499.0,1,2
512421.3,15.54,10,142.2,25.0,8.983,8.385,280.0,2374.9,100.0,150.0,3.593,356.24,534.4,462.5,4,raft,8.13,6719.1,73.43,5874.5,1,2
876688.6,14.71,10,142.1,25.0,10.744,9.97,400.0,3397.3,100.0,150.0,4.298,509.59,764.4,618.0,4,raft,10.88,12000.19,145.48,11638.1,1,2
595277.6,10.88,8,246.5,30.0,9.443,8.799,270.0,2624.5,100.0,150.0,3.777,393.68,590.5,551.6,3,isolated_footings,2.065,7646.71,78.88,6310.6,1,1
495705.2,9.6,10,216.7,30.0,8.884,8.296,240.0,2323.0,100.0,150.0,3.554,348.45,522.7,447.6,3,isolated_footings,1.788,6294.93,62.85,5028.0,1,1
892826.6,14.09,8,216.0,30.0,10.81,10.029,350.0,3438.9,100.0,150.0,4.324,515.83,773.7,684.8,4,isolated_footings,2.739,11787.12,130.78,10462.7,1,1
341618.7,20.89,8,151.7,20.0,7.848,7.363,230.0,1812.4,100.0,150.0,3.139,271.87,450.0,419.6,6,isolated_footings,2.003,4425.06,47.21,3776.7,1,1
1991345.5,21.59,10,213.5,25.0,14.123,13.011,680.0,5870.4,113.0,150.0,5.649,880.56,1320.8,967.2,6,raft,13.88,29388.38,414.72,33177.6,1,2
539399.4,21.74,6,147.7,30.0,9.138,8.524,250.0,2457.6,100.0,150.0,3.655,368.64,553.0,603.5,6,isolated_footings,2.919,6865.56,68.98,5518.7,1,1
368516.7,11.45,10,161.0,30.0,8.048,7.544,200.0,1906.4,100.0,150.0,3.219,285.96,450.0,383.0,3,raft,6.33,4607.22,44.07,3525.8,1,2
237788.7,19.91,10,141.4,30.0,6.955,6.559,150.0,1423.5,100.0,150.0,2.782,213.53,450.0,307.0,5,raft,5.36,2902.55,26.47,2117.8,1,2
1137108.4,20.96,10,83.4,20.0,11.717,10.845,510.0,4040.5,100.0,150.0,4.687,606.08,909.1,719.6,6,raft,16.53,16266.14,216.55,17324.3,1,3
734626.5,18.87,8,178.1,30.0,10.129,9.416,310.0,3019.6,100.0,150.0,4.052,452.94,679.4,617.3,5,raft,8.68,9575.84,102.8,8223.9,1,2
1315805.4,10.79,10,140.4,30.0,12.301,11.371,450.0,4453.4,100.0,150.0,4.921,668.02,1002.0,754.8,3,raft,13.36,17899.71,213.57,17085.2,1,2
1045366.8,20.4,12,231.2,25.0,11.393,10.554,450.0,3820.2,100.0,150.0,4.557,573.02,859.5,621.0,6,raft,9.38,14536.88,182.46,14596.8,1,2
1246644.4,15.42,8,227.6,30.0,12.082,11.174,430.0,4296.0,100.0,150.0,4.833,644.4,966.6,818.5,4,raft,10.18,16838.4,197.56,15804.8,1,2
1625048.4,13.4,12,224.3,20.0,13.198,12.178,650.0,5126.4,105.6,150.0,5.279,768.96,1153.4,800.6,4,raft,12.28,24161.68,345.77,27661.8,1,2
204268.3,13.5,10,133.9,25.0,6.611,6.25,150.0,1286.4,100.0,150.0,2.645,192.96,450.0,300.0,4,raft,5.13,2518.82,24.06,1924.9,1,2
1435345.3,17.69,12,126.1,25.0,12.663,11.697,550.0,4719.2,101.3,150.0,5.065,707.89,1061.8,737.5,5,raft,15.09,20506.27,272.11,21768.9,1,2
1572899.4,23.02,12,150.4,20.0,13.055,12.05,630.0,5016.1,104.4,150.0,5.222,752.42,1128.6,785.0,6,raft,14.71,23230.04,328.45,26276.2,1,2
1715713.1,10.0,8,192.5,30.0,13.439,12.395,540.0,5315.3,107.5,150.0,5.376,797.3,1196.0,976.3,3,raft,13.2,23953.85,302.78,24222.4,1,2
1416359.0,9.28,8,147.5,20.0,12.607,11.646,590.0,4677.5,100.9,150.0,5.043,701.63,1052.4,907.8,3,raft,14.02,20711.78,287.59,23007.4,1,2
174395.2,22.06,6,84.5,25.0,6.272,5.945,150.0,1157.7,100.0,150.0,2.509,173.65,450.0,339.6,6,raft,6.0,2174.24,21.79,1743.2,1,2
1071766.4,23.94,6,124.6,20.0,11.488,10.639,490.0,3884.2,100.0,150.0,4.595,582.63,873.9,899.2,6,raft,13.09,15240.82,200.52,16041.9,1,2
214407.0,22.91,12,132.6,20.0,6.719,6.347,170.0,1328.6,100.0,150.0,2.688,199.29,450.0,300.0,6,raft,5.34,2699.0,27.36,2188.6,1,2
1488306.8,15.09,8,102.3,20.0,12.817,11.835,610.0,4834.6,102.5,150.0,5.127,725.2,1087.8,933.1,4,raft,17.31,21882.03,306.89,24551.0,1,3
105714.0,18.62,10,226.9,25.0,5.308,5.077,150.0,829.2,100.0,150.0,2.123,124.38,450.0,300.0,5,isolated_footings,0.815,1368.99,15.95,1276.3,1,1
1951214.0,16.65,10,173.3,20.0,14.028,12.925,730.0,5791.2,112.2,150.0,5.611,868.69,1303.0,969.9,5,raft,15.46,29555.57,436.76,34940.8,1,2
1940607.4,19.16,8,180.4,25.0,14.002,12.902,670.0,5770.2,112.0,150.0,5.601,865.54,1298.3,1066.4,5,raft,14.89,28581.72,401.86,32149.2,1,2
1280542.7,18.17,12,169.0,30.0,12.19,11.271,440.0,4373.5,100.0,150.0,4.876,656.03,984.0,678.6,5,raft,11.99,17359.16,205.43,16434.2,1,2
1090879.1,22.54,12,171.7,20.0,11.556,10.701,500.0,3930.2,100.0,150.0,4.622,589.54,884.3,642.8,6,raft,11.27,15578.74,206.73,16538.7,1,2
911627.6,13.85,10,106.5,20.0,10.885,10.096,440.0,3487.0,100.0,150.0,4.354,523.04,784.6,637.5,4,raft,12.96,12767.69,162.82,13025.7,1,2
50180.1,21.05,8,138.5,25.0,4.141,4.027,150.0,504.6,100.0,150.0,1.656,75.69,450.0,300.0,6,isolated_footings,0.83,694.25,10.09,807.5,1,1
1093442.8,19.0,12,241.0,25.0,11.565,10.709,460.0,3936.4,100.0,150.0,4.626,590.46,885.7,635.7,5,raft,9.41,15233.35,191.94,15355.0,1,2
634240.5,20.25,10,181.5,20.0,9.645,8.981,350.0,2737.8,100.0,150.0,3.858,410.67,616.0,524.2,6,raft,8.16,8633.02,103.45,8275.8,1,2
1119013.8,11.02,12,147.1,20.0,11.655,10.789,500.0,3997.5,100.0,150.0,4.662,599.63,899.4,650.2,3,raft,12.32,15938.25,210.36,16828.5,1,2
1444129.1,18.34,12,117.5,20.0,12.689,11.72,600.0,4738.5,101.5,150.0,5.076,710.77,1066.2,749.7,5,raft,15.89,21188.07,296.03,23682.0,1,2
873366.8,11.83,10,128.4,30.0,10.731,9.957,340.0,3388.7,100.0,150.0,4.292,508.3,762.5,604.3,3,raft,11.19,11470.67,125.57,10045.2,1,2
1087291.3,12.3,8,225.1,20.0,11.544,10.689,500.0,3921.6,100.0,150.0,4.617,588.24,882.4,786.2,4,raft,9.83,15532.85,206.27,16501.6,1,2
316416.9,9.77,12,185.0,25.0,7.65,7.185,200.0,1722.2,100.0,150.0,3.06,258.32,450.0,325.7,3,raft,5.5,4000.26,39.98,3198.0,1,2
1415921.6,15.87,10,83.3,20.0,12.606,11.645,590.0,4676.6,100.8,150.0,5.042,701.49,1052.2,811.8,4,raft,18.66,20706.06,287.53,23002.5,1,3
1940946.6,8.35,6,128.0,20.0,14.003,12.903,730.0,5770.9,112.0,150.0,5.601,865.64,1298.5,1249.3,3,raft,17.94,29417.82,435.18,34814.4,1,2
1444632.1,19.63,8,95.3,20.0,12.69,11.721,600.0,4739.6,101.5,150.0,5.076,710.94,1066.4,918.3,5,raft,17.65,21194.66,296.1,23687.7,1,3
1012480.1,13.47,10,213.6,25.0,11.272,10.445,440.0,3739.6,100.0,150.0,4.509,560.94,841.4,668.4,4,raft,9.59,14034.17,174.92,13994.0,1,2
1996028.7,15.42,6,136.1,20.0,14.134,13.021,740.0,5879.6,113.1,150.0,5.654,881.94,1322.9,1267.8,4,raft,17.65,30297.28,449.28,35942.8,1,2
159274.8,20.41,6,172.3,20.0,6.085,5.777,150.0,1089.8,100.0,150.0,2.434,163.46,450.0,325.6,6,isolated_footings,1.458,1998.72,20.59,1647.1,1,1
424775.0,21.46,12,220.8,20.0,8.439,7.895,270.0,2095.8,100.0,150.0,3.375,314.36,471.5,385.8,6,raft,5.97,5610.02,62.54,5003.4,1,2
1950467.1,19.43,12,211.1,25.0,14.026,12.923,670.0,5789.8,112.2,150.0,5.61,868.47,1302.7,872.7,5,raft,13.8,28711.19,403.27,32261.7,1,2
531966.3,23.91,8,158.3,20.0,9.096,8.486,310.0,2435.0,100.0,150.0,3.638,365.24,547.9,532.6,6,raft,7.94,7129.05,82.36,6589.1,1,2
1066221.3,23.71,12,146.2,25.0,11.468,10.622,450.0,3870.8,100.0,150.0,4.587,580.62,870.9,626.5,6,raft,11.91,14798.23,184.94,14795.2,1,2
1875619.7,10.54,6,206.6,30.0,13.844,12.76,570.0,5640.7,110.8,150.0,5.538,846.1,1269.2,1182.8,3,raft,13.37,26372.25,338.35,27067.8,1,2
1065806.2,12.05,10,113.8,20.0,11.467,10.62,490.0,3869.8,100.0,150.0,4.587,580.47,870.7,694.8,4,raft,13.66,15164.81,199.76,15981.0,1,2
1734132.4,11.48,6,120.1,25.0,13.487,12.438,620.0,5353.3,107.9,150.0,5.395,803.0,1204.5,1156.6,3,raft,17.15,25214.87,346.18,27694.0,1,2
682801.3,10.68,10,179.4,25.0,9.885,9.197,340.0,2875.8,100.0,150.0,3.954,431.38,647.1,540.0,3,raft,8.46,9161.88,106.05,8483.7,1,2
1588830.4,8.14,6,178.8,30.0,13.099,12.089,510.0,5049.9,104.8,150.0,5.24,757.49,1136.2,1080.0,3,raft,13.12,21984.12,272.52,21801.8,1,2
976777.8,17.54,10,211.0,20.0,11.138,10.325,460.0,3651.2,100.0,150.0,4.455,547.68,821.5,661.9,5,raft,9.56,13762.32,177.7,14216.0,1,2
357512.0,9.46,10,238.2,30.0,7.967,7.471,190.0,1868.2,100.0,150.0,3.187,280.23,450.0,375.7,3,isolated_footings,1.431,4434.54,41.43,3314.4,1,1
167102.1,13.69,8,199.2,20.0,6.183,5.865,150.0,1125.2,100.0,150.0,2.473,168.78,450.0,300.0,4,isolated_footings,1.201,2089.69,21.22,1697.2,1,1
295363.5,11.72,10,216.9,25.0,7.476,7.028,190.0,1644.9,100.0,150.0,2.99,246.74,450.0,343.8,3,isolated_footings,1.372,3714.01,36.67,2933.9,1,1
1479718.2,8.34,12,140.9,20.0,12.792,11.813,610.0,4816.0,102.3,150.0,5.117,722.4,1083.6,759.9,3,raft,14.71,21769.35,305.66,24453.2,1,2
538857.7,8.63,12,175.0,30.0,9.135,8.522,250.0,2455.9,100.0,150.0,3.654,368.39,552.6,426.6,3,raft,7.41,6859.19,68.94,5514.9,1,2
1409223.7,11.04,8,172.4,25.0,12.586,11.627,540.0,4661.8,100.7,150.0,5.034,699.27,1048.9,893.4,3,raft,12.76,20058.7,264.2,21135.9,1,2
1478184.7,12.41,8,91.7,20.0,12.788,11.809,610.0,4812.7,102.3,150.0,5.115,721.9,1082.9,930.3,4,raft,18.22,21749.23,305.45,24435.8,1,3
926299.2,21.11,10,157.2,30.0,10.943,10.149,360.0,3524.3,100.0,150.0,4.377,528.64,793.0,625.1,6,raft,10.46,12275.37,137.52,11001.5,1,2
1036617.6,19.74,6,185.4,25.0,11.361,10.525,440.0,3798.8,100.0,150.0,4.545,569.82,854.7,872.1,5,isolated_footings,3.766,14335.89,177.77,14221.2,1,1
1563232.3,11.82,6,191.9,30.0,13.029,12.026,500.0,4995.6,104.2,150.0,5.211,749.33,1124.0,1069.1,3,isolated_footings,4.537,21542.98,264.67,21173.5,1,1
1647147.0,11.04,12,210.2,20.0,13.258,12.232,650.0,5172.8,106.1,150.0,5.303,775.92,1163.9,805.4,3,raft,12.77,24453.81,349.01,27920.4,1,2
1245426.5,13.16,10,98.8,30.0,12.078,11.17,430.0,4293.2,100.0,150.0,4.831,643.98,966.0,731.8,4,raft,15.44,16823.45,197.43,15794.3,1,2
1334837.5,8.7,8,110.4,20.0,12.36,11.424,570.0,4496.3,100.0,150.0,4.944,674.44,1011.7,879.3,3,raft,15.7,19430.36,267.51,21401.1,1,2
444054.1,15.77,6,85.4,30.0,8.564,8.008,220.0,2158.7,100.0,150.0,3.426,323.81,485.7,544.2,4,raft,9.57,5583.25,54.11,4328.8,1,2
1680784.1,18.53,10,88.3,20.0,13.347,12.313,660.0,5243.0,106.8,150.0,5.339,786.44,1179.7,892.5,5,raft,19.92,25023.78,358.94,28715.0,1,3
1231609.6,9.13,8,191.5,20.0,12.033,11.13,540.0,4261.4,100.0,150.0,4.813,639.21,958.8,841.1,3,raft,11.4,17779.64,240.96,19276.7,1,2
962715.3,18.22,10,174.9,25.0,11.085,10.276,420.0,3616.0,100.0,150.0,4.434,542.41,813.6,649.1,5,raft,10.3,13236.74,162.05,12964.2,1,2
1652951.7,20.71,6,220.0,25.0,13.273,12.246,600.0,5184.9,106.2,150.0,5.309,777.74,1166.6,1126.2,6,isolated_footings,4.463,23907.83,324.95,25995.6,1,1
1081590.6,19.75,10,93.2,20.0,11.523,10.671,490.0,3907.9,100.0,150.0,4.609,586.19,879.3,699.4,5,raft,15.19,15366.04,201.78,16142.2,1,3
1923144.2,9.55,8,170.4,20.0,13.96,12.864,720.0,5735.6,111.7,150.0,5.584,860.34,1290.5,1074.9,3,raft,15.45,29041.08,426.92,34153.6,1,2
426582.9,18.51,8,174.9,30.0,8.451,7.906,220.0,2101.7,100.0,150.0,3.38,315.26,472.9,462.6,5,isolated_footings,2.056,5379.45,52.63,4210.4,1,1
859610.0,9.69,10,194.7,30.0,10.674,9.907,340.0,3353.0,100.0,150.0,4.27,502.95,754.4,599.9,3,raft,9.02,11305.15,124.2,9936.2,1,2
1347222.6,22.13,8,214.7,30.0,12.398,11.459,460.0,4524.1,100.0,150.0,4.959,678.61,1017.9,855.5,6,raft,10.95,18395.72,221.39,17711.3,1,2
833036.5,13.4,8,170.8,30.0,10.563,9.806,330.0,3283.6,100.0,150.0,4.225,492.53,738.8,658.7,4,raft,9.46,10906.09,118.4,9471.8,1,2
913873.7,13.64,10,173.5,25.0,10.894,10.105,410.0,3492.7,100.0,150.0,4.358,523.9,785.9,631.9,4,raft,10.06,12544.34,153.03,12242.2,1,2
1697465.3,14.6,12,220.4,25.0,13.391,12.352,610.0,5277.6,107.1,150.0,5.357,791.64,1187.5,808.0,4,raft,12.5,24610.75,336.04,26882.9,1,2
1236406.1,17.01,8,143.8,30.0,12.049,11.144,430.0,4272.4,100.0,150.0,4.82,640.87,961.3,815.5,5,raft,12.76,16712.69,196.45,15715.8,1,2
1855986.5,12.07,12,156.1,25.0,13.796,12.716,650.0,5601.3,110.4,150.0,5.518,840.19,1260.3,849.4,4,raft,15.62,27199.31,378.94,30315.2,1,2
50381.5,8.55,10,181.3,30.0,4.146,4.032,150.0,505.9,100.0,150.0,1.658,75.89,450.0,300.0,3,isolated_footings,0.65,696.76,10.12,809.5,1,1
313417.1,22.25,6,131.1,20.0,7.625,7.163,220.0,1711.3,100.0,150.0,3.05,256.69,450.0,463.4,6,isolated_footings,2.379,4047.36,43.02,3441.6,1,1
468904.5,13.04,10,236.2,30.0,8.721,8.149,230.0,2238.5,100.0,150.0,3.489,335.78,503.7,434.3,4,isolated_footings,1.661,5926.16,58.34,4666.8,1,1
1134830.0,22.81,8,96.0,25.0,11.709,10.838,470.0,4035.1,100.0,150.0,4.684,605.27,907.9,794.1,6,raft,15.2,15849.29,200.75,16060.1,1,2
743528.7,10.21,10,231.2,20.0,10.17,9.453,390.0,3043.9,100.0,150.0,4.068,456.59,684.9,571.7,3,raft,7.89,10267.15,127.05,10164.0,1,2
504338.6,20.98,6,177.0,30.0,8.936,8.342,240.0,2349.9,100.0,150.0,3.574,352.49,528.7,582.5,6,isolated_footings,2.574,6396.21,63.6,5088.2,1,1
1839869.5,19.75,10,214.8,20.0,13.756,12.68,700.0,5568.8,110.0,150.0,5.502,835.32,1253.0,938.3,5,raft,13.43,27657.12,403.42,32273.4,1,2
1002139.0,22.38,6,181.2,25.0,11.234,10.411,430.0,3714.1,100.0,150.0,4.494,557.12,835.7,856.1,6,isolated_footings,3.739,13815.54,170.13,13610.7,1,1
122874.6,20.93,12,93.3,20.0,5.581,5.323,150.0,916.7,100.0,150.0,2.232,137.5,450.0,300.0,6,raft,4.86,1572.34,17.51,1401.2,1,2
1847649.4,13.35,12,150.8,20.0,13.775,12.698,700.0,5584.5,110.2,150.0,5.51,837.67,1256.5,858.1,4,raft,16.06,27760.85,404.59,32367.2,1,2
1746083.7,11.63,6,187.8,30.0,13.518,12.466,540.0,5377.9,108.1,150.0,5.407,806.68,1210.0,1136.3,3,raft,13.47,24336.95,306.49,24518.9,1,2
795849.6,12.88,6,134.3,30.0,10.403,9.663,320.0,3185.1,100.0,150.0,4.161,477.76,716.6,742.2,4,raft,10.41,10382.8,111.68,8934.3,1,2
341681.0,16.04,8,106.0,30.0,7.848,7.363,190.0,1812.7,100.0,150.0,3.139,271.9,450.0,411.3,5,raft,7.49,4251.65,40.25,3219.8,1,2
1476578.2,14.29,12,208.0,30.0,12.783,11.805,490.0,4809.2,102.3,150.0,5.113,721.38,1082.1,734.6,4,raft,11.7,20342.04,249.77,19981.9,1,2
1034222.2,11.55,10,213.7,20.0,11.353,10.517,480.0,3793.0,100.0,150.0,4.541,568.94,853.4,683.4,3,raft,9.81,14670.37,192.06,15364.8,1,2
307768.6,9.32,6,173.2,25.0,7.579,7.121,200.0,1690.6,100.0,150.0,3.032,253.6,450.0,454.8,3,isolated_footings,2.032,3899.01,39.27,3141.8,1,1
215904.0,16.03,8,209.5,25.0,6.735,6.361,160.0,1334.8,100.0,150.0,2.694,200.22,450.0,326.8,5,isolated_footings,1.327,2684.4,26.2,2095.6,1,1
1140627.5,15.81,8,175.4,30.0,11.729,10.856,410.0,4048.8,100.0,150.0,4.692,607.33,911.0,781.2,4,raft,11.07,15338.73,178.11,14249.0,1,2
1072283.2,11.88,10,212.1,25.0,11.49,10.641,450.0,3885.5,100.0,150.0,4.596,582.82,874.2,688.1,3,raft,9.91,14874.12,185.66,14852.7,1,2
1385239.0,17.22,6,194.2,25.0,12.514,11.563,540.0,4608.8,100.1,150.0,5.006,691.32,1037.0,1023.6,5,isolated_footings,4.318,19751.41,261.08,20886.5,1,1
762271.9,11.05,10,181.0,20.0,10.255,9.529,390.0,3094.9,100.0,150.0,4.102,464.23,696.3,578.1,3,raft,9.02,10500.78,129.23,10338.5,1,2
1550878.5,10.71,10,184.8,25.0,12.994,11.995,580.0,4969.2,104.0,150.0,5.198,745.38,1118.1,843.3,3,raft,13.01,22343.31,301.41,24112.6,1,2
1265205.2,15.05,8,113.9,25.0,12.142,11.227,510.0,4338.5,100.0,150.0,4.857,650.78,976.2,843.9,4,raft,14.83,17899.75,232.92,18633.4,1,2
354182.9,19.66,6,99.1,20.0,7.943,7.448,240.0,1856.6,100.0,150.0,3.177,278.49,450.0,495.0,5,raft,8.08,4619.08,50.1,4008.1,1,2
523944.2,17.94,8,227.7,25.0,9.05,8.445,280.0,2410.4,100.0,150.0,3.62,361.56,542.3,522.3,5,isolated_footings,2.035,6857.42,74.56,5964.9,1,1
76779.9,19.1,6,131.9,25.0,4.771,4.594,150.0,670.0,100.0,150.0,1.909,100.5,450.0,300.0,5,isolated_footings,1.192,1021.41,13.09,1047.6,1,1
94358.8,11.34,8,114.6,30.0,5.111,4.9,150.0,768.7,100.0,150.0,2.044,115.31,450.0,300.0,3,isolated_footings,1.216,1233.37,14.87,1189.6,1,1
1513192.5,16.78,8,198.2,30.0,12.888,11.899,490.0,4888.4,103.1,150.0,5.155,733.26,1099.9,909.7,5,raft,12.12,20799.29,254.06,20324.8,1,2
85857.6,17.33,6,123.4,20.0,4.952,4.757,150.0,721.8,100.0,150.0,1.981,108.27,450.0,300.0,5,isolated_footings,1.296,1131.21,14.03,1122.2,1,1
603826.4,20.63,10,89.0,30.0,9.488,8.84,270.0,2649.6,100.0,150.0,3.795,397.44,596.2,496.6,6,raft,11.04,7747.84,79.66,6372.9,1,2
1893094.1,9.07,10,192.7,30.0,13.887,12.798,570.0,5675.7,111.1,150.0,5.555,851.35,1277.0,920.1,3,raft,13.9,26593.89,340.53,27242.2,1,2
752427.3,9.73,10,227.5,30.0,10.21,9.489,310.0,3068.2,100.0,150.0,4.084,460.22,690.3,558.2,3,raft,7.76,9788.58,104.51,8360.5,1,2
803720.3,23.68,6,233.7,25.0,10.437,9.694,370.0,3206.1,100.0,150.0,4.175,480.91,721.4,759.1,6,isolated_footings,2.919,10861.99,127.84,10227.1,1,1
1740206.9,16.5,8,113.8,25.0,13.503,12.452,620.0,5365.8,108.0,150.0,5.401,804.87,1207.3,1003.2,5,raft,17.64,25293.88,347.01,27760.9,1,3
1143340.7,19.4,6,122.1,30.0,11.739,10.865,410.0,4055.3,100.0,150.0,4.695,608.29,912.4,903.1,5,raft,13.28,15371.93,178.4,14272.2,1,2
644608.7,15.84,8,83.1,30.0,9.697,9.028,280.0,2767.6,100.0,150.0,3.879,415.14,622.7,574.5,4,raft,11.82,8295.63,85.99,6879.2,1,2
736230.5,18.0,8,249.3,30.0,10.137,9.423,310.0,3024.0,100.0,150.0,4.055,453.6,680.4,617.9,5,isolated_footings,2.3,9595.02,102.95,8236.3,1,1
587962.6,8.99,10,229.4,20.0,9.405,8.764,330.0,2603.0,100.0,150.0,3.762,390.44,585.7,502.6,3,isolated_footings,1.951,7935.23,93.22,7457.4,1,1
1891066.6,23.19,8,105.8,25.0,13.882,12.794,660.0,5671.6,111.1,150.0,5.553,850.74,1276.1,1051.6,6,raft,19.18,27794.19,389.32,31145.2,1,3
1331016.9,9.4,12,168.5,30.0,12.349,11.414,450.0,4487.7,100.0,150.0,4.939,673.16,1009.7,692.7,3,raft,12.26,18087.34,215.25,17220.2,1,2
1244274.4,18.01,8,150.9,30.0,12.074,11.167,430.0,4290.5,100.0,150.0,4.83,643.58,965.4,817.8,5,raft,12.49,16809.3,197.3,15784.3,1,2
347860.9,23.53,10,156.4,20.0,7.895,7.406,230.0,1834.4,100.0,150.0,3.158,275.17,450.0,378.4,6,raft,6.35,4499.34,47.76,3820.9,1,2
453176.7,10.22,8,226.6,25.0,8.623,8.06,260.0,2188.2,100.0,150.0,3.449,328.22,492.3,484.5,3,isolated_footings,1.892,5899.71,63.28,5062.7,1,1
1392637.6,22.38,8,153.1,20.0,12.536,11.583,580.0,4625.2,100.3,150.0,5.015,693.78,1040.7,898.5,6,raft,13.62,20290.6,279.82,22385.5,1,2
1329651.9,17.04,8,134.0,30.0,12.344,11.41,450.0,4484.6,100.0,150.0,4.938,672.7,1009.0,847.9,5,raft,13.74,18070.51,215.1,17208.1,1,2
1089275.0,19.51,8,134.0,20.0,11.551,10.695,500.0,3926.4,100.0,150.0,4.62,588.96,883.4,786.8,5,raft,12.75,15558.23,206.53,16522.1,1,2
1467805.1,20.25,12,243.4,25.0,12.758,11.782,560.0,4790.1,102.1,150.0,5.103,718.52,1077.8,747.0,6,raft,11.0,21037.72,280.96,22476.5,1,2
913858.7,22.94,10,105.8,20.0,10.894,10.104,440.0,3492.6,100.0,150.0,4.358,523.9,785.8,638.2,6,raft,13.01,12795.81,163.09,13047.4,1,2
258204.3,10.96,10,183.0,30.0,7.148,6.734,160.0,1503.9,100.0,150.0,2.859,225.58,450.0,317.7,3,isolated_footings,1.381,3171.11,29.33,2346.2,1,1
500277.1,11.71,6,141.1,30.0,8.912,8.321,240.0,2337.3,100.0,150.0,3.565,350.59,525.9,580.3,3,isolated_footings,2.872,6348.58,63.25,5059.9,1,1
1570661.2,10.15,12,201.0,25.0,13.049,12.044,580.0,5011.4,104.4,150.0,5.22,751.71,1127.6,774.2,3,raft,12.55,22598.76,304.06,24324.7,1,2
408754.1,14.2,12,103.4,20.0,8.331,7.798,260.0,2042.7,100.0,150.0,3.332,306.41,459.6,377.3,4,raft,8.53,5367.28,58.95,4716.1,1,2
491232.5,14.54,6,237.3,25.0,8.858,8.272,270.0,2309.0,100.0,150.0,3.543,346.35,519.5,583.1,4,isolated_footings,2.225,6408.8,69.11,5529.0,1,1
483980.7,18.74,8,208.8,20.0,8.814,8.232,290.0,2286.2,100.0,150.0,3.526,342.94,514.4,505.9,5,isolated_footings,2.058,6431.8,72.8,5824.2,1,1
395302.5,23.28,12,227.4,25.0,8.239,7.715,240.0,1997.7,100.0,150.0,3.296,299.65,450.0,368.1,6,isolated_footings,1.435,5109.41,53.78,4302.2,1,1
1391332.3,21.87,8,152.7,20.0,12.532,11.579,580.0,4622.3,100.3,150.0,5.013,693.34,1040.0,898.1,6,raft,13.64,20273.59,279.64,22371.0,1,2
1235463.4,21.19,10,147.0,30.0,12.046,11.141,430.0,4270.3,100.0,150.0,4.818,640.54,960.8,729.1,6,raft,12.61,16701.11,196.34,15707.6,1,2
1165272.2,16.58,6,168.5,25.0,11.813,10.932,480.0,4107.0,100.0,150.0,4.725,616.04,924.1,930.8,5,raft,11.65,16330.55,208.36,16669.0,1,2
940955.8,22.04,8,168.2,25.0,11.0,10.2,420.0,3561.4,100.0,150.0,4.4,534.2,801.3,718.3,6,raft,10.39,12965.92,159.54,12763.0,1,2
1968469.8,8.63,12,167.7,30.0,14.069,12.962,590.0,5825.3,112.6,150.0,5.628,873.8,1310.7,859.2,3,raft,15.24,27828.12,361.06,28884.9,1,2
1927055.0,11.04,12,147.7,25.0,13.97,12.873,670.0,5743.3,111.8,150.0,5.588,861.5,1292.3,868.0,3,raft,16.41,28403.68,399.93,31994.3,1,2
1558670.2,12.57,8,151.8,30.0,13.016,12.014,500.0,4985.8,104.1,150.0,5.206,747.88,1121.8,924.6,4,raft,14.08,21485.94,264.13,21130.5,1,2
1842114.0,19.04,8,158.8,30.0,13.761,12.685,560.0,5573.3,110.1,150.0,5.505,836.0,1254.0,1013.4,5,raft,15.09,25812.99,328.79,26303.5,1,2
930811.3,19.56,6,110.6,30.0,10.961,10.165,360.0,3535.7,100.0,150.0,4.384,530.36,795.5,808.8,5,raft,12.5,12329.98,137.98,11038.2,1,2
1878792.8,19.14,8,146.8,25.0,13.852,12.767,660.0,5647.0,110.8,150.0,5.541,847.06,1270.6,1048.6,5,raft,16.24,27633.2,387.57,31005.7,1,2
929227.4,10.86,8,230.0,20.0,10.955,10.159,450.0,3531.7,100.0,150.0,4.382,529.75,794.6,721.3,3,isolated_footings,2.796,13074.24,168.35,13468.3,1,1
537660.5,19.07,8,202.1,20.0,9.128,8.516,310.0,2452.3,100.0,150.0,3.651,367.85,551.8,535.2,5,isolated_footings,2.213,7198.52,82.97,6637.3,1,1
227822.9,19.3,10,94.5,30.0,6.856,6.471,150.0,1383.5,100.0,150.0,2.743,207.52,450.0,300.7,5,raft,6.43,2788.75,25.77,2061.5,1,2
798970.4,20.66,8,144.4,25.0,10.417,9.675,370.0,3193.4,100.0,150.0,4.167,479.01,718.5,655.6,6,raft,10.24,10803.65,127.32,10185.6,1,2
135616.9,10.73,10,176.1,30.0,5.768,5.491,150.0,979.0,100.0,150.0,2.307,146.85,450.0,300.0,3,isolated_footings,1.037,1722.3,18.62,1489.9,1,1
1732211.3,10.59,8,110.4,30.0,13.482,12.434,540.0,5349.4,107.9,150.0,5.393,802.41,1203.6,980.5,3,raft,17.51,24162.02,304.8,24383.7,1,2
150055.5,12.93,12,129.1,20.0,5.965,5.669,150.0,1047.3,100.0,150.0,2.386,157.09,450.0,300.0,4,raft,4.53,1891.28,19.84,1586.9,1,2
279230.3,10.11,8,80.6,25.0,7.337,6.904,190.0,1584.4,100.0,150.0,2.935,237.67,450.0,374.5,3,raft,7.83,3525.73,35.38,2830.6,1,2
73805.1,15.96,12,172.4,20.0,4.709,4.538,150.0,652.6,100.0,150.0,1.884,97.89,450.0,300.0,4,isolated_footings,0.724,985.25,12.78,1022.4,1,1
1235568.7,15.9,8,180.1,25.0,12.046,11.141,500.0,4270.5,100.0,150.0,4.818,640.58,960.9,832.5,4,raft,11.64,17420.4,225.08,18006.1,1,2
934790.0,15.07,6,121.6,30.0,10.976,10.179,360.0,3545.8,100.0,150.0,4.391,531.87,797.8,810.4,4,raft,11.94,12378.12,138.38,11070.6,1,2
592320.2,18.06,8,88.3,20.0,9.428,8.785,330.0,2615.8,100.0,150.0,3.771,392.37,588.6,563.8,5,raft,11.26,7988.68,93.69,7495.3,1,2
157374.7,13.58,8,225.2,30.0,6.061,5.755,150.0,1081.1,100.0,150.0,2.424,162.16,450.0,300.0,4,isolated_footings,1.099,1976.61,20.43,1634.8,1,1
1177280.8,17.65,10,236.5,20.0,11.854,10.968,520.0,4135.1,100.0,150.0,4.741,620.27,930.4,733.0,5,raft,10.0,16879.23,225.72,18057.4,1,2
262330.9,23.9,8,194.3,30.0,7.186,6.768,160.0,1519.9,100.0,150.0,2.875,227.98,450.0,357.8,6,isolated_footings,1.509,3218.38,29.62,2369.8,1,1
1338803.0,19.2,8,244.3,30.0,12.373,11.435,460.0,4505.2,100.0,150.0,4.949,675.78,1013.7,853.1,5,isolated_footings,3.209,18291.52,220.44,17635.5,1,1
1178984.3,22.9,6,210.6,25.0,11.859,10.973,480.0,4139.1,100.0,150.0,4.744,620.87,931.3,935.7,6,isolated_footings,3.79,16503.42,210.03,16802.7,1,1
768710.4,14.06,6,208.9,30.0,10.284,9.555,320.0,3112.3,100.0,150.0,4.113,466.84,700.3,730.5,4,isolated_footings,2.971,10057.68,109.05,8723.8,1,1
176605.4,15.53,6,198.1,25.0,6.298,5.968,150.0,1167.4,100.0,150.0,2.519,175.12,450.0,341.6,4,isolated_footings,1.427,2199.84,21.96,1757.0,1,1
691956.6,14.62,8,198.3,30.0,9.929,9.236,300.0,2901.5,100.0,150.0,3.972,435.22,652.8,598.2,4,isolated_footings,2.497,8994.91,95.87,7669.5,1,1
163459.9,17.14,6,162.2,30.0,6.138,5.824,150.0,1108.8,100.0,150.0,2.455,166.32,450.0,329.6,5,isolated_footings,1.521,2047.39,20.93,1674.0,1,1
1229317.1,20.61,10,152.6,25.0,12.026,11.123,500.0,4256.1,100.0,150.0,4.81,638.41,957.6,743.0,6,raft,12.62,17341.18,224.3,17943.8,1,2
556337.1,17.2,10,237.6,30.0,9.233,8.61,260.0,2508.8,100.0,150.0,3.693,376.32,564.5,476.2,5,isolated_footings,1.816,7124.76,72.88,5830.5,1,1
1147137.0,16.32,12,163.7,20.0,11.752,10.876,510.0,4064.2,100.0,150.0,4.701,609.64,914.5,659.5,5,raft,11.84,16394.52,217.86,17428.4,1,2
1773144.2,11.72,10,246.5,20.0,13.587,12.529,680.0,5433.3,108.7,150.0,5.435,815.0,1222.5,918.5,3,raft,12.27,26504.89,382.85,30628.2,1,2
280503.9,15.44,6,205.4,20.0,7.349,6.914,200.0,1589.3,100.0,150.0,2.939,238.39,450.0,435.7,4,isolated_footings,1.787,3578.79,37.01,2961.0,1,1
1609150.5,23.98,12,87.7,25.0,13.155,12.139,590.0,5092.9,105.2,150.0,5.262,763.94,1145.9,784.8,6,raft,19.25,23217.38,314.08,25126.5,1,3
1142810.2,18.2,6,188.9,30.0,11.737,10.863,410.0,4054.0,100.0,150.0,4.695,608.1,912.2,902.9,5,isolated_footings,3.862,15365.44,178.35,14267.7,1,1
599172.1,20.64,10,131.0,30.0,9.464,8.818,270.0,2635.9,100.0,150.0,3.786,395.39,593.1,494.8,6,raft,9.07,7692.79,79.24,6339.0,1,2
681651.5,8.1,10,138.0,30.0,9.88,9.192,290.0,2872.6,100.0,150.0,3.952,430.89,646.3,529.3,3,raft,9.45,8802.85,92.12,7369.9,1,2
1159397.0,23.36,8,113.0,25.0,11.793,10.914,480.0,4093.1,100.0,150.0,4.717,613.97,921.0,804.3,6,raft,14.2,16256.43,207.64,16611.5,1,2
1848445.5,15.67,12,215.5,30.0,13.777,12.699,560.0,5586.1,110.2,150.0,5.511,837.91,1256.9,828.8,4,raft,12.97,25893.11,329.58,26366.2,1,2
314720.1,10.49,12,231.6,30.0,7.636,7.172,180.0,1716.0,100.0,150.0,3.054,257.4,450.0,321.6,3,isolated_footings,1.242,3897.98,36.54,2923.3,1,1
1797060.8,15.4,12,237.7,20.0,13.648,12.583,690.0,5482.1,109.2,150.0,5.459,822.31,1233.5,845.6,4,raft,12.6,26953.99,391.67,31333.5,1,2
1678456.2,12.79,10,174.4,20.0,13.341,12.307,660.0,5238.1,106.7,150.0,5.336,785.72,1178.6,891.9,4,raft,14.17,24992.95,358.6,28687.6,1,2
456111.8,18.97,10,91.3,20.0,8.641,8.077,280.0,2197.6,100.0,150.0,3.457,329.64,494.5,438.5,5,raft,9.63,6040.34,67.79,5423.1,1,2
596897.1,8.5,12,186.5,20.0,9.452,8.807,330.0,2629.3,100.0,150.0,3.781,394.39,591.6,461.9,3,raft,7.77,8044.78,94.19,7534.9,1,2
1163414.2,14.23,6,227.0,25.0,11.807,10.926,480.0,4102.6,100.0,150.0,4.723,615.39,923.1,930.1,4,isolated_footings,3.629,16307.11,208.13,16650.8,1,1
1425269.1,13.03,6,126.2,20.0,12.633,11.67,590.0,4697.1,101.1,150.0,5.053,704.57,1056.9,1051.2,4,raft,15.21,20828.14,288.84,23107.3,1,2
1019256.1,11.8,12,221.0,25.0,11.298,10.468,440.0,3756.3,100.0,150.0,4.519,563.44,845.2,612.0,3,raft,9.46,14118.92,175.72,14058.0,1,2
471472.8,12.84,6,143.6,20.0,8.737,8.164,290.0,2246.7,100.0,150.0,3.495,337.0,505.5,577.2,4,isolated_footings,2.831,6279.96,71.51,5720.5,1,1
1566691.3,22.61,12,166.0,25.0,13.038,12.034,580.0,5002.9,104.3,150.0,5.215,750.44,1125.7,773.4,6,raft,13.79,22547.52,303.53,24282.2,1,2
1814663.8,10.47,10,237.0,30.0,13.693,12.623,560.0,5517.8,109.5,150.0,5.477,827.67,1241.5,900.3,3,raft,12.27,25465.39,325.39,26031.2,1,2
1754064.2,12.97,10,104.4,20.0,13.539,12.485,680.0,5394.3,108.3,150.0,5.415,809.14,1213.7,914.1,4,raft,18.77,26251.4,380.01,30400.9,1,3
1653170.1,23.01,8,114.9,20.0,13.274,12.246,650.0,5185.4,106.2,150.0,5.31,777.81,1166.7,988.0,6,raft,17.29,24533.38,349.88,27990.7,1,3
945768.4,19.42,6,80.7,20.0,11.019,10.217,450.0,3573.5,100.0,150.0,4.408,536.02,804.0,839.5,5,raft,15.18,13283.34,170.39,13631.6,1,3
1389752.0,17.51,6,136.7,20.0,12.528,11.575,580.0,4618.8,100.2,150.0,5.011,692.82,1039.2,1036.6,5,raft,14.41,20253.0,279.42,22353.4,1,2
251050.5,20.26,10,83.8,25.0,7.082,6.674,180.0,1476.0,100.0,150.0,2.833,221.39,450.0,317.2,6,raft,7.27,3159.99,31.65,2531.8,1,2
1295759.2,11.36,8,112.7,25.0,12.239,11.315,510.0,4408.1,100.0,150.0,4.895,661.22,991.8,853.0,3,raft,15.07,18287.48,236.74,18939.4,1,2
1087937.8,20.36,6,126.4,20.0,11.546,10.691,500.0,3923.2,100.0,150.0,4.618,588.48,882.7,908.0,6,raft,13.13,15541.12,206.35,16508.3,1,2
583591.9,8.24,6,115.1,25.0,9.381,8.743,300.0,2590.1,100.0,150.0,3.752,388.51,582.8,638.9,3,raft,9.68,7694.98,85.28,6822.2,1,2
1121263.0,12.34,10,177.6,20.0,11.663,10.796,510.0,4002.9,100.0,150.0,4.665,600.43,900.7,715.1,4,raft,11.26,16063.1,214.49,17159.3,1,2
188923.6,17.81,10,171.9,20.0,6.441,6.097,160.0,1221.1,100.0,150.0,2.577,183.17,450.0,300.0,5,isolated_footings,1.232,2371.49,24.08,1926.7,1,1
303644.3,15.53,6,98.0,20.0,7.545,7.091,210.0,1675.5,100.0,150.0,3.018,251.33,450.0,454.3,4,raft,7.46,3890.92,40.55,3243.6,1,2
217933.2,14.27,12,184.8,25.0,6.756,6.38,160.0,1343.1,100.0,150.0,2.702,201.47,450.0,300.0,4,isolated_footings,1.159,2707.85,26.35,2108.0,1,1
698047.6,11.17,6,245.5,25.0,9.958,9.262,340.0,2918.5,100.0,150.0,3.983,437.77,656.7,704.2,3,isolated_footings,2.642,9347.98,107.66,8613.1,1,1
1157189.1,9.49,12,96.5,25.0,11.786,10.907,480.0,4087.9,100.0,150.0,4.714,613.19,919.8,656.1,3,raft,15.34,16228.57,207.37,16589.9,1,3
1384732.1,19.36,12,160.0,20.0,12.513,11.561,580.0,4607.6,100.1,150.0,5.005,691.15,1036.7,731.8,5,raft,13.29,20187.59,278.72,22297.7,1,2
330257.3,22.33,10,235.2,25.0,7.76,7.284,210.0,1772.0,100.0,150.0,3.104,265.8,450.0,365.8,6,isolated_footings,1.402,4204.54,42.79,3423.0,1,1
407538.5,22.68,10,214.1,25.0,8.323,7.791,240.0,2038.7,100.0,150.0,3.329,305.8,458.7,409.0,6,isolated_footings,1.643,5254.73,54.91,4393.1,1,1
933902.0,8.48,12,99.2,25.0,10.973,10.176,410.0,3543.5,100.0,150.0,4.389,531.53,797.3,582.5,3,raft,13.44,12792.92,155.31,12425.2,1,2
949421.3,10.73,10,182.8,20.0,11.033,10.23,450.0,3582.7,100.0,150.0,4.413,537.4,806.1,651.4,3,raft,10.11,13329.48,170.84,13667.6,1,2
1040501.8,14.49,6,135.4,30.0,11.375,10.538,390.0,3808.3,100.0,150.0,4.55,571.24,856.9,859.6,4,raft,12.0,13927.05,159.93,12794.2,1,2
188301.8,12.83,12,148.1,25.0,6.434,6.091,150.0,1218.4,100.0,150.0,2.574,182.77,450.0,300.0,4,raft,4.7,2334.99,22.86,1829.1,1,2
515221.8,11.9,8,245.6,25.0,9.0,8.4,280.0,2383.6,100.0,150.0,3.6,357.54,536.3,518.3,3,isolated_footings,1.945,6752.74,73.71,5896.5,1,1
178816.9,11.33,12,213.3,25.0,6.324,5.992,150.0,1177.2,100.0,150.0,2.53,176.58,450.0,300.0,3,isolated_footings,0.978,2225.42,22.13,1770.8,1,1
1156061.8,13.48,8,109.4,30.0,11.782,10.904,410.0,4085.3,100.0,150.0,4.713,612.79,919.2,786.0,4,raft,14.1,15527.49,179.76,14380.9,1,2
201894.1,22.89,12,99.4,30.0,6.586,6.227,150.0,1276.4,100.0,150.0,2.634,191.46,450.0,300.0,6,raft,5.92,2491.53,23.88,1910.8,1,2
952671.4,16.88,12,109.9,25.0,11.046,10.241,420.0,3590.9,100.0,150.0,4.418,538.63,807.9,589.7,5,raft,12.92,13111.79,160.89,12871.5,1,2
185734.9,9.74,12,135.7,30.0,6.405,6.065,150.0,1207.3,100.0,150.0,2.562,181.1,450.0,300.0,3,raft,4.88,2305.36,22.67,1813.4,1,2
1337321.3,9.45,8,230.8,30.0,12.368,11.431,460.0,4501.9,100.0,150.0,4.947,675.28,1012.9,852.7,3,raft,10.53,18273.18,220.28,17622.1,1,2
1629186.8,20.11,8,157.0,25.0,13.209,12.188,600.0,5135.1,105.7,150.0,5.284,770.27,1155.4,969.0,6,raft,14.51,23599.73,321.71,25736.9,1,2
810466.2,17.25,8,115.0,25.0,10.466,9.72,380.0,3224.0,100.0,150.0,4.187,483.6,725.4,662.2,5,raft,11.59,11022.24,131.67,10533.6,1,2
634483.9,20.71,10,236.1,25.0,9.646,8.982,320.0,2738.5,100.0,150.0,3.859,410.78,616.2,518.3,6,isolated_footings,1.983,8438.7,95.58,7646.5,1,1
1449692.9,22.64,6,179.1,30.0,12.705,11.735,480.0,4750.6,101.6,150.0,5.082,712.6,1068.9,1027.3,6,raft,12.47,19891.7,242.04,19363.4,1,2
1973522.2,14.47,8,224.9,20.0,14.081,12.973,730.0,5835.3,112.6,150.0,5.632,875.3,1312.9,1089.9,4,raft,13.63,29854.63,440.19,35215.1,1,2
769984.6,16.78,6,80.1,30.0,10.289,9.56,320.0,3115.7,100.0,150.0,4.116,467.36,701.0,731.0,5,raft,13.27,10072.96,109.17,8733.7,1,2
1650468.9,13.75,10,227.2,20.0,13.267,12.24,650.0,5179.7,106.1,150.0,5.307,776.96,1165.4,883.1,4,raft,12.29,24497.7,349.49,27959.2,1,2
891845.2,17.44,10,201.0,25.0,10.806,10.025,400.0,3436.3,100.0,150.0,4.322,515.45,773.2,622.9,5,raft,9.22,12187.95,147.19,11775.4,1,2
794051.8,16.72,8,160.7,20.0,10.395,9.656,400.0,3180.3,100.0,150.0,4.158,477.04,715.6,660.7,5,raft,9.78,10972.37,135.95,10876.0,1,2
1133072.1,21.49,10,222.8,20.0,11.703,10.833,510.0,4030.9,100.0,150.0,4.681,604.64,907.0,718.4,6,raft,10.1,16214.44,216.03,17282.4,1,2
612518.2,21.96,8,102.8,20.0,9.534,8.88,340.0,2674.9,100.0,150.0,3.813,401.24,601.9,574.7,6,raft,10.63,8300.3,98.44,7875.1,1,2
1314359.0,10.3,12,191.8,20.0,12.297,11.367,560.0,4450.2,100.0,150.0,4.919,667.53,1001.3,711.0,3,raft,11.8,19057.61,260.43,20834.8,1,2
215093.7,18.28,12,226.2,30.0,6.726,6.354,150.0,1331.4,100.0,150.0,2.69,199.72,450.0,300.0,5,isolated_footings,1.035,2643.05,24.85,1988.3,1,1
1228637.5,14.81,8,157.2,25.0,12.023,11.121,500.0,4254.5,100.0,150.0,4.809,638.18,957.3,830.4,4,raft,12.42,17332.57,224.21,17937.1,1,2
1126497.6,15.2,10,118.4,25.0,11.681,10.813,470.0,4015.3,100.0,150.0,4.672,602.3,903.5,707.9,4,raft,13.65,15744.43,199.74,15979.5,1,2
1228917.9,17.25,8,201.1,25.0,12.024,11.122,500.0,4255.2,100.0,150.0,4.81,638.28,957.4,830.5,5,raft,10.99,17336.12,224.25,17939.8,1,2
851133.7,16.74,10,85.7,20.0,10.639,9.875,420.0,3330.9,100.0,150.0,4.255,499.64,749.5,614.0,5,raft,13.91,11843.11,148.96,11916.9,1,3
1157891.7,19.28,6,178.6,30.0,11.788,10.909,410.0,4089.6,100.0,150.0,4.715,613.44,920.2,908.3,5,isolated_footings,3.995,15549.86,179.96,14396.5,1,1
206123.1,19.68,10,159.0,20.0,6.631,6.268,170.0,1294.2,100.0,150.0,2.653,194.12,450.0,300.0,5,isolated_footings,1.342,2602.29,26.68,2134.8,1,1
1070545.7,17.76,8,160.3,30.0,11.484,10.636,390.0,3881.3,100.0,150.0,4.594,582.19,873.3,754.1,5,raft,11.17,14293.05,163.08,13046.4,1,2
1344287.0,18.7,10,184.2,25.0,12.389,11.451,530.0,4517.5,100.0,150.0,4.956,677.62,1016.4,780.1,5,raft,12.06,19118.91,251.44,20115.3,1,2
1093314.9,8.17,12,167.2,25.0,11.565,10.708,460.0,3936.1,100.0,150.0,4.626,590.41,885.6,635.6,3,raft,11.3,15231.74,191.92,15353.8,1,2
1169232.3,13.3,10,243.3,25.0,11.826,10.944,480.0,4116.3,100.0,150.0,4.731,617.44,926.2,722.1,4,raft,9.71,16380.49,208.85,16707.6,1,2
613956.5,8.57,10,203.6,30.0,9.541,8.887,270.0,2679.1,100.0,150.0,3.816,401.87,602.8,500.4,3,raft,7.36,7867.56,80.58,6446.3,1,2
557864.1,18.07,8,177.4,30.0,9.241,8.617,260.0,2513.4,100.0,150.0,3.697,377.0,565.5,533.1,5,isolated_footings,2.353,7142.79,73.02,5841.5,1,1
1981211.4,20.94,6,128.8,20.0,14.099,12.989,740.0,5850.4,112.8,150.0,5.64,877.57,1316.4,1263.6,6,raft,18.09,30098.16,446.99,35759.2,1,2
297301.6,9.23,10,122.8,30.0,7.492,7.043,170.0,1652.1,100.0,150.0,2.997,247.81,450.0,341.2,3,raft,6.46,3657.23,33.65,2692.2,1,2
597895.3,21.73,6,206.0,30.0,9.457,8.812,270.0,2632.2,100.0,150.0,3.783,394.83,592.2,638.2,6,isolated_footings,2.614,7677.69,79.12,6329.6,1,1
390497.0,17.47,8,192.1,25.0,8.205,7.685,230.0,1981.4,100.0,150.0,3.282,297.22,450.0,446.2,5,isolated_footings,1.893,5004.68,51.45,4116.1,1,1
1625289.3,12.18,8,162.4,30.0,13.199,12.179,520.0,5126.9,105.6,150.0,5.279,769.04,1153.6,947.5,4,raft,13.95,22564.06,281.78,22542.1,1,2
1730928.1,13.49,6,244.4,30.0,13.479,12.431,540.0,5346.7,107.8,150.0,5.391,802.01,1203.0,1131.8,4,isolated_footings,4.255,24145.84,304.64,24371.1,1,1
1871186.6,10.47,12,208.0,25.0,13.833,12.75,650.0,5631.8,110.7,150.0,5.533,844.77,1267.2,852.5,3,raft,13.58,27398.13,381.08,30486.3,1,2
1552217.2,11.81,12,203.4,20.0,12.998,11.998,630.0,4972.1,104.0,150.0,5.199,745.81,1118.7,780.4,3,raft,12.57,22957.71,325.47,26037.6,1,2
461170.7,19.75,10,89.2,25.0,8.673,8.106,260.0,2213.8,100.0,150.0,3.469,332.07,498.1,436.8,5,raft,9.7,5995.18,64.05,5124.0,1,2
1523193.7,9.86,8,158.9,25.0,12.916,11.925,570.0,4909.9,103.3,150.0,5.167,736.48,1104.7,932.8,3,raft,13.88,21867.48,292.96,23436.9,1,2
637665.9,19.94,8,144.6,30.0,9.662,8.996,280.0,2747.7,100.0,150.0,3.865,412.15,618.2,571.7,5,raft,8.92,8213.33,85.35,6828.1,1,2
810637.4,12.2,12,82.0,25.0,10.467,9.72,380.0,3224.4,100.0,150.0,4.187,483.66,725.5,540.8,4,raft,13.72,11024.35,131.69,10535.1,1,3
794908.0,13.05,6,96.6,30.0,10.399,9.659,320.0,3182.6,100.0,150.0,4.16,477.39,716.1,741.8,4,raft,12.27,10371.54,111.59,8927.1,1,2
1292977.1,23.3,12,183.8,30.0,12.23,11.307,450.0,4401.8,100.0,150.0,4.892,660.27,990.4,683.6,6,raft,11.59,17617.87,211.02,16881.7,1,2
1723793.6,13.36,10,216.4,25.0,13.46,12.414,620.0,5332.0,107.7,150.0,5.384,799.8,1199.7,893.5,4,raft,12.74,25080.35,344.75,27579.9,1,2
1325969.4,14.26,8,204.8,30.0,12.333,11.4,450.0,4476.4,100.0,150.0,4.933,671.45,1007.2,846.9,4,raft,11.1,18025.1,214.69,17175.5,1,2
1552469.7,16.32,8,133.3,20.0,12.999,11.999,630.0,4972.6,104.0,150.0,5.199,745.89,1118.8,955.8,5,raft,15.53,22961.04,325.51,26040.5,1,2
1361963.6,21.31,6,149.9,30.0,12.444,11.499,460.0,4557.0,100.0,150.0,4.977,683.55,1025.3,992.8,6,raft,13.17,18578.04,223.05,17843.7,1,2
252619.2,15.14,8,203.3,25.0,7.097,6.687,180.0,1482.1,100.0,150.0,2.839,222.32,450.0,355.6,4,isolated_footings,1.466,3178.28,31.77,2541.8,1,1
426505.1,8.38,6,89.7,30.0,8.45,7.905,220.0,2101.4,100.0,150.0,3.38,315.22,472.8,534.2,3,raft,9.17,5378.55,52.62,4209.9,1,2
1330380.8,21.37,6,200.4,20.0,12.347,11.412,570.0,4486.3,100.0,150.0,4.939,672.94,1009.4,1013.8,6,isolated_footings,4.21,19372.53,266.9,21352.3,1,1
218453.4,17.67,12,191.6,30.0,6.761,6.385,150.0,1345.3,100.0,150.0,2.704,201.79,450.0,300.0,5,isolated_footings,1.133,2681.54,25.1,2007.8,1,1
1153834.2,23.47,6,198.3,25.0,11.774,10.897,480.0,4080.0,100.0,150.0,4.71,612.01,918.0,926.7,6,isolated_footings,3.869,16186.23,206.96,16557.0,1,1
624408.8,18.57,6,188.6,25.0,9.595,8.936,320.0,2709.5,100.0,150.0,3.838,406.42,609.6,664.2,5,isolated_footings,2.843,8316.36,94.54,7563.0,1,1
1550250.3,19.08,10,123.7,20.0,12.992,11.993,630.0,4967.9,103.9,150.0,5.197,745.18,1117.8,854.4,5,raft,16.11,22931.79,325.19,26014.9,1,2
590710.6,9.0,12,136.6,20.0,9.419,8.777,330.0,2611.1,100.0,150.0,3.768,391.66,587.5,459.8,3,raft,9.04,7968.94,93.52,7481.3,1,2
553565.3,21.0,8,154.9,25.0,9.217,8.596,290.0,2500.4,100.0,150.0,3.687,375.06,562.6,537.9,6,raft,8.11,7272.19,79.84,6387.0,1,2
1959872.9,11.21,12,110.3,25.0,14.049,12.944,680.0,5808.4,112.4,150.0,5.619,871.25,1306.9,876.7,3,raft,19.18,28974.15,410.19,32815.3,1,3
261439.4,16.65,12,117.1,30.0,7.178,6.76,160.0,1516.4,100.0,150.0,2.871,227.46,450.0,300.0,5,raft,6.19,3208.17,29.56,2364.7,1,2
257186.9,15.07,10,97.6,20.0,7.139,6.725,190.0,1499.9,100.0,150.0,2.856,224.99,450.0,322.5,4,raft,6.85,3267.53,33.58,2686.2,1,2
187304.0,19.64,12,83.2,25.0,6.423,6.081,150.0,1214.1,100.0,150.0,2.569,182.12,450.0,300.0,5,raft,6.25,2323.48,22.79,1823.0,1,2
340265.8,18.25,6,193.0,25.0,7.837,7.353,210.0,1807.6,100.0,150.0,3.135,271.15,450.0,478.8,5,isolated_footings,2.026,4322.12,43.61,3489.2,1,1
345634.6,13.28,12,177.7,30.0,7.878,7.39,190.0,1826.6,100.0,150.0,3.151,273.99,450.0,337.6,4,raft,5.82,4297.37,40.54,3243.6,1,2
1429831.0,20.34,12,154.1,30.0,12.647,11.682,480.0,4707.2,101.2,150.0,5.059,706.07,1059.1,721.9,6,raft,13.36,19644.06,239.73,19178.6,1,2
1572827.2,20.57,8,80.6,30.0,13.055,12.05,510.0,5016.0,104.4,150.0,5.222,752.4,1128.6,931.0,6,raft,19.46,21783.39,270.61,21649.2,1,3
1645054.5,15.71,10,136.7,25.0,13.252,12.227,600.0,5168.4,106.0,150.0,5.301,775.26,1162.9,870.5,4,raft,15.62,23805.48,323.87,25909.8,1,2
831198.9,18.12,6,142.1,25.0,10.555,9.799,380.0,3278.7,100.0,150.0,4.222,491.81,737.7,773.5,5,raft,10.54,11277.79,133.97,10717.4,1,2
206890.7,15.35,10,190.1,20.0,6.64,6.276,170.0,1297.4,100.0,150.0,2.656,194.6,450.0,300.0,4,isolated_footings,1.229,2611.26,26.75,2139.8,1,1
1131227.2,23.48,8,130.8,25.0,11.697,10.827,470.0,4026.6,100.0,150.0,4.679,603.99,906.0,793.0,6,raft,13.01,15803.96,200.32,16025.3,1,2
1798098.4,18.09,10,162.7,30.0,13.651,12.586,550.0,5484.2,109.2,150.0,5.46,822.63,1233.9,894.3,5,raft,14.71,25123.71,318.06,25444.8,1,2
904068.3,11.03,6,112.8,30.0,10.855,10.069,350.0,3467.7,100.0,150.0,4.342,520.15,780.2,795.3,3,raft,12.17,11922.77,131.91,10553.1,1,2
1992947.9,11.82,12,90.7,30.0,14.127,13.014,590.0,5873.5,113.0,150.0,5.651,881.03,1321.5,864.0,3,raft,20.84,28139.81,364.16,29133.1,1,3
1304644.9,15.99,12,244.3,20.0,12.266,11.34,560.0,4428.2,100.0,150.0,4.907,664.23,996.4,708.6,4,raft,10.42,18931.91,259.12,20729.8,1,2
122233.2,8.9,6,148.9,20.0,5.571,5.314,150.0,913.5,100.0,150.0,2.228,137.02,450.0,300.0,3,isolated_footings,1.388,1564.77,17.46,1396.6,1,1
1623852.2,18.68,12,239.8,30.0,13.195,12.175,520.0,5123.9,105.6,150.0,5.278,768.58,1152.9,773.3,5,raft,11.47,22545.99,281.6,22528.2,1,2
340459.6,17.27,6,86.3,20.0,7.839,7.355,230.0,1808.3,100.0,150.0,3.135,271.25,450.0,483.8,5,raft,8.46,4411.26,47.11,3768.4,1,2
1003344.7,8.31,6,121.3,30.0,11.238,10.415,380.0,3717.1,100.0,150.0,4.495,557.56,836.3,842.6,3,raft,12.43,13384.17,152.42,12193.4,1,2
304548.6,10.76,6,233.8,20.0,7.553,7.098,210.0,1678.8,100.0,150.0,3.021,251.82,450.0,455.0,3,isolated_footings,1.749,3901.6,40.62,3249.8,1,1
939560.0,10.73,6,219.0,20.0,10.995,10.196,450.0,3557.8,100.0,150.0,4.398,533.67,800.5,837.0,3,isolated_footings,3.325,13204.89,169.63,13570.4,1,1
272650.4,17.52,8,90.7,20.0,7.279,6.851,200.0,1559.5,100.0,150.0,2.912,233.92,450.0,372.4,5,raft,7.34,3486.23,36.35,2907.8,1,2
881112.4,20.98,12,135.1,30.0,10.762,9.986,350.0,3408.7,100.0,150.0,4.305,511.31,767.0,555.8,6,raft,10.99,11645.66,129.6,10368.3,1,2
1173135.7,10.2,8,209.9,30.0,11.84,10.956,420.0,4125.4,100.0,150.0,4.736,618.81,928.2,793.8,3,raft,10.28,15835.19,185.54,14843.2,1,2
388222.9,9.01,10,104.0,25.0,8.189,7.67,230.0,1973.7,100.0,150.0,3.276,296.06,450.0,398.1,3,raft,8.19,4977.81,51.26,4100.7,1,2
377699.2,13.92,8,154.6,30.0,8.115,7.603,200.0,1937.9,100.0,150.0,3.246,290.69,450.0,433.1,4,isolated_footings,2.048,4713.71,44.77,3581.9,1,1
129362.8,9.6,12,212.2,20.0,5.678,5.41,150.0,948.7,100.0,150.0,2.271,142.3,450.0,300.0,3,isolated_footings,0.844,1648.8,18.08,1446.7,1,1
1765272.5,9.29,6,110.5,20.0,13.567,12.511,680.0,5417.2,108.5,150.0,5.427,812.58,1218.9,1183.5,3,raft,18.29,26400.34,381.68,30534.6,1,3
1428145.4,17.5,10,150.8,25.0,12.642,11.678,550.0,4703.5,101.1,150.0,5.057,705.52,1058.3,806.1,5,raft,13.77,20413.82,271.17,21693.4,1,2
1400098.7,11.3,10,168.9,25.0,12.559,11.603,540.0,4641.7,100.5,150.0,5.023,696.25,1044.4,796.7,3,raft,12.86,19941.84,263.01,21041.2,1,2
516544.8,10.79,6,181.4,30.0,9.007,8.407,240.0,2387.7,100.0,150.0,3.603,358.15,537.2,589.0,3,isolated_footings,2.571,6539.23,64.66,5172.9,1,1
1024780.9,23.2,10,139.1,20.0,11.318,10.486,480.0,3769.8,100.0,150.0,4.527,565.48,848.2,680.5,6,raft,12.1,14550.17,190.86,15269.0,1,2
1137535.3,11.07,6,185.2,30.0,11.719,10.847,410.0,4041.5,100.0,150.0,4.687,606.23,909.3,901.0,3,isolated_footings,3.892,15300.9,177.78,14222.5,1,1
1039704.5,15.43,8,127.0,20.0,11.373,10.535,480.0,3806.3,100.0,150.0,4.549,570.95,856.4,765.8,4,raft,12.75,14740.13,192.75,15420.4,1,2
269724.3,10.39,12,164.6,20.0,7.253,6.828,200.0,1548.3,100.0,150.0,2.901,232.24,450.0,302.6,3,raft,5.42,3451.71,36.1,2887.9,1,2
1356778.1,8.69,10,128.5,25.0,12.428,11.485,530.0,4545.4,100.0,150.0,4.971,681.81,1022.7,783.4,3,raft,14.5,19278.14,253.03,20242.7,1,2
540194.5,17.87,12,87.4,30.0,9.143,8.528,250.0,2460.0,100.0,150.0,3.657,369.0,553.5,427.0,5,raft,10.5,6874.91,69.05,5524.3,1,2
152290.3,16.6,8,213.5,25.0,5.995,5.695,150.0,1057.7,100.0,150.0,2.398,158.65,450.0,300.0,5,isolated_footings,1.111,1917.36,20.02,1601.6,1,1
1054062.2,9.13,8,202.6,30.0,11.425,10.582,390.0,3841.3,100.0,150.0,4.57,576.2,864.3,748.8,3,raft,9.87,14092.33,161.35,12908.3,1,2
1180535.5,14.71,10,119.1,20.0,11.864,10.978,520.0,4142.7,100.0,150.0,4.746,621.41,932.1,733.9,4,raft,14.11,16920.97,226.14,18091.4,1,2
685957.8,9.57,12,227.9,25.0,9.9,9.21,340.0,2884.7,100.0,150.0,3.96,432.7,649.1,494.0,3,raft,7.52,9200.43,106.38,8510.6,1,2
1788162.0,9.18,12,89.2,25.0,13.626,12.563,640.0,5463.9,109.0,150.0,5.45,819.59,1229.4,833.3,3,raft,20.27,26179.31,364.09,29126.8,1,3
332635.5,22.85,12,110.3,25.0,7.778,7.3,210.0,1780.5,100.0,150.0,3.111,267.08,450.0,335.1,6,raft,7.33,4232.5,42.98,3438.8,1,2
315989.0,19.52,10,245.8,20.0,7.646,7.182,220.0,1720.6,100.0,150.0,3.058,258.09,450.0,360.3,5,isolated_footings,1.351,4077.91,43.25,3459.7,1,1
704988.1,8.51,6,127.7,20.0,9.991,9.292,370.0,2937.8,100.0,150.0,3.996,440.67,661.0,715.3,3,raft,10.28,9644.3,116.86,9349.1,1,2
1710720.2,15.34,8,209.3,20.0,13.426,12.383,670.0,5305.0,107.4,150.0,5.37,795.75,1193.6,1008.2,4,raft,13.08,25547.25,368.43,29474.0,1,2
1778497.5,17.66,8,178.3,30.0,13.601,12.541,550.0,5444.2,108.8,150.0,5.44,816.64,1225.0,994.9,5,raft,13.98,24876.07,315.65,25252.2,1,2
1717257.8,9.38,12,226.6,20.0,13.443,12.399,670.0,5318.5,107.5,150.0,5.377,797.78,1196.7,824.6,3,raft,12.59,25634.0,369.4,29551.6,1,2
1203582.7,21.39,10,82.5,25.0,11.941,11.047,490.0,4196.5,100.0,150.0,4.776,629.47,944.2,733.7,6,raft,16.95,16913.96,217.05,17363.9,1,3
1485548.8,11.95,10,153.8,20.0,12.809,11.828,610.0,4828.7,102.5,150.0,5.124,724.3,1086.4,833.9,3,raft,14.1,21845.85,306.49,24519.5,1,2
1789054.1,17.47,8,235.3,20.0,13.628,12.565,690.0,5465.8,109.0,150.0,5.451,819.86,1229.8,1033.5,5,raft,12.64,26847.37,390.47,31237.3,1,2
864655.1,8.71,12,204.7,30.0,10.695,9.925,340.0,3366.1,100.0,150.0,4.278,504.92,757.4,549.1,3,raft,8.82,11365.87,124.7,9976.2,1,2
115560.1,16.5,12,217.7,30.0,5.468,5.221,150.0,879.9,100.0,150.0,2.187,131.99,450.0,300.0,5,isolated_footings,0.791,1485.88,16.86,1348.7,1,1
1651518.1,15.24,8,94.1,20.0,13.269,12.242,650.0,5181.9,106.2,150.0,5.308,777.29,1165.9,987.6,4,raft,19.1,24511.55,349.64,27971.4,1,3
1401661.7,14.51,8,102.6,25.0,12.563,11.607,540.0,4645.1,100.5,150.0,5.025,696.77,1045.2,891.2,4,raft,16.51,19961.86,263.22,21057.5,1,3
516171.7,23.98,6,161.6,25.0,9.005,8.405,280.0,2386.5,100.0,150.0,3.602,357.98,537.0,599.0,6,isolated_footings,2.77,6764.14,73.8,5904.0,1,1
365515.5,15.35,6,246.0,25.0,8.026,7.524,220.0,1896.0,100.0,150.0,3.211,284.4,450.0,497.4,4,isolated_footings,1.864,4663.46,47.49,3798.9,1,1
1555078.3,21.99,12,111.4,25.0,13.006,12.005,580.0,4978.2,104.0,150.0,5.202,746.73,1120.1,770.8,6,raft,16.78,22397.56,301.97,24157.6,1,2
1272281.4,19.26,6,226.3,20.0,12.164,11.248,550.0,4354.7,100.0,150.0,4.866,653.2,979.8,988.2,5,isolated_footings,3.862,18407.98,250.54,20043.2,1,1
800514.6,19.05,6,130.4,25.0,10.423,9.681,370.0,3197.5,100.0,150.0,4.169,479.63,719.4,757.7,5,raft,10.78,10822.62,127.49,10199.1,1,2
1411207.2,17.8,8,213.9,20.0,12.592,11.633,590.0,4666.2,100.7,150.0,5.037,699.93,1049.9,906.3,5,raft,11.63,20644.47,286.87,22949.7,1,2
1259887.7,13.37,6,167.5,30.0,12.125,11.212,440.0,4326.4,100.0,150.0,4.85,648.95,973.4,952.6,4,raft,11.96,17104.81,203.15,16252.2,1,2
759781.5,8.83,12,142.2,30.0,10.244,9.519,310.0,3088.1,100.0,150.0,4.097,463.22,694.8,511.8,3,raft,9.86,9876.39,105.21,8416.6,1,2
129705.0,13.86,6,175.3,20.0,5.683,5.414,150.0,950.3,100.0,150.0,2.273,142.55,450.0,300.0,4,isolated_footings,1.315,1652.83,18.11,1449.1,1,1
319891.3,13.36,6,190.3,30.0,7.678,7.21,180.0,1734.8,100.0,150.0,3.071,260.21,450.0,458.2,4,isolated_footings,1.952,3957.56,36.92,2953.8,1,1
1881338.5,17.28,8,208.0,20.0,13.858,12.773,710.0,5652.1,110.9,150.0,5.543,847.82,1271.7,1062.0,5,raft,13.81,28345.37,415.08,33206.7,1,2
674904.4,22.37,12,127.1,20.0,9.847,9.162,360.0,2853.6,100.0,150.0,3.939,428.04,642.1,494.1,6,raft,10.07,9202.46,110.69,8855.0,1,2
776986.9,15.24,6,159.9,30.0,10.32,9.588,320.0,3134.6,100.0,150.0,4.128,470.19,705.3,734.1,4,isolated_footings,3.412,10156.9,109.85,8788.2,1,1
1372701.2,16.53,10,156.8,25.0,12.476,11.529,530.0,4580.9,100.0,150.0,4.99,687.14,1030.7,787.5,5,raft,13.19,19480.95,255.06,20404.5,1,2
1609812.5,23.13,6,112.0,25.0,13.157,12.141,590.0,5094.3,105.3,150.0,5.263,764.15,1146.2,1110.0,6,raft,17.04,23225.95,314.17,25133.6,1,2
220252.1,14.25,8,129.0,20.0,6.779,6.402,170.0,1352.6,100.0,150.0,2.712,202.9,450.0,331.8,4,isolated_footings,1.717,2767.12,27.83,2226.1,1,1
263261.6,12.42,8,164.4,20.0,7.195,6.775,200.0,1523.4,100.0,150.0,2.878,228.52,450.0,366.5,4,isolated_footings,1.68,3375.39,35.54,2843.5,1,1
1065340.9,18.04,10,150.8,30.0,11.465,10.619,390.0,3868.7,100.0,150.0,4.586,580.3,870.4,673.0,5,raft,11.5,14229.69,162.54,13002.8,1,2
1105798.2,10.11,10,151.4,30.0,11.609,10.748,400.0,3966.0,100.0,150.0,4.643,594.9,892.3,686.8,3,raft,11.71,14816.9,170.56,13644.4,1,2
1307134.7,12.66,6,83.7,20.0,12.274,11.347,560.0,4433.9,100.0,150.0,4.91,665.08,997.6,1003.0,4,raft,17.81,18964.13,259.46,20756.6,1,3
1678147.7,16.31,10,150.0,25.0,13.34,12.306,610.0,5237.5,106.7,150.0,5.336,785.62,1178.4,880.6,5,raft,15.08,24359.89,333.39,26671.2,1,2
1328733.0,20.59,12,180.9,30.0,12.342,11.407,450.0,4482.6,100.0,150.0,4.937,672.39,1008.6,692.1,6,raft,11.83,18059.18,215.0,17200.1,1,2
1083824.1,16.78,12,131.7,20.0,11.531,10.678,490.0,3913.3,100.0,150.0,4.612,586.99,880.5,639.0,5,raft,12.8,15394.49,202.06,16164.9,1,2
1801649.7,12.9,10,118.6,25.0,13.66,12.594,640.0,5491.4,109.3,150.0,5.464,823.71,1235.6,915.9,4,raft,17.65,26355.61,365.98,29278.2,1,2
1942911.9,20.32,6,105.2,25.0,14.008,12.907,670.0,5774.8,112.1,150.0,5.603,866.22,1299.3,1232.0,6,raft,19.52,28611.99,402.19,32175.5,1,3
939056.7,10.66,8,201.0,25.0,10.993,10.194,420.0,3556.6,100.0,150.0,4.397,533.48,800.2,717.6,3,raft,9.5,12942.26,159.32,12745.4,1,2
405447.0,10.81,8,107.4,20.0,8.309,7.778,260.0,2031.7,100.0,150.0,3.323,304.75,457.1,460.4,3,raft,8.33,5327.51,58.62,4689.9,1,2
130245.3,13.07,8,155.0,25.0,5.69,5.421,150.0,953.0,100.0,150.0,2.276,142.94,450.0,300.0,4,isolated_footings,1.213,1659.18,18.16,1452.9,1,1
409768.3,17.0,6,193.1,25.0,8.338,7.804,240.0,2046.1,100.0,150.0,3.335,306.92,460.4,529.3,5,isolated_footings,2.239,5281.19,55.12,4409.7,1,1
338491.2,15.17,8,170.7,20.0,7.824,7.341,230.0,1801.4,100.0,150.0,3.129,270.2,450.0,417.8,4,isolated_footings,1.88,4387.82,46.93,3754.4,1,1
1844846.3,14.47,12,210.6,25.0,13.768,12.691,650.0,5578.8,110.1,150.0,5.507,836.82,1255.2,847.1,4,raft,13.41,27053.51,377.37,30189.5,1,2
1859232.0,10.5,10,190.0,25.0,13.804,12.723,650.0,5607.8,110.4,150.0,5.522,841.17,1261.8,931.2,3,raft,14.17,27241.77,379.4,30351.8,1,2
974125.8,12.64,8,215.9,30.0,11.128,10.315,370.0,3644.6,100.0,150.0,4.451,546.68,820.0,717.6,4,isolated_footings,2.871,12940.91,145.86,11668.6,1,1
1818417.5,15.07,6,204.4,20.0,13.702,12.632,700.0,5525.4,109.6,150.0,5.481,828.81,1243.2,1205.0,4,raft,13.7,27370.89,400.17,32014.0,1,2
321875.4,16.82,10,84.2,30.0,7.693,7.224,180.0,1741.9,100.0,150.0,3.077,261.29,450.0,355.9,5,raft,8.14,3980.41,37.07,2965.4,1,2
1689710.0,15.14,6,135.5,30.0,13.371,12.334,530.0,5261.5,107.0,150.0,5.348,789.23,1183.8,1116.5,4,raft,15.59,23499.09,294.54,23562.8,1,2
1300559.7,17.33,8,212.8,25.0,12.254,11.328,510.0,4419.0,100.0,150.0,4.901,662.85,994.3,854.4,5,raft,10.99,18348.34,237.34,18987.3,1,2
431645.6,9.34,12,195.1,20.0,8.484,7.936,270.0,2118.3,100.0,150.0,3.394,317.74,476.6,388.6,3,raft,6.39,5692.94,63.24,5058.9,1,2
1952887.0,14.31,12,134.0,30.0,14.032,12.929,580.0,5794.6,112.3,150.0,5.613,869.18,1303.8,853.9,4,raft,16.95,27490.38,353.51,28281.1,1,2
1047533.9,8.9,10,147.6,30.0,11.401,10.561,390.0,3825.4,100.0,150.0,4.56,573.82,860.7,667.9,3,raft,11.53,14012.78,160.67,12853.4,1,2
1714917.9,13.91,10,82.1,25.0,13.437,12.393,620.0,5313.7,107.5,150.0,5.375,797.06,1195.6,891.4,4,raft,20.64,24964.82,343.52,27481.8,1,3
735142.3,23.64,6,116.7,25.0,10.132,9.418,350.0,3021.0,100.0,150.0,4.053,453.15,679.7,723.7,6,raft,10.89,9872.25,114.46,9156.7,1,2
1495979.0,14.65,12,129.1,30.0,12.839,11.855,490.0,4851.2,102.7,150.0,5.136,727.69,1091.5,738.9,4,raft,14.95,20584.42,252.05,20163.8,1,2
1942203.3,14.78,12,103.7,30.0,14.006,12.906,580.0,5773.4,112.0,150.0,5.602,866.01,1299.0,851.8,4,raft,19.22,27354.68,352.17,28173.8,1,3
1215974.6,10.3,10,160.7,30.0,11.982,11.084,430.0,4225.2,100.0,150.0,4.793,633.79,950.7,723.9,3,raft,11.98,16461.62,194.22,15537.4,1,2
1973944.8,9.06,12,95.0,25.0,14.082,12.974,680.0,5836.1,112.7,150.0,5.633,875.42,1313.1,879.5,3,raft,20.73,29159.42,412.22,32977.5,1,3
1295671.7,12.37,8,174.5,30.0,12.238,11.314,450.0,4407.9,100.0,150.0,4.895,661.19,991.8,838.0,4,raft,11.9,17651.15,211.32,16905.8,1,2
1157436.8,22.64,8,111.6,25.0,11.787,10.908,480.0,4088.5,100.0,150.0,4.715,613.28,919.9,803.6,6,raft,14.27,16231.69,207.4,16592.3,1,2
614453.2,15.85,10,221.9,25.0,9.544,8.889,310.0,2680.6,100.0,150.0,3.817,402.09,603.1,508.7,4,raft,7.16,8130.96,90.93,7274.0,1,2
1013495.9,19.84,8,84.6,20.0,11.276,10.449,470.0,3742.1,100.0,150.0,4.51,561.32,842.0,754.7,5,raft,15.4,14316.51,185.83,14866.4,1,3
350346.7,12.8,12,101.1,30.0,7.914,7.422,190.0,1843.2,100.0,150.0,3.166,276.48,450.0,339.8,4,raft,7.76,4351.81,40.9,3271.8,1,2
1790738.7,14.67,12,234.2,30.0,13.632,12.569,550.0,5469.2,109.1,150.0,5.453,820.38,1230.6,814.8,4,raft,12.24,25030.75,317.16,25372.6,1,2
527263.0,9.91,10,163.8,20.0,9.069,8.462,310.0,2420.6,100.0,150.0,3.628,363.09,544.6,474.4,3,raft,7.78,7071.63,81.86,6549.0,1,2
1217838.1,13.79,12,176.1,25.0,11.988,11.089,490.0,4229.6,100.0,150.0,4.795,634.43,951.7,673.4,4,raft,11.66,17094.05,218.8,17504.2,1,2
1274592.3,15.62,6,143.4,30.0,12.172,11.254,440.0,4360.0,100.0,150.0,4.869,653.99,981.0,957.6,4,raft,12.99,17285.91,204.77,16381.9,1,2
1171764.2,21.52,8,178.9,20.0,11.835,10.952,520.0,4122.2,100.0,150.0,4.734,618.33,927.5,817.8,6,raft,11.47,16808.44,225.0,17999.6,1,2
673378.2,22.05,8,140.8,20.0,9.84,9.156,360.0,2849.3,100.0,150.0,3.936,427.4,641.1,604.5,6,raft,9.56,9183.59,110.52,8841.2,1,2
581707.2,14.71,10,88.3,25.0,9.371,8.734,300.0,2584.5,100.0,150.0,3.748,387.67,581.5,494.2,4,raft,11.03,7672.24,85.09,6807.0,1,2
1082744.0,22.98,8,210.3,20.0,11.527,10.675,490.0,3910.7,100.0,150.0,4.611,586.6,879.9,782.3,6,raft,10.12,15380.73,201.92,16153.9,1,2
1541144.3,17.58,8,172.4,25.0,12.967,11.97,580.0,4948.4,103.7,150.0,5.187,742.26,1113.4,940.2,5,raft,13.43,22217.52,300.1,24007.9,1,2
1662302.9,18.96,10,126.1,30.0,13.298,12.268,530.0,5204.5,106.4,150.0,5.319,780.67,1171.0,858.5,5,raft,16.03,23153.95,291.21,23297.1,1,2
1392276.0,9.53,10,220.0,20.0,12.535,11.582,580.0,4624.4,100.3,150.0,5.014,693.65,1040.5,803.6,3,raft,11.37,20285.89,279.77,22381.5,1,2
317051.4,12.5,12,150.0,20.0,7.655,7.189,220.0,1724.5,100.0,150.0,3.062,258.67,450.0,329.4,4,raft,6.18,4090.52,43.34,3467.2,1,2
249714.8,10.47,8,221.4,30.0,7.069,6.662,150.0,1470.7,100.0,150.0,2.828,220.61,450.0,347.7,3,isolated_footings,1.374,3038.44,27.3,2184.1,1,1
1246185.3,21.3,6,150.9,20.0,12.08,11.172,540.0,4294.9,100.0,150.0,4.832,644.24,966.4,976.3,6,raft,12.91,17967.49,242.9,19432.0,1,2
277303.0,10.1,6,161.5,25.0,7.32,6.888,190.0,1577.1,100.0,150.0,2.928,236.57,450.0,431.1,3,isolated_footings,1.994,3503.2,35.23,2818.2,1,1
1397548.9,10.22,12,231.3,30.0,12.551,11.596,470.0,4636.0,100.4,150.0,5.02,695.41,1043.1,712.3,3,raft,10.76,19129.73,231.51,18520.4,1,2
1070086.2,23.52,8,200.7,20.0,11.482,10.634,490.0,3880.1,100.0,150.0,4.593,582.02,873.0,778.2,6,raft,10.31,15219.4,200.31,16024.8,1,2
1501697.4,9.9,8,225.7,20.0,12.855,11.87,610.0,4863.6,102.8,150.0,5.142,729.54,1094.3,936.8,3,raft,11.7,22057.6,308.79,24703.1,1,2
1391692.0,12.92,8,102.1,20.0,12.533,11.58,580.0,4623.1,100.3,150.0,5.013,693.46,1040.2,898.2,4,raft,16.68,20278.28,279.69,22375.0,1,3
878369.9,20.21,6,93.2,25.0,10.751,9.976,400.0,3401.6,100.0,150.0,4.3,510.24,765.4,798.6,6,raft,13.44,12021.03,145.67,11653.4,1,2
1526801.4,8.68,6,85.6,30.0,12.927,11.934,500.0,4917.6,103.4,150.0,5.171,737.65,1106.5,1057.7,3,raft,18.58,21087.16,260.37,20829.6,1,3
1051284.4,8.95,6,234.4,20.0,11.415,10.573,480.0,3834.6,100.0,150.0,4.566,575.18,862.8,888.7,3,isolated_footings,3.412,14887.38,194.22,15537.4,1,1
179182.4,18.68,6,213.0,30.0,6.329,5.996,150.0,1178.8,100.0,150.0,2.532,176.82,450.0,343.9,5,isolated_footings,1.385,2229.65,22.16,1773.0,1,1
450532.3,22.42,8,194.0,20.0,8.606,8.045,280.0,2179.6,100.0,150.0,3.442,326.95,490.4,487.5,6,isolated_footings,2.057,5972.81,67.22,5377.4,1,1
227019.7,21.53,10,241.3,25.0,6.848,6.463,160.0,1380.2,100.0,150.0,2.739,207.03,450.0,300.0,6,isolated_footings,1.132,2812.72,27.04,2163.0,1,1
736796.4,21.68,8,165.8,20.0,10.139,9.425,380.0,3025.5,100.0,150.0,4.056,453.83,680.7,634.3,6,raft,9.24,10110.46,123.35,9868.4,1,2
243256.1,17.25,6,169.9,30.0,7.008,6.607,150.0,1445.3,100.0,150.0,2.803,216.79,450.0,396.6,5,isolated_footings,1.789,2964.88,26.85,2148.3,1,1
423517.7,12.51,6,245.5,20.0,8.43,7.887,270.0,2091.6,100.0,150.0,3.372,313.74,470.6,544.8,4,isolated_footings,2.044,5594.84,62.42,4993.3,1,1
1852252.6,22.73,12,142.3,30.0,13.787,12.708,560.0,5593.7,110.3,150.0,5.515,839.06,1258.6,829.5,6,raft,15.98,25941.28,330.05,26403.8,1,2
410995.3,18.78,6,110.7,25.0,8.346,7.812,240.0,2050.2,100.0,150.0,3.339,307.53,461.3,530.0,5,raft,8.18,5295.74,55.23,4418.7,1,2
1963537.2,14.79,8,149.3,25.0,14.057,12.952,680.0,5815.6,112.5,150.0,5.623,872.34,1308.5,1074.6,4,raft,16.5,29022.4,410.72,32857.6,1,2
291050.0,9.77,8,164.3,25.0,7.44,6.996,190.0,1628.8,100.0,150.0,2.976,244.33,450.0,381.8,3,isolated_footings,1.751,3663.73,36.33,2906.5,1,1
1424225.3,16.91,6,94.0,25.0,12.63,11.667,550.0,4694.8,101.0,150.0,5.052,704.23,1056.3,1039.4,5,raft,17.42,20363.46,270.65,21652.2,1,3
275659.1,12.54,10,196.8,25.0,7.306,6.875,190.0,1570.9,100.0,150.0,2.922,235.64,450.0,333.0,4,isolated_footings,1.395,3483.98,35.09,2807.5,1,1
490453.2,14.52,12,112.1,20.0,8.853,8.268,290.0,2306.6,100.0,150.0,3.541,345.99,519.0,415.6,4,raft,9.02,6510.28,73.47,5877.6,1,2
1794771.6,20.84,10,110.5,30.0,13.642,12.578,550.0,5477.4,109.1,150.0,5.457,821.61,1232.4,893.5,6,raft,17.83,25081.7,317.65,25412.2,1,3
1008714.3,9.68,12,168.9,30.0,11.258,10.433,380.0,3730.3,100.0,150.0,4.503,559.55,839.3,597.3,3,raft,10.56,13449.47,152.98,12238.1,1,2
215761.5,10.29,12,198.2,20.0,6.733,6.36,170.0,1334.2,100.0,150.0,2.693,200.13,450.0,300.0,3,isolated_footings,1.121,2714.79,27.47,2197.3,1,1
1495792.7,22.28,8,91.0,20.0,12.838,11.855,610.0,4850.8,102.7,150.0,5.135,727.62,1091.4,935.2,6,raft,18.39,21980.2,307.95,24636.0,1,3
710331.7,17.52,12,100.9,25.0,10.016,9.315,350.0,2952.6,100.0,150.0,4.007,442.89,664.3,503.8,5,raft,11.53,9568.65,111.8,8943.7,1,2
1464141.0,12.46,10,208.6,30.0,12.747,11.773,480.0,4782.2,102.0,150.0,5.099,717.32,1076.0,799.3,4,raft,11.61,20071.69,243.72,19497.3,1,2
1889288.9,13.7,12,247.9,30.0,13.878,12.79,570.0,5668.1,111.0,150.0,5.551,850.21,1275.3,839.1,4,raft,12.25,26545.64,340.05,27204.3,1,2
593836.7,20.29,6,100.8,25.0,9.436,8.792,310.0,2620.3,100.0,150.0,3.774,393.04,589.6,646.6,6,raft,10.47,7881.4,88.82,7105.6,1,2
1019683.9,18.05,8,85.1,30.0,11.299,10.469,380.0,3757.3,100.0,150.0,4.52,563.6,845.4,735.1,5,raft,14.96,13582.8,154.12,12329.3,1,3
153062.2,9.09,6,245.3,25.0,6.005,5.704,150.0,1061.2,100.0,150.0,2.402,159.19,450.0,319.7,3,isolated_footings,1.2,1926.36,20.08,1606.7,1,1
1228938.7,13.23,10,185.7,20.0,12.024,11.122,540.0,4255.2,100.0,150.0,4.81,638.28,957.4,751.6,4,raft,11.57,17745.2,240.6,19248.2,1,2
1532334.3,18.58,12,214.8,20.0,12.942,11.948,620.0,4929.5,103.5,150.0,5.177,739.43,1109.1,773.9,5,raft,12.13,22577.22,317.86,25428.4,1,2
622447.7,15.97,10,172.2,30.0,9.585,8.926,280.0,2703.8,100.0,150.0,3.834,405.57,608.3,505.7,4,raft,8.08,8032.77,83.94,6715.4,1,2
1115909.1,23.24,6,248.4,20.0,11.644,10.78,500.0,3990.1,100.0,150.0,4.658,598.52,897.8,918.4,6,isolated_footings,3.425,15898.61,209.96,16796.7,1,1
798078.3,13.03,12,155.2,20.0,10.413,9.672,400.0,3191.0,100.0,150.0,4.165,478.66,718.0,540.7,4,raft,9.97,11022.62,136.42,10913.6,1,2
114076.6,16.91,10,230.4,20.0,5.444,5.2,150.0,872.4,100.0,150.0,2.178,130.86,450.0,300.0,5,isolated_footings,0.837,1468.3,16.72,1338.0,1,1
1008385.2,10.15,12,162.9,20.0,11.257,10.432,470.0,3729.5,100.0,150.0,4.503,559.43,839.1,614.8,3,raft,11.07,14251.66,185.19,14815.2,1,2
1159267.7,15.85,12,160.9,20.0,11.793,10.914,520.0,4092.8,100.0,150.0,4.717,613.93,920.9,664.5,4,raft,12.04,16648.01,223.36,17868.5,1,2
1038035.8,14.26,12,180.5,25.0,11.366,10.53,440.0,3802.3,100.0,150.0,4.547,570.34,855.5,617.0,4,raft,10.55,14353.6,177.93,14234.5,1,2
1253032.4,13.64,10,134.5,20.0,12.103,11.192,540.0,4310.7,100.0,150.0,4.841,646.6,969.9,758.1,4,raft,13.71,18055.68,243.81,19504.7,1,2
1201403.7,10.05,10,139.3,30.0,11.934,11.041,420.0,4191.4,100.0,150.0,4.774,628.71,943.1,717.7,3,raft,12.75,16181.73,188.59,15087.5,1,2
1188735.6,20.24,10,144.7,25.0,11.892,11.003,490.0,4161.9,100.0,150.0,4.757,624.29,936.4,729.7,6,raft,12.72,16726.23,215.22,17217.4,1,2
723028.9,13.72,10,89.6,20.0,10.076,9.368,380.0,2987.7,100.0,150.0,4.03,448.16,672.2,562.5,4,raft,12.46,9939.39,121.77,9741.8,1,2
532847.2,18.37,6,234.8,20.0,9.101,8.491,310.0,2437.6,100.0,150.0,3.64,365.65,548.5,615.4,5,isolated_footings,2.361,7139.8,82.46,6596.5,1,1
1744432.9,9.83,8,83.4,25.0,13.514,12.462,630.0,5374.5,108.1,150.0,5.405,806.18,1209.3,1006.8,3,raft,20.69,25477.92,352.76,28220.6,1,3
122886.4,18.52,12,176.6,25.0,5.581,5.323,150.0,916.7,100.0,150.0,2.232,137.51,450.0,300.0,5,isolated_footings,0.904,1572.48,17.52,1401.2,1,1
569906.8,19.14,6,247.6,25.0,9.307,8.677,300.0,2549.4,100.0,150.0,3.723,382.41,573.6,632.0,5,isolated_footings,2.361,7529.81,83.9,6711.9,1,1
1162189.4,13.16,6,217.4,20.0,11.803,10.922,520.0,4099.7,100.0,150.0,4.721,614.96,922.4,940.8,4,isolated_footings,3.751,16685.53,223.74,17899.1,1,1
1397184.7,11.29,12,165.5,30.0,12.55,11.595,470.0,4635.2,100.4,150.0,5.02,695.28,1042.9,712.3,3,raft,12.72,19125.2,231.46,18517.0,1,2
712101.9,17.84,10,244.8,20.0,10.025,9.322,370.0,2957.5,100.0,150.0,4.01,443.63,665.4,556.6,5,isolated_footings,2.091,9732.41,117.67,9413.6,1,1
1019055.8,21.56,6,222.9,30.0,11.297,10.467,380.0,3755.8,100.0,150.0,4.519,563.37,845.1,848.6,6,isolated_footings,3.342,13575.17,154.05,12324.1,1,1
467456.2,12.24,10,249.4,25.0,8.712,8.141,260.0,2233.9,100.0,150.0,3.485,335.08,502.6,439.6,4,isolated_footings,1.636,6070.18,64.65,5171.9,1,1
1618975.9,17.99,6,202.0,30.0,13.182,12.163,520.0,5113.6,105.5,150.0,5.273,767.04,1150.6,1092.2,5,isolated_footings,4.517,22484.69,281.02,22481.3,1,1
234730.5,13.39,6,176.3,30.0,6.925,6.532,150.0,1411.3,100.0,150.0,2.77,211.69,450.0,390.0,4,isolated_footings,1.727,2867.65,26.26,2100.6,1,1
976773.3,11.36,6,190.8,25.0,11.138,10.325,430.0,3651.2,100.0,150.0,4.455,547.67,821.5,846.3,3,isolated_footings,3.602,13499.18,167.18,13374.1,1,1
1034047.1,12.8,10,114.0,25.0,11.352,10.517,440.0,3792.5,100.0,150.0,4.541,568.88,853.3,674.8,4,raft,13.26,14303.78,177.46,14197.1,1,2
539966.3,16.25,8,229.8,30.0,9.141,8.527,250.0,2459.3,100.0,150.0,3.657,368.9,553.3,522.9,5,isolated_footings,2.028,6872.23,69.03,5522.7,1,1
1421496.7,21.8,12,116.2,30.0,12.622,11.66,470.0,4688.8,101.0,150.0,5.049,703.33,1055.0,717.9,6,raft,15.3,19427.46,234.26,18740.5,1,2
1879300.8,12.29,12,238.9,30.0,13.853,12.768,570.0,5648.1,110.8,150.0,5.541,847.21,1270.8,837.1,4,raft,12.45,26418.95,338.81,27104.5,1,2
1272179.0,16.36,10,158.6,20.0,12.164,11.247,550.0,4354.5,100.0,150.0,4.866,653.17,979.8,765.4,5,raft,12.75,18406.65,250.53,20042.2,1,2
343421.7,18.96,10,223.5,25.0,7.861,7.375,210.0,1818.8,100.0,150.0,3.145,272.82,450.0,372.5,5,isolated_footings,1.465,4359.15,43.87,3509.9,1,1
671373.7,21.28,6,187.8,25.0,9.83,9.147,330.0,2843.7,100.0,150.0,3.932,426.55,639.8,689.2,6,isolated_footings,2.957,8953.91,102.09,8167.5,1,1
570522.8,12.59,8,123.6,30.0,9.311,8.68,260.0,2551.2,100.0,150.0,3.724,382.69,574.0,538.7,4,raft,9.09,7292.14,74.16,5932.5,1,2
510453.2,11.82,8,112.6,20.0,8.972,8.375,300.0,2368.9,100.0,150.0,3.589,355.33,533.0,520.5,3,raft,9.2,6809.25,77.79,6223.1,1,2
1604237.3,12.97,12,175.2,25.0,13.142,12.127,590.0,5082.5,105.1,150.0,5.257,762.38,1143.6,783.7,4,raft,13.61,23153.83,313.42,25073.5,1,2
872937.3,22.49,8,107.1,20.0,10.729,9.956,430.0,3387.6,100.0,150.0,4.292,508.14,762.2,696.7,6,raft,12.63,12197.78,154.81,12385.1,1,2
106826.6,20.63,10,192.0,20.0,5.327,5.094,150.0,835.0,100.0,150.0,2.131,125.25,450.0,300.0,6,isolated_footings,0.89,1382.23,16.06,1284.6,1,1
1306373.0,8.68,12,213.0,20.0,12.272,11.345,560.0,4432.1,100.0,150.0,4.909,664.82,997.2,709.1,3,raft,11.16,18954.28,259.35,20748.4,1,2
1726188.8,9.34,10,227.4,25.0,13.466,12.42,620.0,5337.0,107.7,150.0,5.387,800.54,1200.8,894.0,3,raft,12.44,25111.52,345.08,27606.4,1,2
1798707.8,18.75,6,147.5,30.0,13.652,12.587,550.0,5485.4,109.2,150.0,5.461,822.81,1234.2,1154.7,5,raft,15.45,25131.41,318.13,25450.8,1,2
1693363.0,11.78,6,168.7,30.0,13.381,12.342,530.0,5269.1,107.0,150.0,5.352,790.36,1185.5,1117.6,3,raft,13.98,23545.06,294.98,23598.1,1,2
1901865.3,22.9,10,164.4,20.0,13.909,12.818,720.0,5693.2,111.3,150.0,5.563,853.98,1281.0,956.7,6,raft,15.65,28756.2,423.67,33893.2,1,2
514249.9,9.96,10,136.0,30.0,8.994,8.394,240.0,2380.6,100.0,150.0,3.598,357.09,535.6,455.3,3,raft,8.19,6512.35,64.46,5157.0,1,2
1487610.9,20.89,8,239.0,20.0,12.815,11.834,610.0,4833.1,102.5,150.0,5.126,724.97,1087.5,932.9,6,raft,11.32,21872.9,306.79,24543.1,1,2
331341.9,10.8,10,154.7,25.0,7.768,7.291,210.0,1775.9,100.0,150.0,3.107,266.39,450.0,366.4,3,raft,6.18,4217.29,42.88,3430.2,1,2
1732654.9,8.89,10,198.9,20.0,13.483,12.435,670.0,5350.3,107.9,150.0,5.393,802.54,1203.8,906.9,3,raft,13.49,25838.18,371.67,29733.8,1,2
667155.4,14.78,8,243.8,20.0,9.809,9.128,360.0,2831.7,100.0,150.0,3.924,424.76,637.1,601.9,4,isolated_footings,2.266,9106.64,109.81,8785.2,1,1
757846.1,19.45,10,83.6,30.0,10.235,9.511,310.0,3082.9,100.0,150.0,4.094,462.43,693.6,560.0,5,raft,12.85,9853.29,105.02,8401.8,1,2
117878.4,19.83,6,197.4,30.0,5.504,5.254,150.0,891.6,100.0,150.0,2.202,133.75,450.0,300.0,5,isolated_footings,1.185,1513.32,17.07,1365.5,1,1
517367.9,16.84,10,188.6,30.0,9.012,8.411,240.0,2390.2,100.0,150.0,3.605,358.53,537.8,456.6,5,raft,6.97,6548.87,64.73,5178.6,1,2
757567.4,21.0,6,170.9,20.0,10.234,9.51,390.0,3082.1,100.0,150.0,4.093,462.32,693.5,744.3,6,isolated_footings,3.347,10442.18,128.69,10294.9,1,1
1722411.9,14.22,12,237.7,25.0,13.457,12.411,620.0,5329.2,107.7,150.0,5.383,799.38,1199.1,815.4,4,raft,12.15,25062.37,344.56,27564.7,1,2
636731.9,22.98,8,130.6,20.0,9.658,8.992,350.0,2745.0,100.0,150.0,3.863,411.75,617.6,587.1,6,raft,9.64,8663.77,103.73,8298.0,1,2
1835987.1,18.1,12,214.2,25.0,13.746,12.671,650.0,5560.9,110.0,150.0,5.498,834.14,1251.2,845.3,5,raft,13.27,26937.51,376.12,30089.5,1,2
1739566.9,21.17,12,160.1,25.0,13.501,12.451,620.0,5364.5,108.0,150.0,5.4,804.68,1207.0,819.0,6,raft,14.87,25285.56,346.92,27753.9,1,2
1856669.6,13.32,12,229.0,20.0,13.798,12.718,710.0,5602.6,110.4,150.0,5.519,840.39,1260.6,862.1,4,raft,13.09,28015.64,411.33,32906.5,1,2
1657581.7,19.18,6,139.8,30.0,13.286,12.257,520.0,5194.6,106.3,150.0,5.314,779.19,1168.8,1103.9,5,raft,15.17,22969.69,285.65,22851.9,1,2
1472001.6,16.76,10,157.1,20.0,12.77,11.793,600.0,4799.3,102.2,150.0,5.108,719.89,1079.8,828.3,5,raft,13.86,21552.8,299.95,23996.3,1,2
1535852.1,18.26,8,187.1,30.0,12.952,11.957,500.0,4937.1,103.6,150.0,5.181,740.56,1110.8,918.4,5,raft,12.6,21200.48,261.44,20915.2,1,2
315379.8,14.41,10,133.3,20.0,7.641,7.177,220.0,1718.4,100.0,150.0,3.057,257.76,450.0,360.0,4,raft,6.54,4070.67,43.19,3455.4,1,2
266115.0,11.99,8,224.0,30.0,7.221,6.799,160.0,1534.4,100.0,150.0,2.888,230.17,450.0,360.2,3,isolated_footings,1.415,3261.68,29.89,2391.4,1,1
850116.6,23.03,12,161.3,30.0,10.634,9.871,340.0,3328.3,100.0,150.0,4.254,499.24,748.9,544.8,6,raft,9.86,11190.83,123.26,9860.7,1,2
310344.1,10.78,10,215.9,20.0,7.6,7.14,220.0,1700.1,100.0,150.0,3.04,255.01,450.0,357.3,3,isolated_footings,1.429,4010.85,42.75,3419.9,1,1
214578.0,13.88,12,229.0,30.0,6.721,6.349,150.0,1329.3,100.0,150.0,2.688,199.4,450.0,300.0,4,isolated_footings,1.027,2637.14,24.82,1985.3,1,1
487749.9,23.17,8,234.2,25.0,8.837,8.253,270.0,2298.1,100.0,150.0,3.535,344.71,517.1,503.3,6,isolated_footings,1.934,6367.12,68.78,5502.1,1,1
436619.1,19.22,8,88.5,30.0,8.516,7.965,220.0,2134.5,100.0,150.0,3.407,320.18,480.3,467.7,5,raft,9.33,5496.57,53.48,4278.6,1,2
886361.6,12.16,6,242.9,20.0,10.783,10.005,430.0,3422.2,100.0,150.0,4.313,513.33,770.0,810.0,4,isolated_footings,3.055,12366.63,156.44,12514.9,1,1
1897124.8,9.88,12,211.5,25.0,13.897,12.807,660.0,5683.7,111.2,150.0,5.559,852.56,1278.8,859.9,3,raft,13.59,27873.62,390.17,31214.0,1,2
1663152.0,15.91,8,201.3,20.0,13.3,12.27,660.0,5206.2,106.4,150.0,5.32,780.93,1171.4,993.2,4,raft,13.13,24790.23,356.34,28507.2,1,2
1894802.0,21.01,10,129.0,25.0,13.891,12.802,660.0,5679.1,111.1,150.0,5.557,851.86,1277.8,941.4,6,raft,17.39,27843.17,389.85,31187.6,1,2
795043.4,14.9,8,182.0,25.0,10.4,9.66,370.0,3182.9,100.0,150.0,4.16,477.44,716.2,654.2,4,raft,9.1,10755.4,126.89,10151.3,1,2
1467080.7,11.03,8,149.4,20.0,12.756,11.78,600.0,4788.6,102.0,150.0,5.102,718.28,1077.4,924.7,3,raft,14.19,21488.45,299.26,23940.9,1,2
106107.6,23.62,8,185.0,20.0,5.315,5.083,150.0,831.3,100.0,150.0,2.126,124.69,450.0,300.0,6,isolated_footings,1.01,1373.67,15.99,1279.2,1,1
770793.6,18.95,12,94.6,25.0,10.293,9.564,360.0,3117.9,100.0,150.0,4.117,467.68,701.5,524.8,5,raft,12.4,10382.21,121.23,9698.5,1,2
309749.6,13.17,12,196.8,30.0,7.596,7.136,170.0,1697.9,100.0,150.0,3.038,254.68,450.0,317.5,4,raft,5.2,3799.88,34.54,2763.3,1,2
797816.1,14.77,10,92.4,30.0,10.412,9.671,320.0,3190.3,100.0,150.0,4.165,478.55,717.8,575.5,4,raft,12.56,10406.34,111.87,8949.5,1,2
164567.0,13.33,8,160.1,25.0,6.152,5.837,150.0,1113.8,100.0,150.0,2.461,167.07,450.0,300.0,4,isolated_footings,1.33,2060.25,21.01,1681.1,1,1
1993641.9,23.03,6,80.9,30.0,14.129,13.016,590.0,5874.9,113.0,150.0,5.652,881.23,1321.9,1222.0,6,raft,22.07,28148.64,364.25,29140.3,1,3
1258332.9,12.84,12,194.1,20.0,12.12,11.208,550.0,4322.8,100.0,150.0,4.848,648.42,972.6,695.3,4,raft,11.47,18227.74,248.66,19893.1,1,2
1937712.7,16.95,8,124.2,30.0,13.995,12.896,580.0,5764.5,112.0,150.0,5.598,864.67,1297.0,1042.2,5,raft,17.54,27297.62,351.61,28128.6,1,2
1011037.7,13.43,12,102.4,25.0,11.267,10.44,440.0,3736.1,100.0,150.0,4.507,560.41,840.6,609.7,4,raft,13.84,14016.12,174.75,13980.3,1,2
1434998.4,14.93,10,99.9,20.0,12.662,11.696,590.0,4718.5,101.3,150.0,5.065,707.77,1061.7,816.7,4,raft,17.14,20955.14,290.2,23216.0,1,3
1958107.4,15.99,10,207.1,25.0,14.044,12.94,670.0,5804.9,112.4,150.0,5.618,870.73,1306.1,957.7,4,raft,13.96,28811.47,404.36,32348.8,1,2
601704.7,22.03,10,167.9,25.0,9.477,8.83,310.0,2643.4,100.0,150.0,3.791,396.51,594.8,503.9,6,raft,8.16,7976.7,89.63,7170.1,1,2
1790710.0,13.05,12,209.8,20.0,13.632,12.569,690.0,5469.1,109.1,150.0,5.453,820.37,1230.6,844.2,4,raft,13.39,26869.42,390.72,31257.2,1,2
1133565.7,22.77,12,89.0,20.0,11.705,10.835,510.0,4032.1,100.0,150.0,4.682,604.82,907.2,655.9,6,raft,15.97,16220.76,216.09,17287.5,1,3
156406.0,10.93,12,124.2,30.0,6.048,5.744,150.0,1076.6,100.0,150.0,2.419,161.5,450.0,300.0,3,raft,4.71,1965.33,20.36,1628.5,1,2
960909.0,9.86,12,86.9,25.0,11.078,10.27,420.0,3611.5,100.0,150.0,4.431,541.73,812.6,592.0,3,raft,14.59,13214.28,161.84,12947.6,1,3
1978196.2,16.97,12,163.8,30.0,14.092,12.983,590.0,5844.5,112.7,150.0,5.637,876.68,1315.0,861.1,5,raft,15.46,27952.0,362.3,28983.7,1,2
1740414.6,9.98,6,114.6,25.0,13.503,12.453,620.0,5366.2,108.0,150.0,5.401,804.94,1207.4,1158.5,3,raft,17.58,25296.58,347.04,27763.2,1,3
402277.2,10.69,10,175.8,30.0,8.287,7.758,210.0,2021.1,100.0,150.0,3.315,303.16,454.7,400.8,3,raft,6.34,5046.65,48.6,3887.9,1,2
1192070.9,17.34,6,169.4,30.0,11.903,11.013,420.0,4169.7,100.0,150.0,4.761,625.45,938.2,923.3,5,raft,11.52,16067.38,187.59,15007.0,1,2
402109.3,22.73,8,210.6,30.0,8.286,7.757,210.0,2020.5,100.0,150.0,3.314,303.08,454.6,448.0,6,isolated_footings,1.815,5044.7,48.59,3886.8,1,1
233895.2,13.26,10,195.8,30.0,6.917,6.525,150.0,1407.9,100.0,150.0,2.767,211.19,450.0,301.6,4,isolated_footings,1.267,2858.12,26.2,2095.9,1,1
287882.3,13.98,6,222.3,20.0,7.412,6.971,210.0,1617.0,100.0,150.0,2.965,242.55,450.0,443.3,4,isolated_footings,1.748,3704.45,39.19,3134.8,1,1
106305.3,15.36,12,157.2,25.0,5.318,5.086,150.0,832.3,100.0,150.0,2.127,124.84,450.0,300.0,4,isolated_footings,0.896,1376.02,16.01,1280.7,1,1
1208698.3,8.09,6,191.5,25.0,11.958,11.062,490.0,4208.4,100.0,150.0,4.783,631.26,946.9,949.1,3,isolated_footings,4.031,16978.61,217.68,17414.3,1,1
683585.2,19.7,8,115.9,20.0,9.889,9.2,360.0,2878.0,100.0,150.0,3.956,431.71,647.6,608.6,5,raft,10.61,9309.7,111.66,8932.8,1,2
1613038.0,12.53,6,206.4,30.0,13.166,12.149,520.0,5101.1,105.3,150.0,5.266,765.17,1147.8,1090.4,4,isolated_footings,4.461,22410.02,280.3,22424.0,1,1
1906205.4,14.1,12,123.4,20.0,13.919,12.827,720.0,5701.8,111.4,150.0,5.568,855.28,1282.9,874.3,4,raft,18.09,28814.33,424.33,33946.3,1,2
1931846.2,21.85,6,83.5,20.0,13.981,12.883,720.0,5752.9,111.9,150.0,5.593,862.93,1294.4,1243.7,6,raft,22.12,29157.51,428.25,34259.8,1,3
367734.3,20.47,10,190.0,30.0,8.043,7.538,200.0,1903.7,100.0,150.0,3.217,285.55,450.0,382.6,6,isolated_footings,1.632,4598.14,44.01,3521.0,1,1
350562.6,12.78,12,205.1,25.0,7.915,7.424,220.0,1843.9,100.0,150.0,3.166,276.59,450.0,345.0,4,raft,5.54,4487.17,46.23,3698.2,1,2
1812281.8,17.66,10,193.1,25.0,13.687,12.618,640.0,5513.0,109.5,150.0,5.475,826.95,1240.4,918.3,5,raft,13.86,26494.5,367.47,29397.3,1,2
1049673.8,15.83,12,161.0,30.0,11.409,10.568,390.0,3830.6,100.0,150.0,4.564,574.6,861.9,610.2,4,raft,11.05,14038.86,160.89,12871.4,1,2
1220664.5,9.44,12,217.9,30.0,11.997,11.098,430.0,4236.1,100.0,150.0,4.799,635.41,953.1,662.0,3,raft,10.31,16519.28,194.73,15578.4,1,2
413393.9,18.09,6,86.9,25.0,8.363,7.826,240.0,2058.2,100.0,150.0,3.345,308.72,463.1,531.5,5,raft,9.26,5324.18,55.46,4436.5,1,2
1947880.0,18.82,8,238.2,30.0,14.02,12.918,580.0,5784.6,112.2,150.0,5.608,867.7,1301.5,1044.6,5,raft,12.7,27426.78,352.88,28230.8,1,2
1277641.2,16.39,10,159.6,20.0,12.181,11.263,550.0,4366.9,100.0,150.0,4.873,655.04,982.6,766.9,5,raft,12.73,18477.19,251.26,20100.8,1,2
1819055.0,15.64,8,247.3,30.0,13.704,12.633,560.0,5526.7,109.6,150.0,5.481,829.01,1243.5,1007.7,4,raft,12.02,25521.02,325.94,26074.9,1,2
1810662.1,21.46,12,130.2,20.0,13.683,12.614,690.0,5509.7,109.5,150.0,5.473,826.45,1239.7,848.4,6,raft,17.08,27135.01,393.71,31496.5,1,2
1124438.9,22.68,6,166.8,25.0,11.674,10.806,470.0,4010.4,100.0,150.0,4.669,601.57,902.4,913.2,6,raft,11.49,15718.52,199.49,15959.5,1,2
234244.5,18.57,10,140.4,30.0,6.92,6.528,150.0,1409.3,100.0,150.0,2.768,211.4,450.0,302.8,5,raft,5.34,2862.1,26.22,2097.9,1,2
209450.6,16.06,6,205.9,25.0,6.667,6.3,160.0,1308.0,100.0,150.0,2.667,196.21,450.0,372.1,5,isolated_footings,1.524,2609.75,25.7,2055.9,1,1
400126.8,10.92,12,87.7,25.0,8.272,7.745,240.0,2013.9,100.0,150.0,3.309,302.08,453.1,370.2,3,raft,9.08,5166.74,54.22,4337.9,1,2
1759672.9,12.76,12,208.8,25.0,13.553,12.498,630.0,5405.8,108.4,150.0,5.421,810.86,1216.3,825.3,4,raft,13.13,25676.75,354.88,28390.4,1,2
1266430.3,12.24,8,115.9,20.0,12.146,11.231,550.0,4341.3,100.0,150.0,4.858,651.2,976.8,854.1,4,raft,14.89,18332.39,249.75,19980.3,1,2
1506707.2,17.66,6,153.7,20.0,12.87,11.883,610.0,4874.4,103.0,150.0,5.148,731.16,1096.7,1083.4,5,raft,14.2,22123.25,309.5,24759.8,1,2
61401.8,9.87,8,191.5,25.0,4.429,4.286,150.0,577.2,100.0,150.0,1.772,86.59,450.0,300.0,3,isolated_footings,0.774,833.42,11.42,913.4,1,1
1399022.1,21.9,12,131.5,30.0,12.555,11.6,470.0,4639.3,100.4,150.0,5.022,695.89,1043.8,712.7,6,raft,14.28,19148.05,231.67,18534.0,1,2
753421.1,18.78,12,216.8,20.0,10.215,9.493,390.0,3070.9,100.0,150.0,4.086,460.63,690.9,525.0,5,raft,8.19,10390.51,128.2,10256.2,1,2
293924.5,8.22,6,218.7,30.0,7.464,7.018,170.0,1639.6,100.0,150.0,2.986,245.93,450.0,438.1,3,isolated_footings,1.742,3618.48,33.41,2672.7,1,1
1942514.7,21.74,8,161.8,20.0,14.007,12.906,730.0,5774.0,112.1,150.0,5.603,866.1,1299.2,1082.3,6,raft,15.96,29438.86,435.42,34833.7,1,2
1316992.7,14.97,8,94.6,25.0,12.305,11.375,520.0,4456.1,100.0,150.0,4.922,668.42,1002.6,861.7,4,raft,16.62,18663.56,243.67,19493.2,1,3
338923.0,14.75,6,108.2,20.0,7.827,7.344,230.0,1802.9,100.0,150.0,3.131,270.43,450.0,482.8,4,isolated_footings,2.728,4392.96,46.97,3757.5,1,1
1490623.3,15.12,12,160.2,25.0,12.824,11.841,560.0,4839.6,102.6,150.0,5.129,725.95,1088.9,752.2,4,raft,13.66,21331.21,283.97,22717.4,1,2
1191191.2,11.22,12,88.7,20.0,11.9,11.01,530.0,4167.6,100.0,150.0,4.76,625.15,937.7,674.6,3,raft,16.46,17157.69,231.54,18522.9,1,3
250193.9,21.56,12,246.5,25.0,7.074,6.666,170.0,1472.6,100.0,150.0,2.829,220.89,450.0,300.0,6,isolated_footings,1.076,3114.63,30.16,2413.1,1,1
1487302.7,17.53,10,86.3,25.0,12.814,11.833,560.0,4832.5,102.5,150.0,5.126,724.87,1087.3,823.2,5,raft,18.59,21288.52,283.53,22682.5,1,3
997896.9,17.46,12,119.4,20.0,11.218,10.396,470.0,3703.6,100.0,150.0,4.487,555.54,833.3,612.0,5,raft,12.87,14118.49,183.87,14709.8,1,2
1080202.2,14.75,10,174.1,25.0,11.518,10.667,460.0,3904.6,100.0,150.0,4.607,585.68,878.5,692.5,4,raft,11.01,15067.0,190.35,15227.7,1,2
1791110.5,14.67,12,99.9,30.0,13.633,12.57,550.0,5470.0,109.1,150.0,5.453,820.49,1230.7,814.9,4,raft,18.74,25035.45,317.2,25376.2,1,3
1880980.7,13.55,12,83.5,25.0,13.857,12.772,660.0,5651.4,110.9,150.0,5.543,847.71,1271.6,856.6,4,raft,21.54,27661.9,387.88,31030.6,1,3
1466107.8,15.51,12,119.5,20.0,12.753,11.778,600.0,4786.4,102.0,150.0,5.101,717.97,1076.9,754.8,4,raft,15.87,21475.73,299.12,23930.0,1,2
1195934.5,18.96,12,102.3,25.0,11.916,11.024,490.0,4178.7,100.0,150.0,4.766,626.8,940.2,667.9,5,raft,15.17,16817.28,216.11,17288.5,1,2
1459840.3,14.25,12,221.6,30.0,12.735,11.761,480.0,4772.8,101.9,150.0,5.094,715.92,1073.9,728.7,4,raft,11.25,20018.12,243.22,19457.5,1,2
1322375.4,13.76,12,216.0,20.0,12.322,11.39,560.0,4468.3,100.0,150.0,4.929,670.24,1005.4,712.9,4,raft,11.15,19161.29,261.52,20921.3,1,2
1262592.6,12.52,6,193.4,20.0,12.133,11.22,550.0,4332.6,100.0,150.0,4.853,649.88,974.8,984.9,4,isolated_footings,4.163,18282.8,249.24,19939.0,1,1
387917.7,10.5,12,97.2,25.0,8.187,7.668,230.0,1972.7,100.0,150.0,3.275,295.91,450.0,363.2,3,raft,8.47,4974.2,51.23,4098.6,1,2
1888956.7,15.9,8,115.6,20.0,13.877,12.789,710.0,5667.4,111.0,150.0,5.551,850.11,1275.2,1063.9,4,raft,18.56,28447.12,416.24,33299.2,1,3
1998559.4,13.74,10,140.7,20.0,14.14,13.026,740.0,5884.6,113.1,150.0,5.656,882.68,1324.0,982.6,4,raft,17.38,30331.27,449.68,35974.1,1,2
390693.9,21.75,6,217.2,25.0,8.207,7.686,230.0,1982.1,100.0,150.0,3.283,297.32,450.0,515.4,6,isolated_footings,2.056,5007.01,51.47,4117.5,1,1
889709.9,17.88,6,175.5,25.0,10.797,10.017,400.0,3430.8,100.0,150.0,4.319,514.63,771.9,803.2,5,isolated_footings,3.564,12161.51,146.95,11756.1,1,1
552753.2,13.45,10,210.8,30.0,9.213,8.592,250.0,2498.0,100.0,150.0,3.685,374.7,562.0,472.8,4,isolated_footings,1.914,7022.44,70.16,5612.6,1,1
571607.9,10.42,6,200.1,25.0,9.317,8.685,300.0,2554.5,100.0,150.0,3.727,383.17,574.8,632.9,3,isolated_footings,2.63,7550.35,84.07,6725.7,1,1
1608024.4,23.4,6,245.7,30.0,13.152,12.137,510.0,5090.5,105.2,150.0,5.261,763.58,1145.4,1085.8,6,isolated_footings,4.072,22224.69,274.8,21984.4,1,1
1238828.9,21.73,6,220.0,20.0,12.057,11.151,540.0,4278.0,100.0,150.0,4.823,641.7,962.6,973.7,6,isolated_footings,3.859,17872.7,241.92,19353.7,1,1
1039246.2,10.67,6,228.0,25.0,11.371,10.534,440.0,3805.2,100.0,150.0,4.548,570.78,856.2,873.1,3,isolated_footings,3.399,14368.72,178.07,14245.9,1,1
356213.5,12.67,12,209.5,25.0,7.958,7.462,220.0,1863.7,100.0,150.0,3.183,279.55,450.0,347.6,4,raft,5.52,4553.84,46.71,3736.4,1,2
1478476.2,9.59,10,136.9,20.0,12.789,11.81,610.0,4813.3,102.3,150.0,5.115,722.0,1083.0,832.1,3,raft,14.92,21753.06,305.49,24439.0,1,2
289817.8,11.23,12,210.8,20.0,7.429,6.986,210.0,1624.2,100.0,150.0,2.972,243.64,450.0,314.4,3,isolated_footings,1.273,3727.38,39.35,3148.3,1,1
528366.3,20.95,10,128.7,20.0,9.075,8.468,310.0,2424.0,100.0,150.0,3.63,363.59,545.4,474.9,6,raft,8.78,7085.11,81.98,6558.4,1,2
216206.0,13.96,12,141.3,30.0,6.738,6.364,150.0,1336.0,100.0,150.0,2.695,200.4,450.0,300.0,4,raft,5.13,2655.8,24.93,1994.8,1,2
528630.0,20.05,12,213.8,20.0,9.077,8.469,310.0,2424.8,100.0,150.0,3.631,363.71,545.6,433.6,6,raft,6.81,7088.33,82.01,6560.7,1,2
1613448.9,14.61,12,232.7,30.0,13.167,12.15,520.0,5102.0,105.3,150.0,5.267,765.3,1147.9,771.1,4,raft,11.62,22415.19,280.35,22427.9,1,2
1599484.3,13.79,6,155.2,20.0,13.129,12.116,640.0,5072.5,105.0,150.0,5.251,760.87,1141.3,1121.3,4,raft,14.62,23701.5,337.14,26971.5,1,2
1449370.2,16.28,6,94.4,25.0,12.704,11.734,550.0,4749.9,101.6,150.0,5.082,712.49,1068.7,1047.6,5,raft,17.52,20686.27,273.95,21915.8,1,3
833219.2,20.36,12,90.4,20.0,10.564,9.807,420.0,3284.0,100.0,150.0,4.225,492.61,738.9,555.1,6,raft,13.41,11618.18,146.81,11744.9,1,2
1337343.5,18.26,6,246.2,30.0,12.368,11.431,460.0,4501.9,100.0,150.0,4.947,675.29,1012.9,984.6,5,isolated_footings,3.689,18273.46,220.28,17622.3,1,1
1608188.0,22.01,10,151.3,30.0,13.152,12.137,510.0,5090.9,105.2,150.0,5.261,763.63,1145.4,841.1,6,raft,14.34,22226.74,274.82,21985.9,1,2
1416541.3,21.98,10,234.6,20.0,12.608,11.647,590.0,4677.9,100.9,150.0,5.043,701.69,1052.5,812.0,6,raft,11.12,20714.16,287.62,23009.5,1,2
1662656.9,22.4,8,199.1,25.0,13.299,12.269,610.0,5205.2,106.4,150.0,5.32,780.78,1171.2,980.4,6,raft,13.04,24158.57,331.26,26501.1,1,2
1305564.7,22.2,12,198.6,30.0,12.269,11.342,450.0,4430.3,100.0,150.0,4.908,664.55,996.8,686.6,6,raft,11.2,17773.32,212.43,16994.1,1,2
838786.1,11.16,10,94.3,30.0,10.587,9.828,330.0,3298.6,100.0,150.0,4.235,494.8,742.2,591.1,3,raft,12.77,10975.06,118.96,9516.7,1,2
702261.2,19.6,8,168.5,30.0,9.978,9.28,300.0,2930.2,100.0,150.0,3.991,439.53,659.3,602.3,5,raft,8.71,9117.85,96.85,7747.9,1,2
603659.3,9.49,10,168.6,30.0,9.488,8.839,270.0,2649.1,100.0,150.0,3.795,397.36,596.0,496.5,3,raft,8.02,7745.86,79.65,6371.6,1,2
362053.3,8.45,10,121.0,25.0,8.001,7.501,220.0,1884.0,100.0,150.0,3.2,282.6,450.0,383.6,3,raft,7.31,4622.68,47.2,3775.7,1,2
1466693.0,23.79,6,204.4,25.0,12.755,11.779,560.0,4787.7,102.0,150.0,5.102,718.16,1077.2,1056.1,6,isolated_footings,4.342,21023.41,280.81,22464.7,1,1
556525.1,16.12,6,88.1,30.0,9.234,8.61,260.0,2509.3,100.0,150.0,3.694,376.4,564.6,614.9,5,raft,10.64,7126.98,72.9,5831.8,1,2
1885618.9,15.18,6,157.0,20.0,13.869,12.782,710.0,5660.7,111.0,150.0,5.548,849.11,1273.7,1227.5,4,raft,15.92,28402.55,415.73,33258.7,1,2
1620505.7,23.82,8,139.6,25.0,13.186,12.167,600.0,5116.8,105.5,150.0,5.274,767.53,1151.3,966.7,6,raft,15.35,23487.1,320.53,25642.2,1,2
1350498.6,21.04,8,201.4,30.0,12.409,11.468,460.0,4531.4,100.0,150.0,4.963,679.71,1019.6,856.5,6,raft,11.32,18436.25,221.76,17740.8,1,2
1488149.0,9.68,8,219.9,25.0,12.817,11.835,560.0,4834.3,102.5,150.0,5.127,725.14,1087.7,920.6,3,raft,11.65,21299.4,283.64,22691.4,1,2
935903.7,10.34,12,220.8,20.0,10.981,10.183,450.0,3548.6,100.0,150.0,4.392,532.29,798.4,590.8,3,raft,9.14,13158.67,169.18,13534.3,1,2
229884.8,14.8,8,161.0,25.0,6.877,6.489,170.0,1391.8,100.0,150.0,2.751,208.77,450.0,338.5,4,isolated_footings,1.568,2879.17,28.59,2287.2,1,1
202241.7,18.83,12,180.0,30.0,6.589,6.23,150.0,1277.9,100.0,150.0,2.636,191.68,450.0,300.0,5,isolated_footings,1.127,2495.52,23.91,1912.9,1,1
1568708.2,21.95,12,188.2,25.0,13.044,12.039,580.0,5007.2,104.4,150.0,5.218,751.08,1126.6,773.8,6,raft,12.96,22573.55,303.8,24303.7,1,2
1393584.8,23.17,12,220.0,20.0,12.539,11.585,580.0,4627.3,100.3,150.0,5.016,694.09,1041.1,733.9,6,raft,11.37,20302.94,279.95,22396.0,1,2
1036282.5,15.76,12,102.0,30.0,11.36,10.524,380.0,3798.0,100.0,150.0,4.544,569.7,854.5,604.7,4,raft,13.76,13784.38,155.83,12466.6,1,2
1050711.7,16.47,8,157.4,20.0,11.413,10.571,480.0,3833.2,100.0,150.0,4.565,574.98,862.5,769.5,5,raft,11.51,14880.1,194.15,15531.7,1,2
1505667.8,23.11,10,236.7,20.0,12.867,11.88,610.0,4872.2,102.9,150.0,5.147,730.82,1096.2,838.9,6,raft,11.44,22109.63,309.35,24748.1,1,2
1223120.4,14.54,6,142.8,25.0,12.005,11.105,490.0,4241.8,100.0,150.0,4.802,636.27,954.4,954.2,4,raft,12.97,17160.75,219.45,17556.0,1,2
128550.2,10.45,10,131.8,25.0,5.666,5.399,150.0,944.7,100.0,150.0,2.266,141.7,450.0,300.0,3,isolated_footings,1.169,1639.24,18.01,1441.1,1,1
641357.2,15.77,8,104.2,30.0,9.681,9.013,280.0,2758.3,100.0,150.0,3.872,413.74,620.6,573.2,4,raft,10.54,8257.09,85.69,6855.3,1,2
872426.1,22.99,10,231.1,20.0,10.727,9.954,430.0,3386.3,100.0,150.0,4.291,507.94,761.9,622.9,6,raft,8.59,12191.34,154.75,12380.1,1,2
407000.4,19.83,6,100.8,25.0,8.319,7.787,240.0,2036.9,100.0,150.0,3.328,305.53,458.3,527.7,5,raft,8.54,5248.35,54.86,4389.1,1,2
181750.9,8.71,12,177.4,30.0,6.359,6.023,150.0,1190.0,100.0,150.0,2.544,178.5,450.0,300.0,3,isolated_footings,1.08,2259.35,22.36,1788.9,1,1
932130.1,13.41,12,160.8,30.0,10.966,10.169,360.0,3539.0,100.0,150.0,4.386,530.86,796.3,572.3,4,raft,10.37,12345.93,138.11,11049.0,1,2
1675682.8,10.12,8,165.8,25.0,13.334,12.3,610.0,5232.3,106.7,150.0,5.334,784.85,1177.3,983.9,3,raft,14.34,24327.87,333.05,26644.2,1,2
1535273.6,18.68,8,227.3,25.0,12.95,11.955,570.0,4935.8,103.6,150.0,5.18,740.37,1110.6,936.1,5,raft,11.65,22023.08,294.57,23565.3,1,2
224164.2,18.0,12,145.8,25.0,6.819,6.437,160.0,1368.6,100.0,150.0,2.728,205.29,450.0,300.0,5,raft,5.17,2779.78,26.82,2145.8,1,2
711045.9,8.73,12,205.1,30.0,10.02,9.318,300.0,2954.6,100.0,150.0,4.008,443.19,664.8,494.6,3,raft,7.94,9222.58,97.68,7814.4,1,2
222633.3,10.65,6,177.2,30.0,6.804,6.423,150.0,1362.4,100.0,150.0,2.722,204.36,450.0,380.5,3,isolated_footings,1.68,2729.4,25.4,2031.9,1,1
652253.8,18.32,6,112.7,30.0,9.736,9.062,280.0,2789.4,100.0,150.0,3.894,418.41,627.6,667.0,5,raft,10.21,8386.19,86.69,6935.3,1,2
1106576.9,20.12,8,207.6,30.0,11.611,10.75,400.0,3967.9,100.0,150.0,4.645,595.18,892.8,768.1,6,raft,10.0,14826.4,170.64,13651.1,1,2
1798885.3,9.92,8,243.6,25.0,13.653,12.588,640.0,5485.8,109.2,150.0,5.461,822.87,1234.3,1023.3,3,raft,12.3,26319.48,365.59,29247.2,1,2
1584176.2,11.92,12,94.4,30.0,13.087,12.078,510.0,5040.1,104.7,150.0,5.235,756.01,1134.0,762.6,3,raft,18.04,21925.76,271.97,21757.5,1,3
1233366.9,14.43,6,163.6,20.0,12.039,11.135,540.0,4265.4,100.0,150.0,4.816,639.82,959.7,971.8,4,raft,12.35,17802.3,241.19,19295.5,1,2
712915.3,10.89,6,226.1,25.0,10.028,9.326,350.0,2959.8,100.0,150.0,4.011,443.97,666.0,713.7,3,isolated_footings,2.79,9600.3,112.08,8966.0,1,1
794921.4,9.46,6,172.1,25.0,10.399,9.659,370.0,3182.6,100.0,150.0,4.16,477.39,716.1,755.3,3,isolated_footings,3.385,10753.9,126.88,10150.2,1,1
330866.8,12.09,6,106.2,25.0,7.764,7.288,210.0,1774.2,100.0,150.0,3.106,266.13,450.0,472.7,4,isolated_footings,2.696,4211.71,42.84,3427.1,1,1
1373286.7,8.94,10,110.8,30.0,12.478,11.53,460.0,4582.2,100.0,150.0,4.991,687.33,1031.0,771.9,3,raft,15.38,18718.0,224.31,17945.2,1,2
164078.5,14.24,10,104.2,25.0,6.146,5.831,150.0,1111.6,100.0,150.0,2.458,166.74,450.0,300.0,4,raft,5.25,2054.58,20.97,1678.0,1,2
552971.9,23.07,6,88.8,20.0,9.214,8.593,320.0,2498.6,100.0,150.0,3.686,374.8,562.2,628.5,6,raft,10.84,7445.1,86.98,6958.4,1,2
1516660.8,17.38,12,166.5,30.0,12.898,11.908,490.0,4895.8,103.2,150.0,5.159,734.38,1101.6,743.5,5,raft,13.24,20842.57,254.46,20357.2,1,2
800844.9,9.84,6,134.1,30.0,10.425,9.682,320.0,3198.4,100.0,150.0,4.17,479.76,719.6,744.3,3,raft,10.44,10442.57,112.16,8972.8,1,2
843799.1,15.75,12,187.7,20.0,10.608,9.847,420.0,3311.8,100.0,150.0,4.243,496.77,745.2,558.3,4,raft,9.36,11751.06,148.08,11846.6,1,2
574861.5,23.42,6,121.9,30.0,9.334,8.701,260.0,2564.2,100.0,150.0,3.734,384.62,576.9,624.2,6,raft,9.19,7343.29,74.54,5963.6,1,2
1320524.3,10.01,12,155.8,30.0,12.316,11.384,450.0,4464.1,100.0,150.0,4.926,669.61,1004.4,690.2,3,raft,12.7,17957.93,214.09,17127.2,1,2
1025843.1,20.53,8,143.5,20.0,11.322,10.49,480.0,3772.4,100.0,150.0,4.529,565.87,848.8,761.2,6,raft,11.92,14563.7,191.0,15279.8,1,2
1574946.1,16.6,12,243.4,30.0,13.061,12.055,510.0,5020.5,104.5,150.0,5.224,753.07,1129.6,760.6,5,raft,11.2,21809.97,270.87,21669.4,1,2
930896.9,8.02,12,243.4,30.0,10.961,10.165,360.0,3535.9,100.0,150.0,4.384,530.39,795.6,571.9,3,raft,8.42,12331.01,137.99,11039.0,1,2
614036.4,23.55,6,90.2,25.0,9.542,8.887,310.0,2679.4,100.0,150.0,3.817,401.9,602.9,656.6,6,raft,11.23,8125.92,90.88,7270.7,1,2
582940.7,12.01,12,249.9,30.0,9.378,8.74,260.0,2588.1,100.0,150.0,3.751,388.22,582.3,444.2,4,raft,6.46,7438.47,75.27,6021.2,1,2
464870.6,21.45,10,87.7,30.0,8.696,8.127,230.0,2225.6,100.0,150.0,3.479,333.85,500.8,432.6,6,raft,9.69,5878.97,57.99,4639.1,1,2
1091474.1,9.12,6,147.2,20.0,11.558,10.702,500.0,3931.7,100.0,150.0,4.623,589.75,884.6,909.3,3,raft,12.18,15586.35,206.81,16544.8,1,2
1669471.3,19.6,10,229.3,20.0,13.317,12.286,660.0,5219.4,106.5,150.0,5.327,782.91,1174.4,889.8,5,raft,12.33,24873.95,357.27,28581.8,1,2
1240368.4,23.32,10,230.3,25.0,12.062,11.155,500.0,4281.6,100.0,150.0,4.825,642.23,963.4,746.0,6,raft,10.31,17481.2,225.67,18053.8,1,2
1288581.3,23.67,12,126.4,30.0,12.216,11.294,440.0,4391.8,100.0,150.0,4.886,658.77,988.2,680.5,6,raft,13.91,17458.07,206.31,16504.9,1,2
1966892.8,13.47,12,243.0,25.0,14.065,12.959,680.0,5822.2,112.5,150.0,5.626,873.33,1310.0,878.1,4,raft,12.94,29066.59,411.2,32896.3,1,2
80955.5,19.07,6,183.5,20.0,4.856,4.671,150.0,694.1,100.0,150.0,1.943,104.11,450.0,300.0,5,isolated_footings,1.035,1072.01,13.53,1082.3,1,1
1807817.7,18.76,12,174.5,30.0,13.675,12.608,560.0,5503.9,109.4,150.0,5.47,825.59,1238.4,820.5,5,raft,14.27,25378.64,324.54,25963.1,1,2
1421434.4,20.2,6,213.8,30.0,12.622,11.66,470.0,4688.7,101.0,150.0,5.049,703.31,1055.0,1015.2,6,isolated_footings,4.081,19426.69,234.25,18740.0,1,1
1319969.6,16.62,12,194.3,25.0,12.314,11.383,520.0,4462.8,100.0,150.0,4.926,669.43,1004.1,704.3,5,raft,11.61,18701.42,244.04,19523.3,1,2
1945476.1,14.02,10,145.7,30.0,14.014,12.913,580.0,5779.9,112.1,150.0,5.606,866.98,1300.5,933.8,4,raft,16.23,27396.25,352.58,28206.7,1,2
1968401.2,10.0,10,239.2,25.0,14.069,12.962,680.0,5825.2,112.6,150.0,5.628,873.78,1310.7,962.2,3,raft,13.05,29086.45,411.42,32913.7,1,2
68258.4,19.89,10,195.7,30.0,4.588,4.429,150.0,619.4,100.0,150.0,1.835,92.92,450.0,300.0,5,isolated_footings,0.718,917.58,12.18,974.6,1,1
747751.0,9.44,10,217.4,20.0,10.189,9.47,390.0,3055.4,100.0,150.0,4.076,458.32,687.5,573.1,3,raft,8.15,10319.82,127.54,10203.4,1,2
506803.0,15.9,10,86.3,25.0,8.95,8.355,280.0,2357.6,100.0,150.0,3.58,353.63,530.4,460.1,4,raft,10.39,6651.59,72.88,5830.1,1,2
1813789.8,19.31,8,81.2,30.0,13.69,12.621,560.0,5516.0,109.5,150.0,5.476,827.4,1241.1,1006.4,5,raft,20.95,25454.31,325.28,26022.5,1,3
822368.1,21.92,12,109.0,20.0,10.517,9.766,410.0,3255.5,100.0,150.0,4.207,488.32,732.5,550.0,6,raft,12.11,11403.57,142.37,11390.0,1,2
1336684.9,17.05,8,91.1,20.0,12.366,11.429,570.0,4500.4,100.0,150.0,4.946,675.07,1012.6,879.8,5,raft,17.29,19454.32,267.77,21421.2,1,3
1504648.2,10.04,8,229.8,30.0,12.864,11.877,490.0,4870.0,102.9,150.0,5.145,730.49,1095.7,907.4,3,raft,11.23,20692.66,253.06,20244.9,1,2
1575392.8,11.07,6,248.6,30.0,13.062,12.056,510.0,5021.4,104.5,150.0,5.225,753.22,1129.8,1075.8,3,isolated_footings,4.011,21815.58,270.92,21673.7,1,1
1371582.2,17.83,12,80.3,25.0,12.473,11.525,530.0,4578.4,100.0,150.0,4.989,686.76,1030.1,718.6,5,raft,18.42,19466.7,254.91,20393.1,1,3
1299884.3,23.09,6,225.2,25.0,12.252,11.326,510.0,4417.5,100.0,150.0,4.901,662.62,993.9,986.4,6,isolated_footings,3.864,18339.78,237.26,18980.5,1,1
893468.9,23.92,10,100.7,30.0,10.812,10.031,350.0,3440.5,100.0,150.0,4.325,516.08,774.1,612.7,6,raft,12.81,11794.88,130.85,10467.9,1,2
959844.1,13.78,6,230.2,20.0,11.074,10.266,460.0,3608.9,100.0,150.0,4.429,541.33,812.0,847.8,4,isolated_footings,3.284,13547.74,175.59,14047.3,1,1
141581.1,22.69,12,133.8,25.0,5.851,5.566,150.0,1007.5,100.0,150.0,2.34,151.12,450.0,300.0,6,raft,4.33,1792.21,19.13,1530.4,1,2
429485.9,9.31,6,248.3,20.0,8.47,7.923,270.0,2111.2,100.0,150.0,3.388,316.68,475.0,548.3,3,isolated_footings,2.045,5666.89,63.02,5041.5,1,1
1957286.4,14.78,6,235.9,20.0,14.042,12.938,730.0,5803.3,112.3,150.0,5.617,870.49,1305.7,1253.9,4,isolated_footings,4.799,29637.0,437.69,35015.6,1,1
370739.1,12.97,6,84.7,25.0,8.065,7.558,230.0,1914.0,100.0,150.0,3.226,287.1,450.0,503.1,4,raft,8.88,4770.92,49.76,3980.8,1,2
1625715.2,17.48,10,222.9,20.0,13.2,12.18,650.0,5127.8,105.6,150.0,5.28,769.17,1153.8,877.1,5,raft,12.32,24170.5,345.87,27669.7,1,2
260289.3,11.81,10,221.5,25.0,7.168,6.751,180.0,1512.0,100.0,150.0,2.867,226.79,450.0,323.2,3,isolated_footings,1.274,3267.63,32.38,2590.6,1,1
1063366.3,11.79,6,211.9,30.0,11.458,10.612,390.0,3863.9,100.0,150.0,4.583,579.58,869.4,868.1,3,isolated_footings,3.506,14205.65,162.33,12986.4,1,1
905132.5,9.53,12,178.4,20.0,10.859,10.073,440.0,3470.4,100.0,150.0,4.344,520.56,780.8,580.1,3,raft,9.98,12685.78,162.03,12962.1,1,2
1950324.9,22.67,12,133.3,30.0,14.026,12.923,580.0,5789.5,112.2,150.0,5.61,868.42,1302.6,853.4,6,raft,16.99,27457.84,353.19,28255.3,1,2
176805.0,10.04,12,89.3,30.0,6.301,5.971,150.0,1168.3,100.0,150.0,2.52,175.25,450.0,300.0,3,raft,5.88,2202.15,21.98,1758.3,1,2
1271061.2,9.05,6,175.1,25.0,12.16,11.244,510.0,4351.9,100.0,150.0,4.864,652.79,979.2,976.5,3,raft,11.99,17974.11,233.65,18692.2,1,2
1707362.2,14.43,12,119.6,30.0,13.417,12.376,530.0,5298.1,107.3,150.0,5.367,794.71,1192.1,793.2,4,raft,16.66,23721.17,296.67,23733.4,1,2
1585575.9,17.98,12,145.3,25.0,13.09,12.081,590.0,5043.1,104.7,150.0,5.236,756.46,1134.7,779.6,5,raft,14.86,22912.31,310.9,24871.7,1,2
1765879.4,17.91,10,190.7,30.0,13.569,12.512,550.0,5418.5,108.6,150.0,5.428,812.77,1219.2,887.0,5,raft,13.47,24716.55,314.1,25127.9,1,2
1576711.8,15.27,10,179.9,20.0,13.066,12.059,630.0,5024.2,104.5,150.0,5.226,753.64,1130.5,860.8,4,raft,13.46,23280.21,329.0,26320.2,1,2
250244.8,17.52,6,180.8,20.0,7.074,6.667,190.0,1472.8,100.0,150.0,2.83,220.92,450.0,411.1,5,isolated_footings,1.797,3185.97,33.0,2639.8,1,1
1813521.5,10.02,10,140.4,25.0,13.69,12.621,640.0,5515.5,109.5,150.0,5.476,827.32,1241.0,918.6,3,raft,16.26,26510.69,367.64,29411.2,1,2
1463014.9,15.11,8,103.4,20.0,12.744,11.77,600.0,4779.7,102.0,150.0,5.098,716.96,1075.4,923.5,4,raft,17.04,21435.27,298.69,23895.1,1,3
167957.8,12.99,12,167.2,30.0,6.194,5.874,150.0,1129.0,100.0,150.0,2.478,169.35,450.0,300.0,4,isolated_footings,1.073,2099.62,21.28,1702.7,1,1
1521028.6,12.98,8,105.1,25.0,12.91,11.919,570.0,4905.2,103.3,150.0,5.164,735.79,1103.7,932.2,4,raft,17.06,21839.58,292.67,23413.9,1,3
1226492.5,12.66,6,168.0,30.0,12.016,11.115,430.0,4249.6,100.0,150.0,4.807,637.44,956.2,938.2,4,raft,11.76,16590.91,195.37,15629.4,1,2
1372685.7,8.92,6,151.8,20.0,12.476,11.529,580.0,4580.9,100.0,150.0,4.99,687.13,1030.7,1030.9,3,raft,13.6,20030.87,277.06,22164.8,1,2
1954196.0,18.25,8,213.5,25.0,14.035,12.931,670.0,5797.1,112.3,150.0,5.614,869.57,1304.4,1069.7,5,raft,13.74,28760.13,403.8,32304.3,1,2
419243.4,15.61,12,182.0,25.0,8.402,7.862,240.0,2077.5,100.0,150.0,3.361,311.63,467.4,378.2,4,raft,6.44,5393.51,55.99,4479.6,1,2
1711416.9,17.06,10,184.7,25.0,13.428,12.385,620.0,5306.5,107.4,150.0,5.371,795.97,1194.0,890.6,5,raft,13.74,24919.24,343.04,27443.1,1,2
690807.1,9.68,6,164.3,20.0,9.924,9.231,370.0,2898.3,100.0,150.0,3.969,434.74,652.1,708.7,3,isolated_footings,3.25,9468.47,115.25,9220.0,1,1
1295595.7,19.09,12,186.1,20.0,12.238,11.314,560.0,4407.7,100.0,150.0,4.895,661.16,991.7,706.5,5,raft,11.9,18814.74,257.89,20631.6,1,2
987455.1,20.29,10,217.2,25.0,11.179,10.361,430.0,3677.7,100.0,150.0,4.472,551.66,827.5,658.7,6,raft,9.38,13632.47,168.42,13473.9,1,2
450366.9,10.95,6,141.7,20.0,8.605,8.044,280.0,2179.1,100.0,150.0,3.442,326.87,490.3,562.8,3,isolated_footings,2.78,5970.81,67.2,5376.1,1,1
747879.0,16.88,8,129.4,20.0,10.19,9.471,390.0,3055.8,100.0,150.0,4.076,458.37,687.6,640.8,5,raft,10.57,10321.41,127.56,10204.6,1,2
1281102.4,22.6,10,87.5,20.0,12.192,11.273,550.0,4374.8,100.0,150.0,4.877,656.22,984.3,767.8,6,raft,17.22,18521.87,251.72,20137.8,1,3
438289.6,12.55,8,230.5,30.0,8.527,7.975,220.0,2140.0,100.0,150.0,3.411,321.0,481.5,468.5,4,isolated_footings,1.814,5516.06,53.62,4289.9,1,1
389854.8,21.56,8,110.4,20.0,8.201,7.681,250.0,1979.3,100.0,150.0,3.28,296.89,450.0,450.1,6,raft,8.04,5092.17,55.2,4416.0,1,2
393351.0,12.19,6,83.6,30.0,8.225,7.703,200.0,1991.1,100.0,150.0,3.29,298.66,450.0,509.6,4,raft,9.06,4894.92,45.95,3676.4,1,2
317624.9,18.48,6,137.5,20.0,7.659,7.193,220.0,1726.5,100.0,150.0,3.064,258.98,450.0,466.2,5,isolated_footings,2.337,4097.33,43.39,3471.2,1,1
644891.1,11.84,10,192.4,30.0,9.699,9.029,280.0,2768.4,100.0,150.0,3.88,415.26,622.9,514.0,3,raft,7.77,8298.97,86.02,6881.3,1,2
1955348.6,23.96,12,229.3,20.0,14.038,12.934,730.0,5799.4,112.3,150.0,5.615,869.91,1304.9,886.3,6,raft,13.45,29611.02,437.4,34991.8,1,2
281062.0,22.12,8,215.1,20.0,7.353,6.918,200.0,1591.4,100.0,150.0,2.941,238.7,450.0,377.7,6,isolated_footings,1.514,3585.36,37.06,2964.8,1,1
1088481.7,19.11,10,181.9,30.0,11.548,10.693,400.0,3924.5,100.0,150.0,4.619,588.67,883.0,681.8,5,raft,10.6,14605.48,168.72,13497.6,1,2
526871.8,8.74,8,225.3,25.0,9.067,8.46,280.0,2419.4,100.0,150.0,3.627,362.91,544.4,523.7,3,isolated_footings,2.051,6892.53,74.85,5987.9,1,1
1589696.2,13.24,6,187.0,25.0,13.102,12.092,590.0,5051.8,104.8,150.0,5.241,757.77,1136.7,1103.8,4,raft,13.11,22965.66,311.45,24916.3,1,2
1752060.4,21.62,12,115.6,20.0,13.533,12.48,680.0,5390.2,108.3,150.0,5.413,808.52,1212.8,834.0,6,raft,17.83,26224.76,379.71,30377.0,1,3
1580097.2,20.66,6,108.5,25.0,13.075,12.068,590.0,5031.4,104.6,150.0,5.23,754.71,1132.1,1100.8,6,raft,17.17,22841.36,310.15,24812.3,1,3
1515050.7,18.32,10,164.8,25.0,12.893,11.904,570.0,4892.4,103.1,150.0,5.157,733.86,1100.8,832.3,5,raft,13.6,21762.53,291.88,23350.3,1,2
399047.1,19.4,12,201.7,25.0,8.265,7.738,240.0,2010.3,100.0,150.0,3.306,301.54,452.3,369.7,5,raft,5.98,5153.91,54.12,4329.9,1,2
973828.4,17.3,6,115.2,20.0,11.127,10.314,460.0,3643.8,100.0,150.0,4.451,546.57,819.9,853.3,5,raft,12.92,13724.96,177.33,14186.7,1,2
931556.1,11.75,8,132.0,25.0,10.964,10.167,410.0,3537.6,100.0,150.0,4.385,530.64,796.0,712.6,3,raft,11.64,12763.82,155.05,12403.8,1,2
1164172.3,22.97,10,123.3,20.0,11.809,10.928,520.0,4104.4,100.0,150.0,4.724,615.66,923.5,729.3,6,raft,13.78,16710.99,224.0,17920.0,1,2
311944.1,9.34,12,168.2,20.0,7.613,7.152,220.0,1705.9,100.0,150.0,3.045,255.88,450.0,326.9,3,raft,5.79,4029.86,42.89,3431.2,1,2
1188726.3,15.44,10,152.4,25.0,11.892,11.003,490.0,4161.9,100.0,150.0,4.757,624.28,936.4,729.7,4,raft,12.4,16726.11,215.22,17217.3,1,2
893386.0,13.88,12,133.9,25.0,10.812,10.031,400.0,3440.3,100.0,150.0,4.325,516.04,774.1,569.0,4,raft,11.3,12207.03,147.37,11789.4,1,2
98200.5,15.07,10,189.7,25.0,5.179,4.961,150.0,789.4,100.0,150.0,2.072,118.41,450.0,300.0,4,isolated_footings,0.861,1279.36,15.24,1219.3,1,1
1807877.9,12.71,6,213.6,20.0,13.676,12.608,690.0,5504.0,109.4,150.0,5.47,825.61,1238.4,1199.0,4,raft,13.33,27097.97,393.29,31463.1,1,2
241897.8,9.14,6,172.8,25.0,6.995,6.595,170.0,1439.9,100.0,150.0,2.798,215.98,450.0,400.2,3,isolated_footings,1.789,3018.57,29.53,2362.1,1,1
433460.3,13.27,10,206.7,30.0,8.496,7.946,220.0,2124.2,100.0,150.0,3.398,318.63,478.0,416.9,4,isolated_footings,1.705,5459.73,53.22,4257.2,1,1
1698624.1,11.05,8,249.7,30.0,13.394,12.355,530.0,5280.0,107.2,150.0,5.358,792.0,1188.0,969.3,3,raft,11.51,23611.26,295.61,23649.0,1,2
1492651.0,22.6,6,210.9,25.0,12.829,11.847,560.0,4844.0,102.6,150.0,5.132,726.61,1089.9,1064.4,6,isolated_footings,4.309,21357.27,284.24,22738.8,1,1
1653502.3,20.53,12,240.8,30.0,13.275,12.247,520.0,5186.1,106.2,150.0,5.31,777.91,1166.9,779.7,6,raft,11.55,22918.47,285.16,22812.9,1,2
1527721.8,8.19,8,227.1,20.0,12.929,11.936,620.0,4919.6,103.4,150.0,5.172,737.94,1106.9,946.5,3,raft,11.78,22516.62,317.2,25375.7,1,2
492506.3,19.99,12,119.7,30.0,8.865,8.279,240.0,2313.0,100.0,150.0,3.546,346.95,520.4,407.4,5,raft,8.56,6257.38,62.57,5005.5,1,2
1582650.6,20.12,12,137.9,20.0,13.082,12.074,630.0,5036.8,104.7,150.0,5.233,755.53,1133.3,787.1,6,raft,15.4,23358.34,329.86,26388.4,1,2
660495.9,11.01,12,115.6,25.0,9.776,9.099,330.0,2812.9,100.0,150.0,3.911,421.93,632.9,483.7,3,raft,10.34,8821.55,100.96,8076.5,1,2
1713241.0,8.48,8,178.2,20.0,13.433,12.389,670.0,5310.2,107.5,150.0,5.373,796.54,1194.8,1008.9,3,raft,14.18,25580.7,368.8,29504.0,1,2
645865.3,19.8,12,217.8,25.0,9.704,9.033,320.0,2771.2,100.0,150.0,3.881,415.68,623.5,477.0,5,raft,7.43,8576.75,96.75,7740.4,1,2
712653.4,14.71,12,209.7,30.0,10.027,9.325,300.0,2959.1,100.0,150.0,4.011,443.86,665.8,495.1,4,raft,7.86,9241.73,97.83,7826.6,1,2
1098327.8,13.22,6,176.5,20.0,11.582,10.724,500.0,3948.1,100.0,150.0,4.633,592.22,888.3,911.9,4,isolated_footings,4.035,15673.99,207.7,16615.7,1,1
1848181.2,10.46,10,176.6,30.0,13.776,12.699,560.0,5585.5,110.2,150.0,5.511,837.83,1256.7,907.8,3,raft,14.33,25889.77,329.54,26363.5,1,2
1831816.8,17.18,12,246.6,20.0,13.736,12.662,700.0,5552.5,109.9,150.0,5.494,832.88,1249.3,854.9,5,raft,12.51,27549.71,402.2,32176.1,1,2
1899950.7,9.02,12,112.0,20.0,13.904,12.814,720.0,5689.4,111.2,150.0,5.562,853.4,1280.1,873.0,3,raft,18.95,28730.55,423.37,33869.7,1,3
691240.7,23.39,10,95.9,20.0,9.926,9.233,370.0,2899.5,100.0,150.0,3.97,434.92,652.4,549.1,6,raft,11.77,9473.85,115.3,9224.0,1,2
1366026.8,10.84,12,84.6,20.0,12.456,11.51,580.0,4566.1,100.0,150.0,4.982,684.91,1027.4,727.4,3,raft,18.17,19944.3,276.14,22091.5,1,3
185507.5,23.41,10,115.0,25.0,6.402,6.062,150.0,1206.4,100.0,150.0,2.561,180.95,450.0,300.0,6,raft,5.3,2302.74,22.65,1812.0,1,2
1336161.3,9.12,6,142.7,20.0,12.364,11.428,570.0,4499.3,100.0,150.0,4.946,674.89,1012.3,1015.7,3,raft,13.82,19447.53,267.69,21415.5,1,2
385060.1,21.76,12,146.5,20.0,8.167,7.65,250.0,1963.0,100.0,150.0,3.267,294.45,450.0,365.4,6,raft,6.94,5034.72,54.76,4380.9,1,2
301818.5,14.69,6,146.1,20.0,7.53,7.077,210.0,1668.8,100.0,150.0,3.012,250.32,450.0,453.1,4,isolated_footings,2.203,3869.35,40.39,3231.1,1,1
303368.0,11.29,12,219.0,30.0,7.543,7.089,170.0,1674.5,100.0,150.0,3.017,251.17,450.0,314.4,3,isolated_footings,1.249,3726.78,34.09,2726.9,1,1
975821.0,17.66,10,179.9,30.0,11.135,10.321,370.0,3648.8,100.0,150.0,4.454,547.32,821.0,642.3,5,raft,10.05,12961.46,146.03,11682.5,1,2
1447705.5,15.34,8,81.3,20.0,12.699,11.729,600.0,4746.3,101.6,150.0,5.08,711.95,1067.9,919.2,4,raft,19.13,21234.9,296.53,23722.4,1,3
919176.6,21.19,8,169.4,30.0,10.915,10.123,360.0,3506.2,100.0,150.0,4.366,525.93,788.9,696.4,6,raft,10.04,12189.13,136.79,10943.4,1,2
1764516.8,15.36,6,205.3,25.0,13.565,12.509,630.0,5415.7,108.5,150.0,5.426,812.35,1218.5,1168.6,4,raft,13.25,25739.92,355.55,28444.3,1,2
1310283.3,22.7,10,199.1,30.0,12.284,11.356,450.0,4441.0,100.0,150.0,4.914,666.15,999.2,753.4,6,raft,11.2,17831.57,212.95,17036.1,1,2
1595076.2,14.26,8,150.6,20.0,13.116,12.105,640.0,5063.2,104.9,150.0,5.247,759.48,1139.2,969.9,4,raft,14.83,23643.34,336.5,26920.2,1,2
1804931.0,19.73,12,145.4,30.0,13.668,12.601,550.0,5498.1,109.3,150.0,5.467,824.71,1237.1,817.8,5,raft,15.58,25209.99,318.9,25511.9,1,2
407716.4,17.1,12,198.8,20.0,8.324,7.792,260.0,2039.3,100.0,150.0,3.33,305.89,458.8,376.9,5,raft,6.14,5354.8,58.85,4707.9,1,2
517405.8,21.93,10,230.0,30.0,9.012,8.411,240.0,2390.3,100.0,150.0,3.605,358.55,537.8,456.6,6,isolated_footings,1.77,6549.31,64.74,5178.8,1,1
619184.7,22.66,8,234.5,25.0,9.568,8.911,320.0,2694.3,100.0,150.0,3.827,404.15,606.2,573.0,6,isolated_footings,2.2,8252.87,93.99,7519.5,1,1
1985160.0,16.85,10,93.0,20.0,14.109,12.998,740.0,5858.2,112.9,150.0,5.643,878.73,1318.1,979.7,5,raft,21.31,30151.24,447.6,35808.1,1,3
1033569.9,20.47,12,156.7,25.0,11.35,10.515,440.0,3791.4,100.0,150.0,4.54,568.7,853.1,615.8,6,raft,11.31,14297.82,177.41,14192.7,1,2
454375.6,8.71,6,92.4,30.0,8.63,8.067,220.0,2192.0,100.0,150.0,3.452,328.8,493.2,550.1,3,raft,9.3,5703.44,54.98,4398.0,1,2
1367463.0,15.39,10,206.8,20.0,12.46,11.514,580.0,4569.3,100.0,150.0,4.984,685.39,1028.1,797.1,4,raft,11.63,19962.98,276.34,22107.3,1,2
823514.9,8.17,6,200.5,20.0,10.522,9.77,410.0,3258.5,100.0,150.0,4.209,488.77,733.2,778.3,3,isolated_footings,3.231,11417.92,142.51,11400.8,1,1
687865.2,19.98,12,158.4,20.0,9.91,9.219,370.0,2890.0,100.0,150.0,3.964,433.51,650.3,500.2,5,raft,9.13,9431.96,114.91,9193.2,1,2
1119435.7,11.88,12,103.8,25.0,11.656,10.791,470.0,3998.5,100.0,150.0,4.662,599.78,899.7,644.4,3,raft,14.53,15655.52,198.89,15910.9,1,2
1691046.9,10.73,6,183.2,20.0,13.374,12.337,660.0,5264.3,107.0,150.0,5.35,789.64,1184.5,1155.3,3,raft,13.87,25159.62,360.45,28835.7,1,2
623582.1,16.55,12,108.6,30.0,9.591,8.932,280.0,2707.1,100.0,150.0,3.836,406.06,609.1,462.0,5,raft,10.18,8046.24,84.05,6723.9,1,2
1538998.6,18.84,8,154.9,20.0,12.961,11.965,620.0,4943.8,103.7,150.0,5.184,741.57,1112.4,949.6,5,raft,14.31,22664.76,318.81,25504.7,1,2
472511.2,8.55,8,155.1,20.0,8.744,8.169,290.0,2250.0,100.0,150.0,3.497,337.5,506.2,500.4,3,raft,7.54,6292.58,71.61,5729.1,1,2
1681177.2,20.98,6,146.4,25.0,13.348,12.313,610.0,5243.8,106.8,150.0,5.339,786.57,1179.9,1137.7,6,raft,15.28,24399.25,333.81,26704.5,1,2
915774.0,17.57,6,211.3,20.0,10.901,10.111,440.0,3497.5,100.0,150.0,4.361,524.63,786.9,824.7,5,isolated_footings,3.335,12819.95,163.33,13066.0,1,1
1861200.1,13.99,8,114.0,20.0,13.809,12.728,710.0,5611.7,110.5,150.0,5.523,841.76,1262.6,1056.9,4,raft,18.57,28076.22,412.02,32961.7,1,3
872281.3,23.83,10,219.5,30.0,10.726,9.953,340.0,3385.9,100.0,150.0,4.29,507.88,761.8,603.9,6,raft,8.55,11457.61,125.46,10036.6,1,2
1354451.4,11.53,6,215.5,30.0,12.421,11.479,460.0,4540.2,100.0,150.0,4.968,681.03,1021.6,990.3,3,isolated_footings,3.966,18485.15,222.2,17776.4,1,1
377371.6,10.67,12,167.1,25.0,8.112,7.601,230.0,1936.8,100.0,150.0,3.245,290.52,450.0,358.7,3,raft,6.37,4849.47,50.33,4026.5,1,2
679225.2,18.03,8,238.8,25.0,9.868,9.181,340.0,2865.8,100.0,150.0,3.947,429.87,644.8,602.3,5,isolated_footings,2.291,9118.19,105.66,8453.2,1,1
1880900.3,9.93,8,98.0,25.0,13.857,12.772,660.0,5651.3,110.9,150.0,5.543,847.69,1271.5,1049.1,3,raft,19.88,27660.85,387.87,31029.6,1,3
388562.0,14.43,10,82.0,20.0,8.192,7.673,250.0,1974.9,100.0,150.0,3.277,296.23,450.0,402.0,4,raft,9.31,5076.68,55.08,4406.5,1,2
944613.1,9.06,10,190.5,25.0,11.015,10.213,420.0,3570.6,100.0,150.0,4.406,535.59,803.4,643.6,3,raft,9.78,13011.47,159.96,12797.0,1,2
135680.9,22.17,12,131.3,30.0,5.768,5.492,150.0,979.3,100.0,150.0,2.307,146.89,450.0,300.0,6,raft,4.29,1723.05,18.63,1490.3,1,2
1024173.2,23.85,8,122.8,20.0,11.316,10.484,480.0,3768.3,100.0,150.0,4.526,565.25,847.9,760.7,6,raft,12.88,14542.43,190.79,15262.8,1,2
1219740.9,23.7,12,195.2,30.0,11.994,11.095,430.0,4234.0,100.0,150.0,4.798,635.09,952.6,661.7,6,raft,10.88,16507.93,194.63,15570.3,1,2
309216.3,10.81,10,246.3,30.0,7.591,7.132,170.0,1695.9,100.0,150.0,3.036,254.39,450.0,347.5,3,isolated_footings,1.302,3793.77,34.5,2760.2,1,1
990154.2,13.36,12,145.0,30.0,11.189,10.37,370.0,3684.4,100.0,150.0,4.476,552.66,829.0,590.3,4,raft,11.26,13135.17,147.5,11800.0,1,2
1496537.1,16.05,6,119.5,30.0,12.841,11.857,490.0,4852.4,102.7,150.0,5.136,727.87,1091.8,1045.2,5,raft,15.53,20591.39,252.11,20169.1,1,2
1529935.0,9.98,8,205.4,20.0,12.935,11.942,620.0,4924.4,103.5,150.0,5.174,738.66,1108.0,947.1,3,raft,12.4,22545.7,317.51,25401.0,1,2
1258544.1,8.96,10,164.8,20.0,12.12,11.208,550.0,4323.3,100.0,150.0,4.848,648.49,972.7,761.8,3,raft,12.45,18230.47,248.69,19895.4,1,2
345757.6,11.27,6,120.5,30.0,7.879,7.391,190.0,1827.0,100.0,150.0,3.152,274.06,450.0,477.6,3,isolated_footings,2.558,4298.79,40.55,3244.3,1,1
1216246.6,23.13,10,102.8,25.0,11.983,11.085,490.0,4225.9,100.0,150.0,4.793,633.88,950.8,737.2,6,raft,15.25,17073.96,218.61,17488.5,1,2
1305024.0,20.17,12,190.2,25.0,12.268,11.341,520.0,4429.1,100.0,150.0,4.907,664.36,996.5,700.7,6,raft,11.68,18511.3,242.15,19372.1,1,2
1513574.3,11.66,10,138.3,20.0,12.889,11.9,620.0,4889.2,103.1,150.0,5.156,733.38,1100.1,843.1,3,raft,15.04,22330.65,315.17,25213.5,1,2
1101657.9,22.51,8,216.2,30.0,11.594,10.735,400.0,3956.1,100.0,150.0,4.638,593.41,890.1,766.5,6,raft,9.78,14766.37,170.12,13609.4,1,2
1453029.3,17.73,12,168.7,20.0,12.715,11.743,600.0,4757.9,101.7,150.0,5.086,713.69,1070.5,751.7,5,raft,13.3,21304.6,297.28,23782.5,1,2
912603.7,8.1,12,91.9,20.0,10.889,10.1,440.0,3489.4,100.0,150.0,4.356,523.42,785.1,582.2,3,raft,13.96,12779.99,162.94,13035.1,1,2
151608.4,23.87,8,101.3,20.0,5.986,5.687,150.0,1054.5,100.0,150.0,2.394,158.18,450.0,300.0,6,raft,5.14,1909.4,19.96,1597.1,1,2
1205629.8,21.3,8,120.2,20.0,11.948,11.053,530.0,4201.2,100.0,150.0,4.779,630.19,945.3,830.7,6,raft,14.22,17343.46,233.45,18675.7,1,2
881167.6,15.47,8,202.7,20.0,10.762,9.986,430.0,3408.8,100.0,150.0,4.305,511.33,767.0,699.6,4,raft,9.22,12301.33,155.81,12464.8,1,2
876832.7,17.69,10,128.5,25.0,10.745,9.97,400.0,3397.7,100.0,150.0,4.298,509.65,764.5,618.1,5,raft,11.44,12001.98,145.49,11639.4,1,2
1937065.3,11.22,12,93.6,25.0,13.994,12.894,670.0,5763.2,112.0,150.0,5.598,864.48,1296.7,870.0,3,raft,20.66,28535.2,401.36,32108.7,1,3
826576.7,10.68,12,151.9,30.0,10.535,9.782,330.0,3266.6,100.0,150.0,4.214,489.98,735.0,535.9,3,raft,9.99,10828.57,117.77,9421.3,1,2
1483109.8,20.17,12,83.4,25.0,12.802,11.822,560.0,4823.4,102.4,150.0,5.121,723.51,1085.3,750.5,6,raft,18.89,21234.61,282.98,22638.3,1,3
883424.7,9.33,10,181.2,20.0,10.772,9.994,430.0,3414.7,100.0,150.0,4.309,512.2,768.3,626.5,3,raft,9.76,12329.71,156.08,12486.6,1,2
1128061.7,10.81,12,158.8,25.0,11.686,10.817,470.0,4019.1,100.0,150.0,4.674,602.86,904.3,646.7,3,raft,11.79,15764.12,199.93,15994.6,1,2
602290.2,16.99,12,92.2,20.0,9.48,8.832,340.0,2645.1,100.0,150.0,3.792,396.76,595.1,465.7,5,raft,11.14,8174.38,97.31,7784.7,1,2
1443983.6,11.13,8,80.7,30.0,12.688,11.72,480.0,4738.2,101.5,150.0,5.075,710.72,1066.1,888.1,3,raft,18.55,19820.54,241.38,19310.3,1,3
1474218.9,13.99,12,237.4,25.0,12.776,11.799,560.0,4804.1,102.2,150.0,5.111,720.61,1080.9,748.5,4,raft,11.16,21120.25,281.8,22544.3,1,2
1942460.6,13.97,12,132.3,30.0,14.007,12.906,580.0,5773.9,112.1,150.0,5.603,866.09,1299.1,851.9,4,raft,17.02,27357.94,352.2,28176.3,1,2
188907.0,22.16,6,145.4,30.0,6.441,6.097,150.0,1221.1,100.0,150.0,2.577,183.16,450.0,352.5,6,isolated_footings,1.718,2341.97,22.91,1832.7,1,1
366606.6,20.21,10,211.1,30.0,8.034,7.531,190.0,1899.8,100.0,150.0,3.214,284.97,450.0,380.1,6,isolated_footings,1.538,4539.42,42.1,3368.1,1,1
729728.4,19.35,10,198.4,30.0,10.107,9.396,310.0,3006.1,100.0,150.0,4.043,450.92,676.4,550.4,5,raft,8.2,9517.25,102.33,8186.2,1,2
801399.7,14.78,8,121.2,20.0,10.427,9.685,400.0,3199.9,100.0,150.0,4.171,479.98,720.0,663.5,4,raft,11.31,11064.06,136.81,10944.7,1,2
1846863.7,13.78,6,198.6,30.0,13.773,12.696,560.0,5582.9,110.2,150.0,5.509,837.43,1256.1,1171.6,4,raft,13.51,25873.1,329.38,26350.4,1,2
338374.3,17.69,8,123.2,30.0,7.823,7.34,190.0,1800.9,100.0,150.0,3.129,270.14,450.0,409.4,5,raft,6.92,4213.4,40.0,3199.9,1,2
1177766.5,18.6,8,82.1,20.0,11.855,10.97,520.0,4136.3,100.0,150.0,4.742,620.44,930.7,819.7,5,raft,16.97,16885.46,225.78,18062.5,1,3
1306574.9,22.67,12,200.0,20.0,12.273,11.345,560.0,4432.6,100.0,150.0,4.909,664.89,997.3,709.1,6,raft,11.52,18956.89,259.38,20750.6,1,2
1061147.2,11.02,12,108.2,25.0,11.45,10.605,450.0,3858.5,100.0,150.0,4.58,578.78,868.2,625.2,3,raft,13.81,14734.67,184.34,14747.1,1,2
543098.9,12.84,12,179.6,30.0,9.159,8.543,250.0,2468.8,100.0,150.0,3.664,370.32,555.5,428.1,4,raft,7.34,6909.04,69.31,5544.8,1,2
852637.5,22.02,6,98.6,30.0,10.645,9.88,340.0,3334.9,100.0,150.0,4.258,500.23,750.3,771.6,6,raft,12.63,11221.19,123.51,9880.7,1,2
1564547.7,13.51,8,125.7,20.0,13.032,12.029,630.0,4998.4,104.3,150.0,5.213,749.75,1124.6,959.1,4,raft,16.05,23120.11,327.25,26180.0,1,2
1863532.9,14.37,10,81.1,20.0,13.814,12.733,710.0,5616.4,110.5,150.0,5.526,842.46,1263.7,945.9,4,raft,22.03,28107.41,412.38,32990.2,1,3
1641959.3,8.03,6,211.5,25.0,13.244,12.219,600.0,5161.9,105.9,150.0,5.297,774.29,1161.4,1122.8,3,isolated_footings,4.538,23765.36,323.45,25876.1,1,1
1073675.9,18.47,12,109.0,25.0,11.495,10.646,450.0,3888.8,100.0,150.0,4.598,583.32,875.0,628.5,5,raft,13.83,14891.55,185.82,14865.9,1,2
413480.1,10.15,12,110.9,20.0,8.363,7.827,260.0,2058.4,100.0,150.0,3.345,308.77,463.1,379.3,3,raft,8.28,5424.09,59.42,4753.5,1,2
928788.5,21.03,8,114.2,30.0,10.953,10.158,360.0,3530.6,100.0,150.0,4.381,529.59,794.4,699.7,6,raft,12.29,12305.5,137.77,11021.8,1,2
406322.3,20.15,10,247.1,25.0,8.315,7.783,240.0,2034.6,100.0,150.0,3.326,305.19,457.8,408.4,6,isolated_footings,1.527,5240.3,54.8,4384.1,1,1
909424.4,22.61,6,227.6,20.0,10.876,10.089,440.0,3481.3,100.0,150.0,4.35,522.2,783.3,822.1,6,isolated_footings,3.203,12739.91,162.55,13004.1,1,1
205629.1,9.37,6,127.0,25.0,6.626,6.263,150.0,1292.1,100.0,150.0,2.65,193.81,450.0,366.7,3,isolated_footings,1.912,2534.45,24.16,1932.9,1,1
107850.0,11.76,12,194.4,20.0,5.344,5.109,150.0,840.3,100.0,150.0,2.137,126.05,450.0,300.0,3,isolated_footings,0.811,1394.4,16.15,1292.2,1,1
68537.8,12.26,6,193.1,20.0,4.594,4.435,150.0,621.1,100.0,150.0,1.838,93.17,450.0,300.0,4,isolated_footings,0.935,921.0,12.21,977.0,1,1
238841.6,16.36,6,143.9,30.0,6.965,6.569,150.0,1427.7,100.0,150.0,2.786,214.16,450.0,393.2,5,isolated_footings,1.927,2914.56,26.55,2123.7,1,1
1974448.8,20.18,12,160.4,25.0,14.083,12.975,680.0,5837.1,112.7,150.0,5.633,875.57,1313.4,879.6,6,raft,15.96,29166.06,412.29,32983.4,1,2
1228524.5,13.38,10,249.9,20.0,12.023,11.121,540.0,4254.3,100.0,150.0,4.809,638.14,957.2,751.5,4,raft,9.97,17739.86,240.55,19243.8,1,2
1884932.5,18.64,12,183.8,25.0,13.867,12.78,660.0,5659.3,110.9,150.0,5.547,848.9,1273.4,857.4,5,raft,14.53,27713.74,388.44,31075.6,1,2
1752501.0,20.9,6,157.7,30.0,13.534,12.481,540.0,5391.1,108.3,150.0,5.414,808.66,1213.0,1138.2,6,raft,14.73,24417.84,307.27,24581.4,1,2
833526.3,21.37,8,84.4,20.0,10.565,9.808,420.0,3284.8,100.0,150.0,4.226,492.73,739.1,680.0,6,raft,13.89,11622.03,146.85,11747.8,1,3
1744560.3,12.47,8,142.6,30.0,13.514,12.463,540.0,5374.8,108.1,150.0,5.406,806.21,1209.3,983.7,4,raft,15.45,24317.75,306.3,24504.1,1,2
1388060.5,21.92,12,192.2,20.0,12.523,11.57,580.0,4615.0,100.2,150.0,5.009,692.25,1038.4,732.6,6,raft,12.14,20230.96,279.18,22334.7,1,2
1973053.7,23.32,10,82.8,25.0,14.08,12.972,680.0,5834.4,112.6,150.0,5.632,875.16,1312.7,963.2,6,raft,22.2,29147.69,412.09,32967.2,1,3
1753197.3,23.51,10,195.2,20.0,13.536,12.483,680.0,5392.5,108.3,150.0,5.415,808.87,1213.3,913.9,6,raft,13.72,26239.87,379.88,30390.6,1,2
1233187.9,14.4,6,139.2,25.0,12.038,11.134,500.0,4265.0,100.0,150.0,4.815,639.75,959.6,960.5,4,raft,13.23,17390.23,224.78,17982.3,1,2
1974399.4,21.71,6,204.8,25.0,14.083,12.975,680.0,5837.0,112.7,150.0,5.633,875.55,1313.3,1243.9,6,raft,14.12,29165.41,412.28,32982.7,1,2
1233988.9,19.39,6,101.7,20.0,12.041,11.137,540.0,4266.9,100.0,150.0,4.816,640.03,960.0,972.0,5,raft,15.66,17810.32,241.28,19302.1,1,3
637629.2,18.77,12,108.6,25.0,9.662,8.996,320.0,2747.6,100.0,150.0,3.865,412.13,618.2,474.2,5,raft,10.46,8476.86,95.91,7672.5,1,2
1912349.9,15.71,8,121.4,20.0,13.934,12.841,720.0,5714.1,111.5,150.0,5.574,857.11,1285.7,1072.3,4,raft,18.26,28896.6,425.27,34021.6,1,3
1518842.4,18.56,6,97.9,30.0,12.904,11.914,500.0,4900.5,103.2,150.0,5.162,735.08,1102.6,1055.2,5,raft,17.33,20987.48,259.43,20754.1,1,3
106982.5,22.86,10,233.5,25.0,5.329,5.096,150.0,835.8,100.0,150.0,2.132,125.37,450.0,300.0,6,isolated_footings,0.808,1384.08,16.07,1285.7,1,1
479733.3,12.12,12,241.8,30.0,8.788,8.209,230.0,2272.8,100.0,150.0,3.515,340.93,511.4,400.7,4,isolated_footings,1.515,6052.73,59.26,4741.0,1,1
290041.3,10.17,12,95.4,30.0,7.431,6.988,170.0,1625.1,100.0,150.0,2.972,243.76,450.0,307.9,3,raft,7.24,3573.9,33.13,2650.2,1,2
698962.2,11.58,6,189.5,25.0,9.963,9.266,340.0,2921.0,100.0,150.0,3.985,438.16,657.2,704.6,3,isolated_footings,3.009,9359.14,107.76,8620.8,1,1
1824825.9,19.89,12,191.2,30.0,13.718,12.646,560.0,5538.4,109.7,150.0,5.487,830.76,1246.1,824.0,5,raft,13.69,25594.11,326.65,26132.1,1,2
1934183.6,14.99,8,118.0,20.0,13.987,12.888,720.0,5757.5,111.9,150.0,5.595,863.62,1295.4,1077.7,4,raft,18.61,29188.77,428.6,34288.3,1,3
617404.2,9.78,10,205.9,20.0,9.559,8.903,340.0,2689.2,100.0,150.0,3.824,403.37,605.1,515.9,3,raft,7.54,8360.4,98.98,7918.1,1,2
1502004.6,9.86,10,101.7,25.0,12.856,11.871,570.0,4864.3,102.8,150.0,5.142,729.64,1094.5,829.1,3,raft,17.25,21594.3,290.14,23211.2,1,3
1910433.8,17.23,6,132.8,30.0,13.929,12.836,580.0,5710.3,111.4,150.0,5.572,856.54,1284.8,1195.7,5,raft,16.86,26950.83,348.17,27853.8,1,2
1094425.9,21.55,12,134.3,25.0,11.569,10.712,460.0,3938.8,100.0,150.0,4.627,590.81,886.2,635.9,6,raft,12.61,15245.69,192.06,15364.5,1,2
1605160.4,22.94,8,168.4,30.0,13.144,12.13,510.0,5084.5,105.2,150.0,5.258,762.67,1144.0,939.6,6,raft,13.59,22188.81,274.46,21957.2,1,2
1202013.2,9.71,6,171.5,25.0,11.936,11.042,490.0,4192.8,100.0,150.0,4.774,628.93,943.4,946.7,3,raft,11.75,16894.13,216.86,17348.5,1,2
666056.1,21.06,10,222.3,25.0,9.804,9.123,330.0,2828.6,100.0,150.0,3.922,424.29,636.4,531.9,6,raft,7.48,8889.22,101.54,8123.0,1,2
1375962.8,10.36,10,104.8,30.0,12.486,11.537,460.0,4588.2,100.0,150.0,4.994,688.23,1032.3,772.6,3,raft,15.83,18751.07,224.61,17969.1,1,2
1705798.6,21.24,6,181.8,25.0,13.413,12.372,620.0,5294.9,107.3,150.0,5.365,794.23,1191.3,1148.1,6,raft,13.83,24846.07,342.26,27380.8,1,2
1029637.1,19.02,10,249.5,30.0,11.336,10.502,380.0,3781.7,100.0,150.0,4.534,567.26,850.9,660.5,5,raft,8.77,13703.7,155.15,12411.7,1,2
1169245.3,18.1,8,164.2,30.0,11.827,10.944,420.0,4116.3,100.0,150.0,4.731,617.44,926.2,792.6,5,raft,11.61,15787.45,185.12,14809.5,1,2
1934666.6,8.94,10,106.0,30.0,13.988,12.889,580.0,5758.5,111.9,150.0,5.595,863.77,1295.7,931.5,3,raft,18.98,27258.92,351.23,28098.1,1,3
460695.5,19.72,8,199.1,20.0,8.67,8.103,280.0,2212.3,100.0,150.0,3.468,331.85,497.8,492.5,5,isolated_footings,2.052,6095.78,68.26,5460.5,1,1
1850157.8,20.42,12,203.7,25.0,13.781,12.703,650.0,5589.5,110.3,150.0,5.513,838.43,1257.6,848.2,6,raft,13.66,27123.03,378.12,30249.4,1,2
1969559.6,18.55,8,248.5,30.0,14.072,12.965,590.0,5827.5,112.6,150.0,5.629,874.12,1311.2,1052.5,5,raft,12.53,27842.0,361.2,28896.0,1,2
814956.9,14.76,12,248.4,25.0,10.486,9.737,380.0,3235.9,100.0,150.0,4.194,485.38,728.1,542.1,4,raft,7.9,11077.63,132.17,10573.6,1,2
812573.0,16.45,10,128.0,20.0,10.476,9.728,410.0,3229.6,100.0,150.0,4.19,484.43,726.7,599.2,5,raft,11.11,11280.93,141.21,11297.1,1,2
1417161.9,16.77,6,102.3,30.0,12.609,11.648,470.0,4679.3,100.9,150.0,5.044,701.9,1052.8,1013.8,5,raft,16.29,19373.6,233.76,18700.7,1,2
1738418.1,8.87,10,157.8,20.0,13.498,12.448,680.0,5362.1,108.0,150.0,5.399,804.32,1206.5,910.5,3,raft,15.2,26043.35,377.68,30214.0,1,2
1175456.9,15.07,12,129.5,20.0,11.847,10.963,520.0,4130.9,100.0,150.0,4.739,619.63,929.4,668.7,4,raft,13.5,16855.83,225.48,18038.2,1,2
459044.4,20.87,8,205.0,20.0,8.66,8.094,280.0,2207.0,100.0,150.0,3.464,331.05,496.6,491.7,6,isolated_footings,2.019,6075.82,68.09,5447.0,1,1
756340.3,21.7,6,195.3,20.0,10.228,9.505,390.0,3078.8,100.0,150.0,4.091,461.82,692.7,743.7,6,isolated_footings,3.128,10426.89,128.54,10283.4,1,1
784283.8,23.72,8,237.4,20.0,10.353,9.617,400.0,3154.2,100.0,150.0,4.141,473.12,709.7,657.1,6,isolated_footings,2.507,10850.39,134.8,10784.3,1,1
743388.5,15.58,6,99.9,30.0,10.169,9.452,310.0,3043.5,100.0,150.0,4.068,456.53,684.8,716.6,4,raft,11.65,9680.6,103.64,8291.3,1,2
1317690.7,17.49,8,186.6,25.0,12.307,11.377,520.0,4457.7,100.0,150.0,4.923,668.66,1003.0,861.9,5,raft,11.84,18672.44,243.75,19500.3,1,2
527752.0,9.9,12,163.1,30.0,9.072,8.465,250.0,2422.1,100.0,150.0,3.629,363.31,545.0,422.5,3,raft,7.6,6728.56,67.95,5436.3,1,2
1212503.2,10.76,12,211.9,30.0,11.971,11.074,430.0,4217.2,100.0,150.0,4.788,632.58,948.9,659.9,3,raft,10.42,16418.94,193.84,15507.0,1,2
1334111.8,20.44,12,126.8,30.0,12.358,11.422,450.0,4494.7,100.0,150.0,4.943,674.2,1011.3,693.4,6,raft,14.15,18125.49,215.6,17247.7,1,2
917980.6,8.19,6,94.0,25.0,10.91,10.119,410.0,3503.1,100.0,150.0,4.364,525.47,788.2,817.4,3,raft,13.7,12595.34,153.5,12279.8,1,2
1300748.2,22.54,8,83.9,30.0,12.254,11.329,450.0,4419.4,100.0,150.0,4.902,662.91,994.4,839.5,6,raft,17.19,17713.85,211.89,16951.2,1,3
1975331.2,15.67,6,215.0,20.0,14.085,12.977,730.0,5838.9,112.7,150.0,5.634,875.83,1313.7,1259.0,4,raft,13.95,29878.87,440.47,35237.3,1,2
798721.8,24.0,12,130.7,20.0,10.416,9.674,400.0,3192.8,100.0,150.0,4.166,478.91,718.4,540.9,6,raft,10.87,11030.65,136.5,10919.7,1,2
243910.4,9.02,8,148.9,30.0,7.014,6.613,150.0,1447.8,100.0,150.0,2.806,217.18,450.0,343.9,3,isolated_footings,1.657,2972.34,26.9,2152.0,1,1
88505.5,16.9,12,90.9,30.0,5.003,4.803,150.0,736.6,100.0,150.0,2.001,110.49,450.0,300.0,5,raft,4.23,1163.09,14.29,1143.5,1,2
1101014.5,21.1,6,208.1,20.0,11.592,10.733,500.0,3954.6,100.0,150.0,4.637,593.18,889.8,912.9,6,isolated_footings,3.72,15708.33,208.04,16643.4,1,1
1933078.0,22.36,8,226.5,30.0,13.984,12.886,580.0,5755.3,111.9,150.0,5.594,863.3,1294.9,1041.1,6,raft,12.98,27238.73,351.02,28082.0,1,2
400878.2,16.88,10,100.9,20.0,8.277,7.75,260.0,2016.4,100.0,150.0,3.311,302.46,453.7,409.7,5,raft,8.55,5272.53,58.17,4653.5,1,2
1171408.0,18.44,6,175.6,20.0,11.834,10.95,520.0,4121.4,100.0,150.0,4.734,618.2,927.3,944.2,5,raft,11.58,16803.87,224.95,17995.9,1,2
214990.1,10.0,10,141.8,30.0,6.725,6.353,150.0,1331.0,100.0,150.0,2.69,199.65,450.0,300.0,3,raft,5.11,2641.86,24.85,1987.7,1,2
384626.2,23.63,6,122.2,20.0,8.164,7.648,250.0,1961.5,100.0,150.0,3.266,294.23,450.0,516.6,6,isolated_footings,2.747,5029.52,54.72,4377.7,1,1
1895118.5,16.31,10,192.1,25.0,13.892,12.803,660.0,5679.7,111.1,150.0,5.557,851.96,1277.9,941.5,5,raft,14.25,27847.31,389.89,31191.2,1,2
322717.3,15.85,10,168.9,25.0,7.7,7.23,210.0,1745.0,100.0,150.0,3.08,261.74,450.0,362.0,4,raft,5.84,4115.83,42.16,3372.7,1,2
1232035.7,16.17,6,192.6,20.0,12.035,11.131,540.0,4262.4,100.0,150.0,4.814,639.36,959.0,971.4,5,isolated_footings,4.114,17785.13,241.02,19281.3,1,1
512345.7,11.01,10,225.5,20.0,8.983,8.384,300.0,2374.7,100.0,150.0,3.593,356.21,534.3,466.3,3,isolated_footings,1.825,6832.27,77.99,6238.9,1,1
1916974.7,17.63,8,180.6,25.0,13.945,12.851,670.0,5723.3,111.6,150.0,5.578,858.49,1287.7,1060.6,5,raft,14.81,28271.19,398.48,31878.7,1,2
300559.6,17.96,6,173.5,25.0,7.52,7.068,200.0,1664.1,100.0,150.0,3.008,249.62,450.0,449.9,5,isolated_footings,2.008,3814.5,38.68,3094.6,1,1
794475.5,22.46,12,157.5,25.0,10.397,9.657,370.0,3181.4,100.0,150.0,4.159,477.21,715.8,534.0,6,raft,9.78,10748.42,126.83,10146.3,1,2
1369225.1,23.04,8,171.1,20.0,12.466,11.519,580.0,4573.2,100.0,150.0,4.986,685.98,1029.0,891.7,6,raft,12.79,19985.89,276.58,22126.7,1,2
1277658.0,12.31,8,201.5,30.0,12.181,11.263,440.0,4367.0,100.0,150.0,4.873,655.04,982.6,830.2,4,raft,10.97,17323.65,205.11,16408.9,1,2
1331770.2,21.13,8,151.3,20.0,12.351,11.416,570.0,4489.4,100.0,150.0,4.94,673.41,1010.1,878.4,6,raft,13.4,19390.56,267.09,21367.5,1,2
666902.7,20.6,12,84.4,30.0,9.808,9.127,290.0,2831.0,100.0,150.0,3.923,424.65,637.0,478.4,6,raft,11.96,8627.54,90.75,7259.8,1,2
532620.5,12.32,6,196.3,25.0,9.1,8.49,290.0,2437.0,100.0,150.0,3.64,365.54,548.3,610.3,4,isolated_footings,2.561,7019.97,77.75,6220.0,1,1
178620.8,18.24,10,234.6,25.0,6.322,5.99,150.0,1176.3,100.0,150.0,2.529,176.45,450.0,300.0,5,isolated_footings,1.021,2223.15,22.12,1769.6,1,1
335342.8,20.77,10,81.7,25.0,7.799,7.319,210.0,1790.2,100.0,150.0,3.12,268.53,450.0,368.4,6,raft,8.55,4264.31,43.21,3456.7,1,2
1959996.2,11.56,6,213.1,20.0,14.049,12.944,730.0,5808.6,112.4,150.0,5.62,871.29,1306.9,1254.7,3,raft,13.97,29673.33,438.11,35048.9,1,2
392676.2,19.65,10,180.1,25.0,8.221,7.698,230.0,1988.8,100.0,150.0,3.288,298.32,450.0,400.2,5,raft,6.25,5030.42,51.64,4130.9,1,2
236304.1,13.58,10,173.8,30.0,6.94,6.546,150.0,1417.6,100.0,150.0,2.776,212.64,450.0,303.1,4,isolated_footings,1.352,2885.61,26.37,2109.5,1,1
243179.0,8.77,10,240.9,25.0,7.007,6.606,170.0,1444.9,100.0,150.0,2.803,216.74,450.0,310.7,3,isolated_footings,1.177,3033.42,29.63,2370.0,1,1
402311.3,20.9,12,161.1,20.0,8.287,7.759,260.0,2021.2,100.0,150.0,3.315,303.18,454.8,374.6,6,raft,6.78,5289.78,58.31,4665.0,1,2
555169.0,18.99,8,191.8,20.0,9.226,8.604,320.0,2505.3,100.0,150.0,3.691,375.79,563.7,545.3,5,isolated_footings,2.315,7472.0,87.22,6977.4,1,1
788661.3,19.77,6,236.1,30.0,10.372,9.635,320.0,3165.9,100.0,150.0,4.149,474.88,712.3,739.1,5,isolated_footings,2.827,10296.76,110.98,8878.8,1,1
1950274.7,19.32,8,195.3,25.0,14.026,12.923,670.0,5789.4,112.2,150.0,5.61,868.41,1302.6,1068.8,5,raft,14.35,28708.66,403.24,32259.5,1,2
1428234.2,10.93,10,215.7,30.0,12.642,11.678,480.0,4703.6,101.1,150.0,5.057,705.55,1058.3,790.4,3,raft,11.29,19624.14,239.55,19163.7,1,2
609298.3,23.24,8,131.9,20.0,9.517,8.865,340.0,2665.6,100.0,150.0,3.807,399.83,599.8,573.3,6,raft,9.37,8260.68,98.08,7846.7,1,2
1897536.6,14.5,10,223.7,30.0,13.898,12.808,570.0,5684.5,111.2,150.0,5.559,852.68,1279.0,921.0,4,raft,12.92,26650.22,341.08,27286.5,1,2
204976.0,19.68,6,108.1,20.0,6.619,6.257,170.0,1289.3,100.0,150.0,2.648,193.4,450.0,370.6,5,isolated_footings,2.096,2588.88,26.59,2127.2,1,1
214941.0,12.57,12,217.4,20.0,6.725,6.352,170.0,1330.8,100.0,150.0,2.69,199.62,450.0,300.0,4,isolated_footings,1.068,2705.23,27.4,2192.0,1,1
1926224.3,14.78,8,161.5,30.0,13.968,12.871,580.0,5741.7,111.7,150.0,5.587,861.25,1291.9,1039.4,4,raft,15.34,27151.62,350.16,28013.1,1,2
1385987.6,18.83,6,148.9,30.0,12.516,11.565,470.0,4610.4,100.1,150.0,5.007,691.56,1037.3,1003.6,5,raft,13.36,18985.87,230.17,18413.7,1,2
420858.8,21.3,6,201.4,30.0,8.413,7.871,210.0,2082.9,100.0,150.0,3.365,312.43,468.6,528.4,6,isolated_footings,2.189,5262.56,50.14,4011.2,1,1
1091933.4,13.52,6,183.3,20.0,11.56,10.704,500.0,3932.8,100.0,150.0,4.624,589.92,884.9,909.5,4,isolated_footings,3.95,15592.23,206.87,16549.6,1,1
1365318.2,22.11,8,109.7,25.0,12.454,11.508,530.0,4564.5,100.0,150.0,4.982,684.67,1027.0,878.3,6,raft,15.73,19386.93,254.12,20329.6,1,2
1686847.4,16.22,6,151.9,25.0,13.363,12.327,610.0,5255.6,106.9,150.0,5.345,788.33,1182.5,1139.4,5,raft,15.02,24472.89,334.58,26766.6,1,2
382443.7,23.52,10,235.4,20.0,8.149,7.634,250.0,1954.1,100.0,150.0,3.259,293.12,450.0,399.1,6,isolated_footings,1.529,5003.35,54.52,4361.6,1,1
1671866.5,21.61,6,129.3,25.0,13.324,12.291,610.0,5224.4,106.6,150.0,5.329,783.66,1175.5,1134.9,6,raft,16.22,24278.28,332.53,26602.3,1,2
622412.8,11.41,12,117.0,25.0,9.585,8.926,320.0,2703.7,100.0,150.0,3.834,405.55,608.3,469.0,3,raft,9.96,8292.1,94.33,7546.4,1,2
1861762.6,23.35,6,239.0,30.0,13.81,12.729,570.0,5612.9,110.5,150.0,5.524,841.93,1262.9,1178.9,6,isolated_footings,4.483,26196.38,336.61,26929.1,1,1
1704286.0,8.92,6,184.6,25.0,13.409,12.368,620.0,5291.7,107.3,150.0,5.364,793.76,1190.6,1147.6,3,raft,13.72,24826.37,342.05,27364.1,1,2
631783.8,9.71,10,231.3,20.0,9.633,8.969,350.0,2730.7,100.0,150.0,3.853,409.61,614.4,523.3,3,raft,7.22,8602.68,103.17,8253.8,1,2
834032.8,8.14,12,163.6,20.0,10.567,9.81,420.0,3286.2,100.0,150.0,4.227,492.93,739.4,555.4,3,raft,9.98,11628.4,146.91,11752.7,1,2
1081738.3,22.38,12,101.1,25.0,11.524,10.671,460.0,3908.3,100.0,150.0,4.61,586.24,879.4,632.6,6,raft,14.46,15086.31,190.53,15242.6,1,2
63475.4,20.31,10,118.4,25.0,4.478,4.33,150.0,590.2,100.0,150.0,1.791,88.52,450.0,300.0,6,isolated_footings,0.893,858.94,11.65,932.1,1,1
779903.5,13.83,8,171.2,25.0,10.333,9.6,370.0,3142.4,100.0,150.0,4.133,471.36,707.0,648.5,4,raft,9.3,10569.23,125.23,10018.4,1,2
261955.2,15.02,12,107.5,25.0,7.183,6.765,180.0,1518.4,100.0,150.0,2.873,227.76,450.0,300.0,4,raft,6.54,3287.01,32.51,2601.1,1,2
1506827.6,8.09,8,98.8,25.0,12.87,11.883,570.0,4874.7,103.0,150.0,5.148,731.2,1096.8,928.3,3,raft,17.52,21656.51,290.78,23262.6,1,3
128499.8,14.31,10,233.2,20.0,5.665,5.398,150.0,944.4,100.0,150.0,2.266,141.66,450.0,300.0,4,isolated_footings,0.879,1638.64,18.01,1440.7,1,1
1349099.4,23.17,10,100.2,25.0,12.404,11.464,530.0,4528.3,100.0,150.0,4.962,679.24,1018.9,781.4,6,raft,16.37,19180.27,252.06,20164.5,1,3
1122741.2,20.8,8,135.2,25.0,11.668,10.801,470.0,4006.4,100.0,150.0,4.667,600.96,901.4,790.3,6,raft,12.75,15697.14,199.29,15943.0,1,2
1028624.2,22.78,12,102.3,20.0,11.332,10.499,480.0,3779.3,100.0,150.0,4.533,566.89,850.3,622.3,6,raft,14.13,14599.11,191.35,15308.0,1,2
1595790.3,10.02,10,165.0,30.0,13.118,12.107,510.0,5064.7,104.9,150.0,5.247,759.7,1139.6,838.2,3,raft,13.69,22071.38,273.35,21868.1,1,2
511184.6,18.85,10,153.0,30.0,8.976,8.378,240.0,2371.1,100.0,150.0,3.59,355.67,533.5,454.0,5,raft,7.7,6476.45,64.2,5135.8,1,2
1487991.5,14.95,10,128.0,20.0,12.816,11.834,610.0,4834.0,102.5,150.0,5.126,725.09,1087.6,834.5,4,raft,15.47,21877.9,306.84,24547.3,1,2
1533754.8,11.96,8,204.0,20.0,12.946,11.952,620.0,4932.6,103.6,150.0,5.178,739.88,1109.8,948.2,3,raft,12.46,22595.88,318.06,25444.7,1,2
536460.2,20.27,10,249.0,20.0,9.122,8.509,310.0,2448.7,100.0,150.0,3.649,367.3,550.9,478.2,6,isolated_footings,1.781,7183.88,82.84,6627.1,1,1
1349344.4,14.87,12,200.1,20.0,12.405,11.465,570.0,4528.8,100.0,150.0,4.962,679.32,1019.0,721.4,4,raft,11.72,19618.49,269.49,21559.3,1,2
1417232.7,16.04,8,112.1,30.0,12.61,11.649,470.0,4679.5,100.9,150.0,5.044,701.92,1052.9,878.0,5,raft,15.56,19374.48,233.77,18701.4,1,2
1276370.4,10.38,6,102.5,20.0,12.177,11.259,550.0,4364.0,100.0,150.0,4.871,654.6,981.9,989.6,3,raft,15.88,18460.78,251.09,20087.1,1,3
584030.2,11.07,8,152.5,30.0,9.384,8.745,260.0,2591.3,100.0,150.0,3.753,388.7,583.1,544.5,3,raft,8.27,7451.3,75.36,6029.1,1,2
439304.8,21.83,12,149.2,25.0,8.534,7.98,250.0,2143.3,100.0,150.0,3.414,321.49,482.2,388.2,6,raft,7.3,5682.33,59.89,4790.9,1,2
1415309.8,23.68,8,137.2,25.0,12.604,11.644,540.0,4675.2,100.8,150.0,5.042,701.28,1051.9,895.1,6,raft,14.34,20136.61,264.99,21199.0,1,2
169632.0,14.83,6,131.7,25.0,6.214,5.893,150.0,1136.5,100.0,150.0,2.486,170.48,450.0,335.3,4,isolated_footings,1.717,2119.04,21.42,1713.3,1,1
758973.5,23.09,12,122.0,20.0,10.24,9.516,390.0,3085.9,100.0,150.0,4.096,462.89,694.3,526.7,6,raft,10.96,10459.7,128.85,10307.9,1,2
404415.7,8.01,10,116.0,25.0,8.302,7.771,240.0,2028.2,100.0,150.0,3.321,304.24,456.4,407.5,3,raft,7.94,5217.67,54.62,4369.9,1,2
596310.7,17.7,12,111.4,25.0,9.449,8.804,310.0,2627.5,100.0,150.0,3.78,394.13,591.2,458.1,5,raft,9.97,7911.37,89.07,7125.9,1,2
758983.4,12.87,6,193.7,30.0,10.24,9.516,310.0,3086.0,100.0,150.0,4.096,462.89,694.3,723.5,4,isolated_footings,3.056,9866.86,105.13,8410.5,1,1
1125948.0,21.79,10,141.3,25.0,11.679,10.811,470.0,4014.0,100.0,150.0,4.671,602.1,903.2,707.8,6,raft,12.49,15737.51,199.68,15974.1,1,2
1498717.4,17.42,10,120.5,25.0,12.847,11.862,570.0,4857.2,102.8,150.0,5.139,728.57,1092.9,828.3,5,raft,15.83,21551.9,289.7,23176.0,1,2
459564.9,14.14,6,102.2,30.0,8.663,8.097,230.0,2208.7,100.0,150.0,3.465,331.3,497.0,555.5,4,raft,8.93,5816.87,57.53,4602.5,1,2
1223578.5,8.66,8,112.8,25.0,12.007,11.106,490.0,4242.8,100.0,150.0,4.803,636.43,954.6,826.5,3,raft,14.6,17166.53,219.51,17560.4,1,2
1854726.2,9.2,10,131.3,25.0,13.793,12.713,650.0,5598.7,110.3,150.0,5.517,839.81,1259.7,930.2,3,raft,17.03,27182.82,378.76,30301.0,1,2
1979807.0,11.23,8,87.4,20.0,14.096,12.986,740.0,5847.7,112.8,150.0,5.638,877.15,1315.7,1094.0,3,raft,21.95,30079.28,446.77,35741.7,1,3
865514.5,19.39,10,232.1,25.0,10.698,9.928,390.0,3368.4,100.0,150.0,4.279,505.25,757.9,612.4,5,raft,8.43,11780.72,140.97,11277.5,1,2
1278236.0,9.88,12,91.5,25.0,12.183,11.265,510.0,4368.3,100.0,150.0,4.873,655.24,982.9,692.2,3,raft,16.63,18065.2,234.55,18764.2,1,3
1071337.4,23.24,6,108.4,25.0,11.487,10.638,450.0,3883.2,100.0,150.0,4.595,582.48,873.7,888.0,6,raft,13.86,14862.28,185.55,14843.8,1,2
1408577.1,10.06,6,242.5,20.0,12.584,11.626,590.0,4660.4,100.7,150.0,5.034,699.06,1048.6,1045.7,3,isolated_footings,3.947,20610.1,286.5,22920.2,1,1
1599061.2,19.1,12,164.2,30.0,13.127,12.115,510.0,5071.6,105.0,150.0,5.251,760.74,1141.1,765.9,5,raft,13.74,22112.37,273.74,21899.2,1,2
1746998.7,23.54,8,154.4,30.0,13.52,12.468,540.0,5379.8,108.2,150.0,5.408,806.97,1210.4,984.3,6,raft,14.86,24348.49,306.6,24527.8,1,2
799093.3,20.47,12,183.2,20.0,10.417,9.676,400.0,3193.7,100.0,150.0,4.167,479.06,718.6,541.0,6,raft,9.18,11035.29,136.54,10923.1,1,2
408929.4,10.56,8,180.7,20.0,8.332,7.799,260.0,2043.3,100.0,150.0,3.333,306.5,459.7,462.2,3,isolated_footings,2.022,5369.39,58.97,4717.5,1,1
1764352.3,20.65,12,165.6,30.0,13.565,12.508,550.0,5415.3,108.5,150.0,5.426,812.3,1218.5,809.4,6,raft,14.45,24697.24,313.91,25112.8,1,2
1073892.7,12.85,8,130.4,25.0,11.496,10.646,450.0,3889.3,100.0,150.0,4.598,583.4,875.1,769.8,4,raft,12.65,14894.27,185.85,14868.0,1,2
1126694.3,10.74,6,170.7,25.0,11.681,10.813,470.0,4015.8,100.0,150.0,4.673,602.37,903.6,914.0,3,raft,11.37,15746.91,199.77,15981.4,1,2
126226.8,10.37,10,237.6,25.0,5.631,5.368,150.0,933.3,100.0,150.0,2.253,139.99,450.0,300.0,3,isolated_footings,0.864,1611.87,17.81,1424.8,1,1
1753096.5,8.82,8,248.2,20.0,13.536,12.482,680.0,5392.3,108.3,150.0,5.414,808.84,1213.3,1021.8,3,raft,12.17,26238.53,379.87,30389.4,1,2
1092460.1,8.02,10,187.6,25.0,11.562,10.706,460.0,3934.0,100.0,150.0,4.625,590.11,885.2,696.1,3,raft,10.66,15221.01,191.82,15345.6,1,2
682895.7,23.14,10,202.8,25.0,9.886,9.197,340.0,2876.1,100.0,150.0,3.954,431.42,647.1,540.1,6,raft,7.96,9163.03,106.06,8484.5,1,2
1801754.7,12.72,6,186.4,20.0,13.66,12.594,690.0,5491.6,109.3,150.0,5.464,823.74,1235.6,1197.2,4,raft,14.25,27016.47,392.37,31389.7,1,2
1656667.0,11.51,10,110.0,20.0,13.283,12.255,650.0,5192.7,106.3,150.0,5.313,778.9,1168.4,884.5,3,raft,17.69,24579.56,350.39,28031.5,1,3
1097908.0,23.66,6,202.8,30.0,11.581,10.723,400.0,3947.1,100.0,150.0,4.632,592.07,888.1,883.7,6,isolated_footings,3.648,14720.6,169.72,13577.7,1,1
794862.9,18.46,8,218.9,20.0,10.399,9.659,400.0,3182.5,100.0,150.0,4.16,477.37,716.1,661.0,5,isolated_footings,2.627,10982.49,136.04,10883.6,1,1
682312.9,11.26,12,106.5,20.0,9.883,9.195,360.0,2874.5,100.0,150.0,3.953,431.17,646.8,496.5,3,raft,11.06,9293.99,111.52,8921.4,1,2
1473133.2,14.94,8,233.4,20.0,12.773,11.796,610.0,4801.7,102.2,150.0,5.109,720.26,1080.4,928.8,4,raft,11.41,21682.93,304.73,24378.1,1,2
1017124.3,15.35,8,112.1,25.0,11.29,10.461,440.0,3751.0,100.0,150.0,4.516,562.66,844.0,748.8,4,raft,13.27,14092.26,175.47,14037.9,1,2
1889542.4,10.89,10,83.6,20.0,13.878,12.791,710.0,5668.6,111.0,150.0,5.551,850.28,1275.4,951.7,3,raft,21.84,28454.95,416.33,33306.3,1,3
1776243.4,21.08,8,91.8,20.0,13.595,12.536,680.0,5439.6,108.8,150.0,5.438,815.95,1223.9,1027.7,6,raft,20.12,26546.04,383.31,30665.1,1,3
881470.3,15.28,12,97.0,30.0,10.764,9.987,350.0,3409.6,100.0,150.0,4.305,511.44,767.2,555.9,4,raft,12.97,11649.98,129.64,10371.2,1,2
317718.0,20.01,6,182.6,25.0,7.66,7.194,200.0,1726.9,100.0,150.0,3.064,259.03,450.0,461.5,6,isolated_footings,2.008,4015.48,40.08,3206.4,1,1
798781.6,9.76,6,209.8,30.0,10.416,9.674,320.0,3192.9,100.0,150.0,4.166,478.94,718.4,743.4,3,isolated_footings,3.017,10417.89,111.96,8957.0,1,1
1872621.6,10.11,6,125.5,30.0,13.837,12.753,570.0,5634.7,110.7,150.0,5.535,845.2,1267.8,1182.0,3,raft,17.14,26334.21,337.97,27037.8,1,2
1219292.5,20.68,6,242.8,20.0,11.993,11.094,530.0,4232.9,100.0,150.0,4.797,634.94,952.4,964.1,6,isolated_footings,3.637,17519.09,235.25,18819.8,1,1
1107621.8,21.09,6,114.4,25.0,11.615,10.754,460.0,3970.4,100.0,150.0,4.646,595.55,893.3,904.2,6,raft,13.74,15411.32,193.64,15490.8,1,2
1531359.9,22.28,8,132.3,25.0,12.939,11.945,570.0,4927.4,103.5,150.0,5.176,739.11,1108.7,935.0,6,raft,15.25,21972.68,294.05,23523.8,1,2
351301.0,8.89,10,186.7,20.0,7.921,7.429,240.0,1846.5,100.0,150.0,3.168,276.98,450.0,382.0,3,isolated_footings,1.644,4584.59,49.84,3987.1,1,1
91355.4,8.71,10,97.4,25.0,5.056,4.85,150.0,752.3,100.0,150.0,2.022,112.85,450.0,300.0,3,raft,4.15,1197.35,14.58,1166.1,1,2
326578.3,22.59,6,118.5,25.0,7.731,7.258,210.0,1758.8,100.0,150.0,3.092,263.83,450.0,469.9,6,isolated_footings,2.537,4161.27,42.48,3398.5,1,1
337384.2,18.49,8,236.7,30.0,7.815,7.334,180.0,1797.4,100.0,150.0,3.126,269.61,450.0,406.8,5,isolated_footings,1.554,4158.77,38.2,3055.7,1,1
800250.4,22.15,6,163.6,20.0,10.422,9.68,400.0,3196.8,100.0,150.0,4.169,479.52,719.3,765.6,6,isolated_footings,3.519,11049.72,136.67,10933.9,1,1
487818.8,23.3,10,140.7,30.0,8.837,8.253,230.0,2298.3,100.0,150.0,3.535,344.75,517.1,442.3,6,raft,7.82,6147.14,59.95,4796.0,1,2
700763.3,13.77,6,232.2,30.0,9.971,9.274,300.0,2926.1,100.0,150.0,3.988,438.91,658.4,694.8,4,isolated_footings,2.68,9099.99,96.71,7736.5,1,1
344650.8,14.86,10,181.9,30.0,7.871,7.384,190.0,1823.1,100.0,150.0,3.148,273.47,450.0,369.4,4,isolated_footings,1.61,4285.99,40.47,3237.7,1,1
879226.9,22.29,10,186.2,25.0,10.754,9.979,400.0,3403.8,100.0,150.0,4.302,510.58,765.9,618.9,6,raft,9.51,12031.65,145.76,11661.2,1,2
729352.1,9.66,12,192.5,25.0,10.105,9.394,350.0,3005.1,100.0,150.0,4.042,450.77,676.1,509.9,3,raft,8.44,9801.45,113.84,9107.1,1,2
1630902.9,19.38,6,214.1,20.0,13.214,12.193,650.0,5138.7,105.7,150.0,5.286,770.81,1156.2,1134.0,5,isolated_footings,4.556,24239.11,346.63,27730.4,1,1
1566678.9,10.35,8,146.4,30.0,13.038,12.034,510.0,5002.9,104.3,150.0,5.215,750.44,1125.7,929.3,3,raft,14.41,21706.23,269.88,21590.4,1,2
1603858.9,23.62,6,99.2,25.0,13.14,12.126,590.0,5081.7,105.1,150.0,5.256,762.26,1143.4,1108.2,6,raft,18.07,23148.94,313.37,25069.4,1,3
1921191.4,12.46,6,134.9,20.0,13.956,12.86,720.0,5731.7,111.6,150.0,5.582,859.75,1289.6,1240.7,4,raft,17.36,29014.95,426.62,34129.7,1,2
404651.1,14.16,10,164.0,25.0,8.303,7.773,240.0,2029.0,100.0,150.0,3.321,304.35,456.5,407.6,4,raft,6.68,5220.46,54.65,4371.6,1,2
1402170.6,14.62,10,103.5,30.0,12.565,11.608,470.0,4646.3,100.5,150.0,5.026,696.94,1045.4,781.5,4,raft,16.11,19187.21,232.04,18563.0,1,2
1847129.6,14.13,12,171.6,25.0,13.774,12.696,650.0,5583.4,110.2,150.0,5.51,837.51,1256.3,847.6,4,raft,14.87,27083.4,377.69,30215.3,1,2
1088325.1,21.14,12,94.2,30.0,11.547,10.692,400.0,3924.1,100.0,150.0,4.619,588.62,882.9,622.4,6,raft,14.73,14603.57,168.7,13496.3,1,2
872589.5,17.25,8,199.5,20.0,10.727,9.955,430.0,3386.7,100.0,150.0,4.291,508.0,762.0,696.5,5,raft,9.25,12193.4,154.77,12381.7,1,2
755333.4,11.25,6,141.6,25.0,10.224,9.501,360.0,3076.1,100.0,150.0,4.089,461.41,692.1,735.3,3,raft,10.04,10192.7,119.56,9564.8,1,2
1917350.8,22.73,6,234.9,25.0,13.946,12.852,670.0,5724.0,111.6,150.0,5.578,858.61,1287.9,1224.8,6,isolated_footings,4.697,28276.14,398.54,31883.1,1,1
1705065.4,21.87,8,130.1,20.0,13.411,12.37,670.0,5293.3,107.3,150.0,5.365,794.0,1191.0,1006.7,6,raft,16.56,25472.2,367.59,29406.9,1,2
1678742.1,16.82,12,121.2,20.0,13.342,12.308,660.0,5238.7,106.7,150.0,5.337,785.81,1178.7,814.3,5,raft,16.99,24996.74,358.64,28691.0,1,2
158938.0,10.2,8,144.2,20.0,6.081,5.773,150.0,1088.2,100.0,150.0,2.432,163.23,450.0,300.0,3,isolated_footings,1.379,1994.81,20.56,1644.9,1,1
1407438.9,14.8,6,199.2,30.0,12.581,11.622,470.0,4657.9,100.6,150.0,5.032,698.68,1048.0,1010.6,4,isolated_footings,4.209,19252.73,232.64,18611.4,1,1
1184133.8,15.63,8,85.1,25.0,11.877,10.989,480.0,4151.2,100.0,150.0,4.751,622.67,934.0,811.9,4,raft,16.51,16568.3,210.66,16852.8,1,3
325491.1,11.92,6,176.8,25.0,7.722,7.25,210.0,1754.9,100.0,150.0,3.089,263.24,450.0,469.1,3,isolated_footings,2.074,4148.48,42.39,3391.3,1,1
341948.6,10.92,8,207.2,30.0,7.85,7.365,190.0,1813.6,100.0,150.0,3.14,272.04,450.0,411.4,3,isolated_footings,1.68,4254.75,40.27,3221.4,1,1
1900093.2,15.52,10,155.5,30.0,13.904,12.814,570.0,5689.6,111.2,150.0,5.562,853.45,1280.2,921.6,4,raft,15.5,26682.63,341.4,27312.0,1,2
1405731.7,12.59,8,90.2,30.0,12.575,11.618,470.0,4654.1,100.6,150.0,5.03,698.12,1047.2,874.8,4,raft,17.28,19231.5,232.45,18595.8,1,3
112632.3,20.02,8,81.8,25.0,5.421,5.179,150.0,865.0,100.0,150.0,2.169,129.75,450.0,300.0,6,raft,4.98,1451.18,16.59,1327.4,1,2
1375811.9,22.02,10,236.3,30.0,12.486,11.537,460.0,4587.8,100.0,150.0,4.994,688.18,1032.3,772.5,6,raft,10.54,18749.2,224.6,17967.8,1,2
646766.2,11.64,8,126.2,20.0,9.708,9.037,350.0,2773.7,100.0,150.0,3.883,416.06,624.1,591.3,3,raft,9.87,8787.53,104.84,8387.4,1,2
1066927.0,23.65,8,206.3,25.0,11.471,10.624,450.0,3872.5,100.0,150.0,4.588,580.88,871.3,767.6,6,raft,10.03,14807.06,185.02,14801.9,1,2
1257135.3,11.5,8,219.8,30.0,12.116,11.204,440.0,4320.1,100.0,150.0,4.846,648.01,972.0,824.2,3,raft,10.43,17070.89,202.85,16227.9,1,2
1229912.6,9.24,12,161.2,30.0,12.028,11.125,430.0,4257.5,100.0,150.0,4.811,638.62,957.9,664.2,3,raft,12.02,16632.93,195.74,15659.2,1,2
1301687.1,21.24,8,89.3,25.0,12.257,11.331,520.0,4421.5,100.0,150.0,4.903,663.23,994.8,857.2,6,raft,17.02,18468.83,241.73,19338.3,1,3
1310962.0,11.12,6,97.7,25.0,12.286,11.358,520.0,4442.5,100.0,150.0,4.914,666.38,999.6,993.0,3,raft,16.32,18586.86,242.9,19432.3,1,3
1226220.8,21.55,6,120.7,20.0,12.016,11.114,540.0,4248.9,100.0,150.0,4.806,637.34,956.0,969.3,6,raft,14.33,17710.14,240.24,19219.2,1,2
1106057.4,9.05,6,208.6,25.0,11.61,10.749,460.0,3966.6,100.0,150.0,4.644,594.99,892.5,903.6,3,isolated_footings,3.678,15391.69,193.45,15475.9,1,1
416100.4,11.23,6,120.9,20.0,8.381,7.843,260.0,2067.1,100.0,150.0,3.352,310.07,465.1,538.0,3,isolated_footings,2.877,5455.56,59.68,4774.2,1,1
1954493.1,17.04,12,87.8,25.0,14.036,12.932,670.0,5797.7,112.3,150.0,5.614,869.66,1304.5,873.5,5,raft,21.42,28764.03,403.85,32307.6,1,3
231761.3,12.94,10,207.8,25.0,6.896,6.506,170.0,1399.4,100.0,150.0,2.758,209.9,450.0,303.9,4,isolated_footings,1.239,2900.97,28.74,2299.0,1,1
1025421.4,13.03,12,203.4,20.0,11.32,10.488,480.0,3771.4,100.0,150.0,4.528,565.71,848.6,621.4,4,raft,10.01,14558.33,190.94,15275.5,1,2
1420180.8,9.56,12,232.4,30.0,12.618,11.657,470.0,4686.0,100.9,150.0,5.047,702.89,1054.3,717.6,3,raft,10.82,19411.11,234.1,18728.4,1,2
246955.6,20.92,8,84.0,25.0,7.043,6.639,170.0,1459.9,100.0,150.0,2.817,218.98,450.0,349.9,6,raft,7.16,3077.16,29.92,2393.3,1,2
980058.4,21.9,6,129.3,20.0,11.151,10.336,460.0,3659.3,100.0,150.0,4.46,548.9,823.4,855.8,6,raft,12.23,13803.85,178.11,14248.6,1,2
1380629.3,9.26,6,242.0,20.0,12.5,11.55,580.0,4598.5,100.0,150.0,5.0,689.78,1034.7,1033.5,3,isolated_footings,3.906,20134.1,278.15,22252.1,1,1
1774584.0,20.92,8,210.7,20.0,13.591,12.532,680.0,5436.3,108.7,150.0,5.436,815.44,1223.2,1027.3,6,raft,13.28,26524.01,383.07,30645.4,1,2
1987162.4,16.03,10,156.1,20.0,14.113,13.002,740.0,5862.2,112.9,150.0,5.645,879.32,1319.0,980.1,5,raft,16.46,30178.15,447.91,35833.0,1,2
711090.4,13.77,12,86.8,30.0,10.02,9.318,300.0,2954.7,100.0,150.0,4.008,443.21,664.8,494.6,4,raft,12.2,9223.11,97.68,7814.8,1,2
1559641.3,14.2,8,249.5,30.0,13.019,12.017,500.0,4987.9,104.1,150.0,5.207,748.19,1122.3,924.9,4,raft,10.99,21498.09,264.25,21139.7,1,2
196246.7,10.44,12,96.6,20.0,6.524,6.171,160.0,1252.5,100.0,150.0,2.609,187.87,450.0,300.0,3,raft,5.97,2456.64,24.67,1973.3,1,2
328113.9,21.93,6,164.8,25.0,7.743,7.269,210.0,1764.4,100.0,150.0,3.097,264.65,450.0,470.9,6,isolated_footings,2.156,4179.34,42.61,3408.8,1,1
661751.5,22.94,8,91.6,30.0,9.783,9.104,290.0,2816.4,100.0,150.0,3.913,422.46,633.7,583.8,6,raft,11.45,8566.25,90.26,7221.2,1,2
758490.1,9.43,8,200.8,25.0,10.238,9.514,360.0,3084.6,100.0,150.0,4.095,462.69,694.0,638.0,3,isolated_footings,2.647,10231.41,119.9,9592.1,1,1
552991.0,15.57,10,209.7,25.0,9.214,8.593,290.0,2498.7,100.0,150.0,3.686,374.8,562.2,480.9,4,raft,6.97,7265.29,79.78,6382.4,1,2
1318069.6,10.25,6,245.2,25.0,12.308,11.378,520.0,4458.6,100.0,150.0,4.923,668.78,1003.2,995.4,3,isolated_footings,3.737,18677.26,243.8,19504.2,1,1
127205.7,21.74,12,149.5,30.0,5.646,5.381,150.0,938.1,100.0,150.0,2.258,140.71,450.0,300.0,6,raft,3.9,1623.41,17.9,1431.7,1,2
1838423.2,10.06,10,167.1,30.0,13.752,12.677,560.0,5565.9,110.0,150.0,5.501,834.88,1252.3,905.6,3,raft,14.69,25766.27,328.34,26266.9,1,2
1906487.7,13.98,12,166.0,25.0,13.92,12.828,660.0,5702.4,111.4,150.0,5.568,855.36,1283.0,861.8,4,raft,15.37,27996.34,391.5,31320.1,1,2
1760946.8,23.86,6,185.5,30.0,13.556,12.501,550.0,5408.4,108.4,150.0,5.422,811.26,1216.9,1143.7,6,raft,13.64,24654.17,313.49,25079.2,1,2
161264.4,20.65,6,106.3,20.0,6.11,5.799,150.0,1098.8,100.0,150.0,2.444,164.82,450.0,327.5,6,isolated_footings,1.868,2021.87,20.75,1659.9,1,1
616788.2,10.53,12,225.2,20.0,9.556,8.9,340.0,2687.4,100.0,150.0,3.822,403.1,604.7,470.7,3,raft,7.21,8352.83,98.91,7912.7,1,2
807034.8,15.4,6,139.3,25.0,10.452,9.707,380.0,3214.9,100.0,150.0,4.181,482.23,723.3,763.2,4,raft,10.51,10979.9,131.29,10503.0,1,2
1302844.7,22.4,12,98.6,20.0,12.261,11.335,560.0,4424.2,100.0,150.0,4.904,663.62,995.4,708.2,6,raft,16.39,18908.61,258.88,20710.2,1,3
1476967.3,22.68,12,210.6,20.0,12.784,11.806,610.0,4810.0,102.3,150.0,5.114,721.51,1082.3,759.3,6,raft,12.02,21733.25,305.27,24421.9,1,2
832964.9,9.03,10,249.4,25.0,10.562,9.806,380.0,3283.4,100.0,150.0,4.225,492.51,738.8,599.7,3,raft,7.97,11299.54,134.16,10733.0,1,2
464638.6,19.86,6,127.3,20.0,8.695,8.125,280.0,2224.9,100.0,150.0,3.478,333.74,500.6,570.9,5,isolated_footings,2.974,6143.45,68.66,5492.5,1,1
1112908.4,23.18,8,188.8,25.0,11.633,10.77,460.0,3983.0,100.0,150.0,4.653,597.45,896.2,784.8,6,raft,10.71,15477.63,194.27,15541.4,1,2
1158002.8,23.8,12,90.6,25.0,11.789,10.91,480.0,4089.9,100.0,150.0,4.715,613.48,920.2,656.3,6,raft,15.84,16238.84,207.47,16597.8,1,3
1589640.3,23.66,8,89.2,20.0,13.102,12.091,640.0,5051.7,104.8,150.0,5.241,757.75,1136.6,968.4,6,raft,19.24,23571.6,335.71,26857.0,1,3
1907657.8,18.94,10,122.9,20.0,13.923,12.83,720.0,5704.7,111.4,150.0,5.569,855.71,1283.6,958.0,5,raft,18.13,28833.78,424.55,33964.2,1,3
213003.0,9.11,12,93.9,30.0,6.704,6.334,150.0,1322.8,100.0,150.0,2.682,198.42,450.0,300.0,3,raft,6.25,2619.08,24.7,1976.2,1,2
930270.8,14.72,8,193.8,25.0,10.959,10.163,410.0,3534.3,100.0,150.0,4.383,530.15,795.2,712.2,4,raft,9.6,12747.88,154.9,12392.1,1,2
408952.7,8.86,12,138.1,25.0,8.333,7.799,240.0,2043.4,100.0,150.0,3.333,306.51,459.8,373.9,3,raft,7.31,5271.51,55.05,4403.6,1,2
370839.9,13.59,12,161.9,30.0,8.065,7.559,200.0,1914.4,100.0,150.0,3.226,287.16,450.0,350.6,4,raft,6.33,4634.17,44.25,3540.1,1,2
1393219.5,10.57,12,140.3,30.0,12.538,11.584,470.0,4626.5,100.3,150.0,5.015,693.97,1041.0,711.3,3,raft,13.8,19075.86,231.01,18480.6,1,2
1162117.9,21.17,8,93.2,30.0,11.802,10.922,410.0,4099.5,100.0,150.0,4.721,614.93,922.4,787.9,6,raft,15.31,15601.51,180.41,14432.5,1,2
1178054.3,10.31,10,82.4,25.0,11.856,10.971,480.0,4136.9,100.0,150.0,4.742,620.54,930.8,724.5,3,raft,16.74,16491.7,209.92,16793.6,1,3
1870947.8,15.99,10,99.3,30.0,13.833,12.75,570.0,5631.3,110.7,150.0,5.533,844.7,1267.0,915.2,4,raft,19.26,26312.97,337.76,27021.0,1,3
842453.9,16.33,6,248.0,20.0,10.602,9.842,420.0,3308.3,100.0,150.0,4.241,496.24,744.4,789.0,5,isolated_footings,2.945,11734.17,147.92,11833.7,1,1
1286871.5,18.22,6,86.2,30.0,12.211,11.289,440.0,4387.9,100.0,150.0,4.884,658.19,987.3,961.8,5,raft,16.83,17437.04,206.12,16489.9,1,3
1959112.4,14.72,8,182.2,20.0,14.047,12.942,730.0,5806.9,112.4,150.0,5.619,871.03,1306.5,1086.4,4,raft,15.1,29661.49,437.98,35038.0,1,2
728766.8,23.24,6,142.9,25.0,10.102,9.392,350.0,3003.5,100.0,150.0,4.041,450.53,675.8,720.8,6,raft,9.8,9794.3,113.78,9102.2,1,2
81573.0,22.35,6,198.9,30.0,4.869,4.682,150.0,697.6,100.0,150.0,1.947,104.64,450.0,300.0,6,isolated_footings,0.998,1079.48,13.59,1087.4,1,1
1998143.9,14.62,10,139.9,30.0,14.139,13.025,590.0,5883.7,113.1,150.0,5.656,882.56,1323.8,947.5,4,raft,16.81,28205.93,364.82,29185.7,1,2
880405.9,23.59,10,99.3,20.0,10.759,9.983,430.0,3406.9,100.0,150.0,4.304,511.03,766.5,625.5,6,raft,13.17,12291.75,155.72,12457.3,1,2
944706.0,13.97,8,172.3,25.0,11.015,10.214,420.0,3570.8,100.0,150.0,4.406,535.62,803.4,719.6,4,raft,10.29,13012.62,159.97,12797.8,1,2
605804.5,18.55,12,187.8,30.0,9.499,8.849,270.0,2655.4,100.0,150.0,3.8,398.3,597.5,454.0,5,raft,7.61,7771.22,79.84,6387.3,1,2
1259734.2,22.8,6,249.2,20.0,12.124,11.212,550.0,4326.0,100.0,150.0,4.85,648.9,973.4,983.9,6,isolated_footings,3.664,18245.86,248.85,19908.3,1,1
224794.0,8.26,12,97.6,30.0,6.826,6.443,150.0,1371.2,100.0,150.0,2.73,205.68,450.0,300.0,3,raft,6.29,2754.12,25.55,2044.2,1,2
1515867.2,22.84,6,187.7,30.0,12.896,11.906,490.0,4894.1,103.2,150.0,5.158,734.12,1101.2,1051.3,6,raft,12.47,20832.66,254.37,20349.7,1,2
1183405.5,8.52,10,224.8,20.0,11.874,10.987,520.0,4149.5,100.0,150.0,4.75,622.42,933.6,734.7,3,raft,10.28,16957.78,226.52,18121.4,1,2
484614.8,15.27,12,99.5,25.0,8.818,8.236,270.0,2288.2,100.0,150.0,3.527,343.23,514.9,409.8,4,raft,9.44,6329.57,68.47,5477.7,1,2
1903575.4,13.61,12,150.2,30.0,13.913,12.821,570.0,5696.6,111.3,150.0,5.565,854.49,1281.7,842.0,4,raft,15.79,26726.77,341.83,27346.6,1,2
1422478.2,19.86,6,239.7,20.0,12.625,11.663,590.0,4691.0,101.0,150.0,5.05,703.65,1055.5,1050.3,5,isolated_footings,3.987,20791.7,288.45,23076.0,1,1
1039743.6,12.28,10,132.3,25.0,11.373,10.535,440.0,3806.4,100.0,150.0,4.549,570.97,856.5,676.4,4,raft,12.34,14374.93,178.13,14250.6,1,2
1362936.6,8.07,12,85.6,20.0,12.447,11.502,570.0,4559.2,100.0,150.0,4.979,683.88,1025.8,724.6,3,raft,18.0,19794.61,271.34,21707.0,1,3
349081.9,13.99,10,137.0,30.0,7.904,7.414,190.0,1838.7,100.0,150.0,3.162,275.81,450.0,371.6,4,raft,6.66,4337.2,40.8,3264.2,1,2
1986016.8,11.87,12,112.8,30.0,14.111,13.0,590.0,5859.9,112.9,150.0,5.644,878.99,1318.5,862.6,3,raft,18.67,28051.58,363.29,29063.0,1,3
816969.6,8.83,12,101.9,30.0,10.494,9.745,330.0,3241.2,100.0,150.0,4.198,486.18,729.3,533.1,3,raft,12.13,10713.21,116.82,9345.9,1,2
811302.8,19.65,12,233.7,30.0,10.47,9.723,330.0,3226.2,100.0,150.0,4.188,483.93,725.9,531.4,5,raft,7.99,10645.12,116.27,9301.3,1,2
358965.1,11.7,8,165.7,30.0,7.978,7.48,190.0,1873.3,100.0,150.0,3.191,280.99,450.0,420.8,3,isolated_footings,1.922,4451.3,41.54,3323.0,1,1
1175020.8,14.27,10,222.3,20.0,11.846,10.961,520.0,4129.8,100.0,150.0,4.738,619.47,929.2,732.4,4,raft,10.3,16850.23,225.42,18033.7,1,2
1899965.6,11.26,6,84.4,20.0,13.904,12.814,720.0,5689.4,111.2,150.0,5.562,853.41,1280.1,1234.6,3,raft,21.84,28730.75,423.37,33869.9,1,3
1276343.5,17.49,6,185.1,30.0,12.177,11.259,440.0,4364.0,100.0,150.0,4.871,654.59,981.9,958.2,5,isolated_footings,4.141,17307.47,204.97,16397.3,1,1
1845159.1,9.26,12,84.3,30.0,13.769,12.692,560.0,5579.4,110.2,150.0,5.508,836.92,1255.4,828.1,3,raft,20.72,25851.52,329.17,26333.7,1,3
304568.6,15.26,10,111.7,30.0,7.553,7.098,170.0,1678.9,100.0,150.0,3.021,251.84,450.0,345.1,4,raft,6.85,3740.54,34.17,2733.8,1,2
1800923.0,12.75,8,203.5,25.0,13.658,12.592,640.0,5489.9,109.3,150.0,5.463,823.49,1235.2,1023.9,4,raft,13.47,26346.11,365.88,29270.0,1,2
1552263.6,18.55,10,94.1,20.0,12.998,11.998,630.0,4972.2,104.0,150.0,5.199,745.82,1118.7,854.9,5,raft,18.48,22958.32,325.48,26038.1,1,3
1273504.1,18.21,6,98.9,30.0,12.168,11.251,440.0,4357.5,100.0,150.0,4.867,653.62,980.4,957.3,5,raft,15.64,17272.52,204.65,16372.3,1,2
289234.4,10.27,10,232.1,20.0,7.424,6.982,210.0,1622.1,100.0,150.0,2.97,243.31,450.0,344.1,3,isolated_footings,1.328,3720.47,39.3,3144.2,1,1
200893.8,21.51,8,146.4,25.0,6.575,6.217,150.0,1272.2,100.0,150.0,2.63,190.83,450.0,314.1,6,isolated_footings,1.526,2480.03,23.81,1904.8,1,1
1601110.8,14.62,12,243.1,20.0,13.133,12.12,640.0,5075.9,105.1,150.0,5.253,761.39,1142.1,793.3,4,raft,11.69,23722.96,337.38,26990.4,1,2
460077.1,14.72,10,187.7,25.0,8.666,8.1,260.0,2210.3,100.0,150.0,3.467,331.55,497.3,436.4,4,raft,6.68,5982.13,63.95,5115.6,1,2
1626670.7,10.88,6,233.6,30.0,13.202,12.182,520.0,5129.8,105.6,150.0,5.281,769.47,1154.2,1094.5,3,isolated_footings,4.21,22581.42,281.94,22555.3,1,1
1156223.0,17.71,6,99.9,25.0,11.782,10.904,480.0,4085.7,100.0,150.0,4.713,612.85,919.3,927.5,5,raft,15.08,16216.38,207.26,16580.4,1,2
1987792.2,15.74,6,106.9,30.0,14.115,13.003,590.0,5863.4,112.9,150.0,5.646,879.51,1319.3,1220.4,4,raft,19.18,28074.18,363.51,29081.0,1,3
546277.0,9.95,6,171.1,30.0,9.177,8.559,250.0,2478.4,100.0,150.0,3.671,371.77,557.6,607.1,3,isolated_footings,2.728,6946.38,69.59,5567.1,1,1
1047902.2,10.44,10,99.5,20.0,11.402,10.562,480.0,3826.3,100.0,150.0,4.561,573.95,860.9,687.4,3,raft,14.45,14844.38,193.79,15503.3,1,2
107520.4,10.22,6,203.7,20.0,5.338,5.104,150.0,838.6,100.0,150.0,2.135,125.79,450.0,300.0,3,isolated_footings,1.119,1390.48,16.12,1289.7,1,1
571801.5,15.71,6,139.3,30.0,9.318,8.686,260.0,2555.0,100.0,150.0,3.727,383.26,574.9,622.6,4,isolated_footings,3.102,7307.22,74.27,5941.7,1,1
1321252.8,15.47,12,154.1,25.0,12.318,11.386,520.0,4465.7,100.0,150.0,4.927,669.86,1004.8,704.6,4,raft,13.04,18717.74,244.2,19536.3,1,2
1848578.8,12.0,8,196.8,30.0,13.777,12.7,560.0,5586.3,110.2,150.0,5.511,837.95,1256.9,1015.0,4,raft,13.58,25894.8,329.59,26367.4,1,2
598111.4,14.29,10,108.2,20.0,9.458,8.813,330.0,2632.8,100.0,150.0,3.783,394.93,592.4,506.5,4,raft,10.22,8059.66,94.32,7545.4,1,2
1909836.0,15.81,12,152.0,30.0,13.928,12.835,580.0,5709.1,111.4,150.0,5.571,856.36,1284.5,845.4,4,raft,15.75,26943.23,348.1,27847.7,1,2
579764.2,13.1,6,183.2,25.0,9.361,8.725,300.0,2578.7,100.0,150.0,3.744,386.81,580.2,637.0,4,isolated_footings,2.766,7648.8,84.89,6791.4,1,1
439455.5,13.65,6,156.4,20.0,8.535,7.981,270.0,2143.8,100.0,150.0,3.414,321.57,482.3,554.1,4,isolated_footings,2.605,5787.1,64.02,5121.6,1,1
1918290.0,12.05,12,129.9,30.0,13.948,12.854,580.0,5725.9,111.6,150.0,5.579,858.89,1288.3,847.1,4,raft,17.08,27050.74,349.16,27933.0,1,2
1903237.3,16.49,12,85.1,20.0,13.912,12.821,720.0,5695.9,111.3,150.0,5.565,854.39,1281.6,873.7,5,raft,21.76,28774.58,423.88,33910.0,1,3
1627628.9,14.87,8,140.8,20.0,13.205,12.185,650.0,5131.8,105.6,150.0,5.282,769.77,1154.7,981.2,4,raft,15.51,24195.81,346.15,27692.1,1,2
469609.1,13.95,8,212.5,20.0,8.726,8.153,290.0,2240.7,100.0,150.0,3.49,336.11,504.2,499.0,4,isolated_footings,2.012,6257.31,71.31,5705.0,1,1
68784.3,19.01,10,116.3,30.0,4.6,4.44,150.0,622.6,100.0,150.0,1.84,93.39,450.0,300.0,5,isolated_footings,0.935,924.02,12.24,979.2,1,1
1600716.9,22.38,6,145.6,30.0,13.132,12.119,510.0,5075.1,105.1,150.0,5.253,761.27,1141.9,1083.6,6,raft,14.59,22133.12,273.94,21914.9,1,2
463741.6,11.48,10,201.8,30.0,8.689,8.12,230.0,2222.0,100.0,150.0,3.476,333.31,500.0,432.1,3,isolated_footings,1.788,5865.76,57.89,4631.3,1,1
195907.2,22.28,12,196.0,25.0,6.52,6.168,150.0,1251.0,100.0,150.0,2.608,187.66,450.0,300.0,6,isolated_footings,1.065,2422.64,23.44,1875.0,1,1
669677.4,13.12,8,88.4,25.0,9.821,9.139,330.0,2838.9,100.0,150.0,3.929,425.83,638.7,596.2,4,raft,11.89,8933.28,101.92,8153.3,1,2
1022369.4,23.84,12,100.3,25.0,11.309,10.478,440.0,3763.9,100.0,150.0,4.524,564.59,846.9,612.8,6,raft,14.06,14157.85,176.09,14087.3,1,2
383722.5,13.23,12,120.2,20.0,8.158,7.642,250.0,1958.5,100.0,150.0,3.263,293.77,450.0,364.9,4,raft,7.65,5018.68,54.64,4371.0,1,2
605822.0,18.3,6,235.0,25.0,9.499,8.849,310.0,2655.4,100.0,150.0,3.8,398.31,597.5,652.5,5,isolated_footings,2.502,8026.54,90.05,7203.8,1,1
305563.2,23.47,6,232.3,30.0,7.561,7.105,170.0,1682.6,100.0,150.0,3.024,252.38,450.0,446.1,6,isolated_footings,1.721,3751.93,34.24,2739.5,1,1
126284.5,18.32,6,159.9,25.0,5.632,5.369,150.0,933.5,100.0,150.0,2.253,140.03,450.0,300.0,5,isolated_footings,1.36,1612.55,17.82,1425.2,1,1
1460344.7,12.39,10,148.1,30.0,12.736,11.763,480.0,4773.9,101.9,150.0,5.094,716.08,1074.1,798.4,4,raft,13.76,20024.4,243.28,19462.1,1,2
1560496.2,15.9,6,146.9,30.0,13.021,12.019,500.0,4989.7,104.2,150.0,5.208,748.46,1122.7,1068.2,4,raft,14.32,21508.77,264.35,21147.7,1,2
1968735.3,15.89,6,223.3,30.0,14.07,12.963,590.0,5825.9,112.6,150.0,5.628,873.88,1310.8,1215.1,4,isolated_footings,4.78,27831.5,361.1,28887.6,1,1
250350.0,11.58,6,103.6,25.0,7.075,6.668,170.0,1473.2,100.0,150.0,2.83,220.98,450.0,406.6,3,isolated_footings,2.349,3116.44,30.18,2414.1,1,1
1729708.1,19.59,8,108.9,20.0,13.476,12.428,670.0,5344.2,107.8,150.0,5.39,801.63,1202.4,1013.2,5,raft,18.21,25799.11,371.24,29698.9,1,3
1462010.4,21.0,6,238.8,20.0,12.741,11.767,600.0,4777.5,101.9,150.0,5.096,716.63,1074.9,1066.1,6,isolated_footings,4.055,21422.13,298.55,23883.8,1,1
556391.0,20.56,6,88.2,25.0,9.233,8.61,290.0,2508.9,100.0,150.0,3.693,376.34,564.5,622.6,6,raft,10.77,7306.18,80.12,6409.4,1,2
196332.2,13.27,12,125.9,20.0,6.525,6.172,160.0,1252.8,100.0,150.0,2.61,187.93,450.0,300.0,4,raft,5.23,2457.63,24.67,1973.9,1,2
1853473.9,17.34,6,101.5,20.0,13.79,12.711,700.0,5596.2,110.3,150.0,5.516,839.43,1259.1,1215.3,5,raft,19.6,27838.49,405.47,32437.4,1,3
1518417.9,22.2,12,188.3,30.0,12.903,11.913,490.0,4899.6,103.2,150.0,5.161,734.94,1102.4,743.9,6,raft,12.46,20864.49,254.67,20373.5,1,2
288628.0,16.44,12,192.4,25.0,7.419,6.977,190.0,1619.8,100.0,150.0,2.968,242.97,450.0,310.5,5,raft,5.14,3635.47,36.14,2891.0,1,2
677727.2,19.69,8,95.6,25.0,9.861,9.175,340.0,2861.6,100.0,150.0,3.944,429.24,643.9,601.7,5,raft,11.55,9099.88,105.51,8440.4,1,2
1437193.7,13.65,8,192.1,30.0,12.669,11.702,480.0,4723.3,101.3,150.0,5.067,708.5,1062.7,886.2,4,raft,12.0,19735.88,240.59,19247.1,1,2
1718933.8,19.12,6,245.2,20.0,13.448,12.403,670.0,5322.0,107.6,150.0,5.379,798.3,1197.4,1166.7,5,isolated_footings,4.38,25656.23,369.64,29571.4,1,1
464327.2,18.73,12,219.1,20.0,8.693,8.124,280.0,2223.9,100.0,150.0,3.477,333.59,500.4,403.6,5,raft,6.26,6139.68,68.62,5490.0,1,2
1000908.9,13.45,10,209.3,25.0,11.229,10.406,430.0,3711.1,100.0,150.0,4.492,556.66,835.0,662.8,4,raft,9.61,13800.21,169.99,13599.2,1,2
1431599.1,18.48,6,235.4,20.0,12.652,11.687,590.0,4711.0,101.2,150.0,5.061,706.66,1060.0,1053.3,5,isolated_footings,4.036,20910.78,289.73,23178.0,1,1
1837559.6,14.17,12,227.5,30.0,13.75,12.675,560.0,5564.1,110.0,150.0,5.5,834.62,1251.9,826.5,4,raft,12.59,25755.34,328.23,26258.4,1,2
445890.4,14.4,6,127.2,20.0,8.576,8.019,280.0,2164.6,100.0,150.0,3.431,324.7,487.0,560.3,4,isolated_footings,2.92,5916.59,66.74,5339.3,1,1
1388218.7,23.22,6,105.0,20.0,12.523,11.571,580.0,4615.4,100.2,150.0,5.009,692.31,1038.5,1036.0,6,raft,16.43,20233.02,279.21,22336.5,1,3
1502800.7,11.85,12,111.8,20.0,12.858,11.873,610.0,4866.0,102.9,150.0,5.143,729.9,1094.8,765.2,3,raft,16.63,22072.06,308.94,24715.6,1,2
978668.8,16.49,10,125.1,30.0,11.146,10.331,370.0,3655.9,100.0,150.0,4.458,548.38,822.6,643.2,5,raft,12.06,12995.99,146.32,11705.9,1,2
213930.2,14.9,8,147.5,25.0,6.714,6.343,160.0,1326.6,100.0,150.0,2.686,198.99,450.0,325.4,4,isolated_footings,1.575,2661.58,26.04,2083.5,1,1
1040457.3,8.85,10,142.9,20.0,11.375,10.538,480.0,3808.2,100.0,150.0,4.55,571.23,856.8,685.2,3,raft,12.02,14749.7,192.85,15428.0,1,2
1314812.4,19.71,12,113.0,20.0,12.298,11.368,560.0,4451.2,100.0,150.0,4.919,667.68,1001.5,711.1,5,raft,15.37,19063.48,260.5,20839.7,1,2
835249.6,17.5,12,168.2,20.0,10.572,9.815,420.0,3289.4,100.0,150.0,4.229,493.41,740.1,555.8,5,raft,9.85,11643.69,147.06,11764.4,1,2
1378263.0,18.34,6,117.3,20.0,12.493,11.544,580.0,4593.3,100.0,150.0,4.997,688.99,1033.5,1032.7,5,raft,15.49,20103.36,277.83,22226.1,1,2
1795364.0,17.2,8,91.2,20.0,13.644,12.58,690.0,5478.6,109.2,150.0,5.458,821.79,1232.7,1035.2,5,raft,20.34,26931.39,391.41,31313.1,1,3
587146.0,22.12,12,146.6,20.0,9.4,8.76,330.0,2600.6,100.0,150.0,3.76,390.08,585.1,458.5,6,raft,8.7,7925.21,93.13,7450.3,1,2
478782.2,21.19,10,164.2,20.0,8.782,8.204,290.0,2269.8,100.0,150.0,3.513,340.48,510.7,450.2,6,raft,7.37,6368.72,72.26,5781.2,1,2
1582168.9,13.56,10,200.0,25.0,13.081,12.073,590.0,5035.8,104.6,150.0,5.232,755.37,1133.1,853.2,4,raft,12.65,22868.2,310.43,24834.8,1,2
1481070.4,9.51,12,205.6,30.0,12.796,11.817,490.0,4819.0,102.4,150.0,5.118,722.84,1084.3,735.6,3,raft,11.79,20398.18,250.3,20024.1,1,2
515308.0,13.04,6,108.3,25.0,9.0,8.4,280.0,2383.9,100.0,150.0,3.6,357.58,536.4,598.6,4,raft,9.34,6753.77,73.72,5897.2,1,2
1804745.0,10.27,6,193.2,25.0,13.668,12.601,640.0,5497.7,109.3,150.0,5.467,824.65,1237.0,1183.4,3,raft,13.83,26396.05,366.41,29312.9,1,2
701405.6,10.84,10,229.8,20.0,9.974,9.277,370.0,2927.8,100.0,150.0,3.99,439.18,658.8,552.8,3,raft,7.65,9599.9,116.46,9316.6,1,2
1374445.7,21.65,10,244.8,30.0,12.481,11.533,460.0,4584.8,100.0,150.0,4.993,687.72,1031.6,772.2,6,raft,10.35,18732.32,224.44,17955.6,1,2
51962.6,21.97,12,98.6,20.0,4.189,4.07,150.0,516.5,100.0,150.0,1.676,77.47,450.0,300.0,6,raft,3.19,716.49,10.31,824.9,1,2
1156170.1,23.85,8,169.3,20.0,11.782,10.904,520.0,4085.5,100.0,150.0,4.713,612.83,919.2,812.9,6,raft,11.72,16608.22,222.95,17835.9,1,2
1522235.3,20.4,6,131.8,30.0,12.914,11.922,500.0,4907.8,103.3,150.0,5.165,736.18,1104.3,1056.3,6,raft,14.95,21029.98,259.83,20786.3,1,2
704570.8,15.85,10,248.3,25.0,9.989,9.29,340.0,2936.6,100.0,150.0,3.996,440.5,660.7,547.8,4,isolated_footings,2.044,9427.53,108.35,8668.2,1,1
1343646.6,12.06,12,82.3,25.0,12.388,11.449,530.0,4516.0,100.0,150.0,4.955,677.41,1016.1,712.0,4,raft,18.03,19110.75,251.36,20108.8,1,3
637211.4,13.34,12,99.2,30.0,9.66,8.994,280.0,2746.4,100.0,150.0,3.864,411.95,617.9,466.6,4,raft,10.77,8207.94,85.31,6824.7,1,2
1062652.4,18.24,8,246.4,20.0,11.456,10.61,490.0,3862.2,100.0,150.0,4.582,579.32,869.0,775.7,5,isolated_footings,2.905,15124.58,199.36,15948.8,1,1
1335765.5,10.27,12,85.3,30.0,12.363,11.427,450.0,4498.4,100.0,150.0,4.945,674.76,1012.1,693.8,3,raft,17.27,18145.88,215.78,17262.3,1,3
1494974.2,23.57,10,115.1,20.0,12.836,11.853,610.0,4849.1,102.7,150.0,5.134,727.36,1091.0,836.2,6,raft,16.35,21969.47,307.83,24626.7,1,2
427992.1,23.28,6,244.1,30.0,8.46,7.914,220.0,2106.3,100.0,150.0,3.384,315.95,473.9,535.0,6,isolated_footings,2.013,5395.91,52.75,4220.0,1,1
1373663.0,22.39,12,247.8,30.0,12.479,11.531,460.0,4583.1,100.0,150.0,4.992,687.46,1031.2,704.7,6,raft,10.29,18722.65,224.36,17948.6,1,2
391156.9,22.57,10,231.0,25.0,8.21,7.689,230.0,1983.7,100.0,150.0,3.284,297.55,450.0,399.4,6,isolated_footings,1.545,5012.48,51.51,4120.6,1,1
1198838.3,23.12,10,132.6,20.0,11.925,11.033,530.0,4185.5,100.0,150.0,4.77,627.82,941.7,741.1,6,raft,13.5,17256.1,232.55,18603.9,1,2
1180057.8,19.23,6,153.7,25.0,11.863,10.977,480.0,4141.6,100.0,150.0,4.745,621.24,931.9,936.1,5,raft,12.27,16516.95,210.16,16813.2,1,2
1154991.7,20.68,10,129.0,20.0,11.778,10.9,520.0,4082.8,100.0,150.0,4.711,612.42,918.6,726.8,6,raft,13.42,16593.08,222.79,17823.5,1,2
1022907.7,18.97,12,195.8,30.0,11.311,10.48,380.0,3765.2,100.0,150.0,4.524,564.79,847.2,601.1,5,raft,9.87,13621.97,154.45,12356.0,1,2
1935009.4,17.98,8,131.6,25.0,13.989,12.89,670.0,5759.1,111.9,150.0,5.596,863.87,1295.8,1065.0,5,raft,17.42,28508.19,401.07,32085.2,1,2
176002.2,12.72,12,87.0,25.0,6.291,5.962,150.0,1164.8,100.0,150.0,2.516,174.72,450.0,300.0,4,raft,5.94,2192.85,21.92,1753.3,1,2
1659667.7,9.97,12,132.0,25.0,13.291,12.262,600.0,5199.0,106.3,150.0,5.316,779.84,1169.8,797.8,3,raft,15.96,23994.83,325.86,26068.6,1,2
736898.3,21.35,6,122.7,25.0,10.14,9.426,350.0,3025.8,100.0,150.0,4.056,453.87,680.8,724.5,6,raft,10.63,9893.71,114.65,9171.7,1,2
1763508.1,20.56,8,242.1,30.0,13.563,12.506,550.0,5413.6,108.5,150.0,5.425,812.04,1218.1,991.1,6,raft,11.95,24686.56,313.81,25104.5,1,2
577804.3,23.93,8,153.4,20.0,9.35,8.715,330.0,2572.9,100.0,150.0,3.74,385.93,578.9,557.5,6,raft,8.44,7810.54,92.11,7368.9,1,2
617064.0,8.51,10,122.3,30.0,9.557,8.902,270.0,2688.2,100.0,150.0,3.823,403.22,604.8,501.6,3,raft,9.51,7904.26,80.86,6468.8,1,2
1292237.1,14.76,6,231.8,25.0,12.227,11.305,510.0,4400.1,100.0,150.0,4.891,660.02,990.0,983.8,4,isolated_footings,3.798,18242.82,236.3,18904.2,1,1
1214225.6,10.77,12,195.4,25.0,11.976,11.079,490.0,4221.2,100.0,150.0,4.791,633.18,949.8,672.5,3,raft,11.05,17048.43,218.36,17468.7,1,2
1618541.5,10.23,8,122.5,25.0,13.18,12.162,590.0,5112.7,105.4,150.0,5.272,766.91,1150.4,963.7,3,raft,16.33,23338.81,315.35,25227.8,1,2
1130853.4,12.82,6,130.5,30.0,11.696,10.826,410.0,4025.7,100.0,150.0,4.678,603.85,905.8,898.6,4,raft,12.78,15219.11,177.06,14165.2,1,2
949251.0,10.93,12,96.3,30.0,11.033,10.229,360.0,3582.3,100.0,150.0,4.413,537.34,806.0,577.0,3,raft,13.51,12552.98,139.85,11187.9,1,2
911707.6,13.01,10,159.6,25.0,10.885,10.097,410.0,3487.2,100.0,150.0,4.354,523.07,784.6,631.2,4,raft,10.48,12517.43,152.78,12222.3,1,2
959777.5,23.38,12,84.7,30.0,11.073,10.266,370.0,3608.7,100.0,150.0,4.429,541.3,812.0,581.9,6,raft,14.53,12766.83,144.38,11550.4,1,3
101523.1,20.27,6,208.5,30.0,5.237,5.013,150.0,807.1,100.0,150.0,2.095,121.07,450.0,300.0,6,isolated_footings,1.077,1319.04,15.56,1244.7,1,1
1818355.1,20.59,10,101.6,30.0,13.702,12.632,560.0,5525.3,109.6,150.0,5.481,828.79,1243.2,901.2,6,raft,18.75,25512.15,325.85,26067.9,1,3
1804829.2,22.04,6,208.4,25.0,13.668,12.601,640.0,5497.8,109.3,150.0,5.467,824.68,1237.0,1183.4,6,raft,13.32,26397.15,366.42,29313.8,1,2
295574.9,18.72,12,217.3,30.0,7.478,7.03,170.0,1645.7,100.0,150.0,2.991,246.85,450.0,310.8,5,isolated_footings,1.239,3637.42,33.53,2682.2,1,1
947430.5,8.87,6,125.9,30.0,11.026,10.223,360.0,3577.7,100.0,150.0,4.41,536.65,805.0,815.3,3,raft,11.81,12530.97,139.67,11173.2,1,2
258745.4,17.51,10,176.1,30.0,7.153,6.738,160.0,1506.0,100.0,150.0,2.861,225.9,450.0,318.0,5,isolated_footings,1.409,3177.31,29.37,2349.3,1,1
696049.8,8.97,6,199.3,30.0,9.949,9.254,300.0,2912.9,100.0,150.0,3.98,436.94,655.4,692.7,3,isolated_footings,2.885,9043.76,96.26,7700.7,1,1
331096.2,19.85,12,103.2,30.0,7.766,7.29,180.0,1775.0,100.0,150.0,3.106,266.25,450.0,329.4,5,raft,7.45,4086.5,37.74,3019.3,1,2
1297352.9,10.48,10,202.3,20.0,12.244,11.319,560.0,4411.7,100.0,150.0,4.897,661.76,992.6,774.3,3,raft,11.42,18837.5,258.13,20650.6,1,2
1620952.8,17.98,8,99.5,20.0,13.187,12.168,640.0,5117.8,105.5,150.0,5.275,767.67,1151.5,976.9,5,raft,18.37,23984.59,340.26,27220.4,1,3
348393.1,22.08,6,122.0,20.0,7.899,7.409,230.0,1836.3,100.0,150.0,3.16,275.45,450.0,488.9,6,isolated_footings,2.602,4505.67,47.81,3824.7,1,1
973797.7,21.32,12,146.4,20.0,11.127,10.314,460.0,3643.7,100.0,150.0,4.451,546.56,819.8,603.4,6,raft,11.46,13724.58,177.33,14186.3,1,2
634851.3,15.74,8,219.4,30.0,9.648,8.983,280.0,2739.6,100.0,150.0,3.859,410.94,616.4,570.5,4,isolated_footings,2.264,8179.96,85.09,6807.3,1,1
557529.5,17.8,12,226.1,30.0,9.239,8.615,260.0,2512.4,100.0,150.0,3.696,376.85,565.3,435.2,5,raft,6.65,7138.84,72.99,5839.1,1,2
290233.2,10.34,6,111.4,30.0,7.433,6.989,170.0,1625.8,100.0,150.0,2.973,243.87,450.0,435.6,3,isolated_footings,2.426,3576.1,33.14,2651.3,1,1
1332057.5,10.73,8,160.9,25.0,12.352,11.417,520.0,4490.0,100.0,150.0,4.941,673.51,1010.3,866.2,3,raft,12.81,18855.07,245.57,19645.2,1,2
614425.6,9.6,12,142.4,25.0,9.544,8.889,310.0,2680.5,100.0,150.0,3.817,402.07,603.1,464.4,3,raft,8.94,8130.62,90.92,7273.8,1,2
812819.0,19.16,6,158.9,25.0,10.477,9.729,380.0,3230.2,100.0,150.0,4.191,484.53,726.8,765.7,5,isolated_footings,3.571,11051.26,131.93,10554.5,1,1
338924.7,12.53,6,175.9,20.0,7.827,7.344,230.0,1802.9,100.0,150.0,3.131,270.43,450.0,482.8,4,isolated_footings,2.14,4392.98,46.97,3757.5,1,1
1182049.2,8.55,12,87.2,25.0,11.87,10.983,480.0,4146.3,100.0,150.0,4.748,621.94,932.9,662.4,3,raft,16.3,16542.04,210.41,16832.5,1,3
1927453.2,15.49,12,127.1,20.0,13.971,12.874,720.0,5744.1,111.8,150.0,5.588,861.62,1292.4,878.6,4,raft,17.91,29098.74,427.58,34206.2,1,2
747607.9,21.69,8,139.3,30.0,10.189,9.47,310.0,3055.0,100.0,150.0,4.075,458.26,687.4,622.2,6,raft,9.89,9731.02,104.05,8323.6,1,2
1073858.5,16.21,8,191.5,25.0,11.496,10.646,450.0,3889.3,100.0,150.0,4.598,583.39,875.1,769.8,5,raft,10.44,14893.84,185.85,14867.7,1,2
1329070.1,17.01,12,201.6,20.0,12.343,11.408,570.0,4483.3,100.0,150.0,4.937,672.5,1008.7,716.5,5,raft,11.6,19355.52,266.72,21338.0,1,2
592763.3,20.2,10,237.0,20.0,9.43,8.787,330.0,2617.1,100.0,150.0,3.772,392.57,588.9,504.4,6,isolated_footings,1.926,7994.11,93.74,7499.1,1,1
1836512.0,18.32,12,243.6,30.0,13.747,12.673,560.0,5562.0,110.0,150.0,5.499,834.3,1251.5,826.3,5,raft,12.16,25742.08,328.1,26248.1,1,2
1334995.0,17.22,10,102.0,25.0,12.361,11.425,520.0,4496.6,100.0,150.0,4.944,674.5,1011.7,775.5,5,raft,16.11,18892.39,245.93,19674.7,1,3
1198261.6,17.29,12,91.5,20.0,11.924,11.031,530.0,4184.1,100.0,150.0,4.769,627.62,941.4,676.4,5,raft,16.25,17248.68,232.47,18597.8,1,3
1711460.8,10.55,6,193.1,25.0,13.428,12.385,620.0,5306.6,107.4,150.0,5.371,795.98,1194.0,1149.8,3,raft,13.44,24919.81,343.04,27443.6,1,2
1871756.1,15.62,8,246.8,30.0,13.835,12.751,570.0,5632.9,110.7,150.0,5.534,844.94,1267.4,1023.4,4,raft,12.22,26323.23,337.86,27029.1,1,2
1601429.6,9.69,8,203.8,25.0,13.134,12.12,590.0,5076.6,105.1,150.0,5.254,761.49,1142.2,959.1,3,raft,12.6,23117.51,313.04,25043.1,1,2
1523837.1,14.72,6,90.5,25.0,12.918,11.926,570.0,4911.3,103.3,150.0,5.167,736.69,1105.0,1077.3,4,raft,18.4,21875.77,293.05,23443.8,1,3
273223.9,21.55,6,155.1,25.0,7.284,6.856,190.0,1561.6,100.0,150.0,2.914,234.25,450.0,428.2,6,isolated_footings,2.021,3455.49,34.9,2791.7,1,1
1232739.9,21.45,8,134.6,30.0,12.037,11.133,430.0,4264.0,100.0,150.0,4.815,639.6,959.4,814.4,6,raft,13.17,16667.66,196.05,15683.8,1,2
926543.8,10.13,8,113.3,25.0,10.944,10.15,410.0,3524.9,100.0,150.0,4.378,528.73,793.1,710.9,3,raft,12.53,12701.64,154.48,12358.1,1,2
903154.0,12.58,8,206.2,25.0,10.851,10.066,400.0,3465.3,100.0,150.0,4.34,519.8,779.7,700.4,4,raft,9.15,12327.9,148.47,11877.4,1,2
1636983.6,20.94,8,94.6,20.0,13.23,12.207,650.0,5151.5,105.8,150.0,5.292,772.72,1159.1,983.7,6,raft,18.97,24319.5,347.52,27801.6,1,3
1276775.5,18.7,8,85.7,20.0,12.179,11.261,550.0,4364.9,100.0,150.0,4.871,654.74,982.1,857.2,5,raft,17.38,18466.01,251.14,20091.4,1,3
1791917.5,13.75,12,176.6,20.0,13.635,12.572,690.0,5471.6,109.1,150.0,5.454,820.74,1231.1,844.5,4,raft,14.6,26885.5,390.9,31271.7,1,2
714387.1,18.92,12,112.3,20.0,10.035,9.332,380.0,2963.9,100.0,150.0,4.014,444.58,666.9,510.7,5,raft,11.07,9831.88,120.78,9662.1,1,2
1162221.6,15.58,10,140.6,30.0,11.803,10.923,410.0,4099.8,100.0,150.0,4.721,614.97,922.5,704.7,4,raft,12.47,15602.78,180.42,14433.4,1,2
1714172.1,20.83,12,152.7,25.0,13.435,12.392,620.0,5312.2,107.5,150.0,5.374,796.82,1195.2,813.6,6,raft,15.13,24955.11,343.42,27473.5,1,2
1754255.0,17.11,8,213.0,25.0,13.539,12.485,630.0,5394.7,108.3,150.0,5.416,809.2,1213.8,1009.4,5,raft,12.98,25606.08,354.13,28330.1,1,2
246780.4,15.98,6,182.3,25.0,7.041,6.637,170.0,1459.2,100.0,150.0,2.817,218.88,450.0,403.9,4,isolated_footings,1.759,3075.13,29.9,2392.2,1,1
93957.8,21.14,10,236.8,25.0,5.103,4.893,150.0,766.5,100.0,150.0,2.041,114.98,450.0,300.0,6,isolated_footings,0.755,1228.57,14.83,1186.5,1,1
811331.5,13.73,8,244.6,20.0,10.47,9.723,410.0,3226.3,100.0,150.0,4.188,483.94,725.9,669.5,4,isolated_footings,2.517,11265.38,141.07,11285.2,1,1
1092126.4,11.86,10,147.9,20.0,11.561,10.705,500.0,3933.2,100.0,150.0,4.624,589.99,885.0,704.6,3,raft,12.15,15594.7,206.9,16551.6,1,2
1114586.2,22.27,12,239.3,25.0,11.639,10.775,470.0,3987.0,100.0,150.0,4.656,598.05,897.1,643.2,6,raft,9.55,15594.44,198.3,15863.8,1,2
1323802.4,8.52,12,124.3,25.0,12.326,11.394,520.0,4471.5,100.0,150.0,4.93,670.72,1006.1,705.2,3,raft,14.53,18750.15,244.53,19562.0,1,2
1781654.7,8.95,8,173.0,30.0,13.609,12.548,550.0,5450.7,108.9,150.0,5.444,817.6,1226.4,995.7,3,raft,14.2,24915.97,316.04,25283.3,1,2
692737.9,20.12,6,120.1,20.0,9.933,9.24,370.0,2903.7,100.0,150.0,3.973,435.55,653.3,709.6,6,raft,10.52,9492.42,115.47,9237.6,1,2
1621041.0,17.02,6,138.8,20.0,13.187,12.169,640.0,5118.0,105.5,150.0,5.275,767.7,1151.5,1128.0,5,raft,15.56,23985.75,340.27,27221.4,1,2
1902320.2,17.57,6,230.9,25.0,13.91,12.819,660.0,5694.1,111.3,150.0,5.564,854.11,1281.2,1217.5,5,isolated_footings,4.71,27941.72,390.91,31272.9,1,1
1895871.3,12.33,6,97.7,25.0,13.894,12.805,660.0,5681.2,111.2,150.0,5.558,852.18,1278.3,1215.7,4,raft,19.98,27857.18,390.0,31199.8,1,3
1039828.3,18.41,12,161.2,20.0,11.373,10.536,480.0,3806.7,100.0,150.0,4.549,571.0,856.5,625.3,5,raft,11.32,14741.7,192.77,15421.7,1,2
91814.4,8.89,8,170.8,25.0,5.064,4.858,150.0,754.8,100.0,150.0,2.026,113.22,450.0,300.0,3,isolated_footings,0.984,1202.86,14.62,1169.7,1,1
1379785.4,19.81,12,88.9,25.0,12.498,11.548,540.0,4596.7,100.0,150.0,4.999,689.5,1034.3,722.5,5,raft,17.61,19681.52,260.37,20829.7,1,3
1406109.0,14.88,12,173.4,20.0,12.577,11.619,590.0,4654.9,100.6,150.0,5.031,698.24,1047.4,738.8,4,raft,12.89,20577.84,286.16,22892.5,1,2
904008.1,22.35,10,139.8,25.0,10.855,10.069,410.0,3467.5,100.0,150.0,4.342,520.13,780.2,628.8,6,raft,11.16,12421.75,151.9,12151.6,1,2
901223.4,8.93,8,95.6,20.0,10.843,10.059,440.0,3460.4,100.0,150.0,4.337,519.06,778.6,709.1,3,raft,13.6,12636.47,161.55,12923.9,1,2
492895.5,19.96,6,248.5,20.0,8.868,8.281,290.0,2314.2,100.0,150.0,3.547,347.13,520.7,589.0,5,isolated_footings,2.197,6539.87,73.72,5897.6,1,1
1752848.8,12.0,6,93.0,20.0,13.535,12.482,680.0,5391.8,108.3,150.0,5.414,808.77,1213.1,1179.8,3,raft,19.87,26235.24,379.83,30386.4,1,3
905184.0,12.52,10,139.4,30.0,10.859,10.073,350.0,3470.5,100.0,150.0,4.344,520.58,780.9,616.4,4,raft,10.95,11936.23,132.03,10562.0,1,2
1786328.2,23.97,8,183.0,25.0,13.621,12.559,640.0,5460.2,109.0,150.0,5.448,819.03,1228.5,1020.1,6,raft,14.15,26155.33,363.83,29106.1,1,2
1332286.5,18.51,6,122.5,30.0,12.353,11.417,450.0,4490.6,100.0,150.0,4.941,673.58,1010.4,980.0,5,raft,14.38,18102.99,215.39,17231.5,1,2
451428.9,19.28,10,232.6,20.0,8.612,8.05,280.0,2182.5,100.0,150.0,3.445,327.38,491.1,436.4,5,isolated_footings,1.682,5983.67,67.31,5384.8,1,1
914906.6,12.84,10,212.6,25.0,10.898,10.108,410.0,3495.3,100.0,150.0,4.359,524.3,786.4,632.2,4,raft,9.09,12557.17,153.15,12251.6,1,2
1744493.3,11.91,10,134.2,30.0,13.514,12.462,540.0,5374.6,108.1,150.0,5.406,806.19,1209.3,879.8,3,raft,15.93,24316.9,306.29,24503.4,1,2
1031718.5,8.86,12,199.9,30.0,11.343,10.509,380.0,3786.8,100.0,150.0,4.537,568.02,852.0,603.5,3,raft,9.81,13728.97,155.36,12428.9,1,2
998105.0,9.26,8,223.0,30.0,11.219,10.397,380.0,3704.1,100.0,150.0,4.488,555.62,833.4,728.0,3,isolated_footings,2.866,13320.43,151.87,12149.7,1,1
499545.1,19.87,8,100.9,30.0,8.907,8.317,240.0,2335.0,100.0,150.0,3.563,350.25,525.4,502.3,5,raft,9.38,6339.99,63.19,5054.8,1,2
1641940.4,10.27,8,198.7,30.0,13.244,12.219,520.0,5161.9,105.9,150.0,5.297,774.28,1161.4,951.9,3,raft,12.67,22773.28,283.78,22702.0,1,2
1540174.4,23.25,6,164.8,20.0,12.964,11.968,620.0,4946.3,103.7,150.0,5.186,741.95,1112.9,1096.9,6,raft,13.88,22680.2,318.98,25518.1,1,2
577082.2,17.41,10,220.6,20.0,9.346,8.712,330.0,2570.8,100.0,150.0,3.738,385.61,578.4,498.3,5,raft,7.04,7801.67,92.03,7362.6,1,2
166454.1,21.67,12,164.2,25.0,6.175,5.858,150.0,1122.3,100.0,150.0,2.47,168.34,450.0,300.0,6,raft,4.21,2082.17,21.16,1693.1,1,2
800093.3,8.71,8,144.5,30.0,10.422,9.679,320.0,3196.4,100.0,150.0,4.169,479.46,719.2,644.3,3,raft,10.06,10433.58,112.09,8967.1,1,2
890615.7,8.84,10,85.3,25.0,10.801,10.021,400.0,3433.2,100.0,150.0,4.32,514.98,772.5,622.5,3,raft,14.14,12172.73,147.05,11764.3,1,3
1877586.6,22.56,10,236.9,25.0,13.849,12.764,660.0,5644.6,110.8,150.0,5.54,846.69,1270.0,937.6,6,raft,12.78,27617.37,387.4,30991.9,1,2
1629975.2,17.46,6,138.0,30.0,13.211,12.19,520.0,5136.8,105.7,150.0,5.285,770.51,1155.8,1095.5,5,raft,15.15,22622.95,282.34,22587.1,1,2
896448.2,14.84,6,217.3,30.0,10.824,10.042,350.0,3448.1,100.0,150.0,4.33,517.22,775.8,792.2,4,isolated_footings,3.16,11830.84,131.15,10491.9,1,1
806815.6,19.54,10,225.9,30.0,10.451,9.706,330.0,3214.3,100.0,150.0,4.18,482.14,723.2,580.6,5,raft,8.1,10591.19,115.82,9265.9,1,2
953829.9,17.16,10,107.6,25.0,11.05,10.245,420.0,3593.8,100.0,150.0,4.42,539.06,808.6,646.4,5,raft,13.07,13126.2,161.03,12882.3,1,2
961298.3,23.88,8,102.4,20.0,11.079,10.271,460.0,3612.5,100.0,150.0,4.432,541.87,812.8,734.7,6,raft,13.62,13566.18,175.77,14061.8,1,2
597365.3,18.92,10,94.5,20.0,9.454,8.809,330.0,2630.6,100.0,150.0,3.782,394.6,591.9,506.2,5,raft,10.92,8050.52,94.24,7538.9,1,2
1554111.4,12.73,12,86.6,25.0,13.003,12.003,580.0,4976.1,104.0,150.0,5.201,746.42,1119.6,770.6,4,raft,19.03,22385.07,301.84,24147.2,1,3
755305.0,18.55,6,101.1,30.0,10.223,9.501,310.0,3076.0,100.0,150.0,4.089,461.4,692.1,721.9,5,raft,11.66,9822.95,104.78,8382.5,1,2
1338514.1,21.38,8,155.4,20.0,12.372,11.435,570.0,4504.5,100.0,150.0,4.949,675.68,1013.5,880.3,6,raft,13.25,19478.05,268.01,21441.2,1,2
907823.1,15.46,10,161.6,30.0,10.87,10.083,350.0,3477.3,100.0,150.0,4.348,521.59,782.4,617.2,4,raft,10.18,11968.06,132.29,10583.2,1,2
474792.9,8.94,6,127.0,30.0,8.758,8.182,230.0,2257.2,100.0,150.0,3.503,338.58,507.9,564.0,3,isolated_footings,2.942,5995.0,58.84,4707.2,1,1
1125323.3,23.25,12,110.6,25.0,11.677,10.809,470.0,4012.5,100.0,150.0,4.671,601.88,902.8,645.9,6,raft,14.12,15729.65,199.6,15968.0,1,2
556104.6,15.92,8,187.2,20.0,9.232,8.608,320.0,2508.1,100.0,150.0,3.693,376.21,564.3,545.7,4,isolated_footings,2.345,7483.45,87.32,6985.4,1,1
1748916.4,18.5,8,99.5,20.0,13.525,12.473,680.0,5383.7,108.2,150.0,5.41,807.56,1211.3,1020.7,5,raft,19.2,26182.96,379.24,30339.4,1,3
409298.2,16.11,12,178.6,20.0,8.335,7.801,260.0,2044.5,100.0,150.0,3.334,306.68,460.0,377.6,5,raft,6.49,5373.82,59.01,4720.4,1,2
1129145.1,11.65,10,245.8,20.0,11.69,10.821,510.0,4021.6,100.0,150.0,4.676,603.24,904.9,717.3,3,raft,9.6,16164.12,215.52,17241.5,1,2
1372856.2,21.72,10,171.9,20.0,12.477,11.529,580.0,4581.3,100.0,150.0,4.991,687.19,1030.8,798.5,6,raft,12.78,20033.09,277.08,22166.7,1,2
1221128.7,13.6,6,166.2,20.0,11.999,11.099,530.0,4237.2,100.0,150.0,4.8,635.58,953.4,964.7,4,raft,12.16,17542.68,235.49,18839.1,1,2
1046519.3,11.79,10,177.0,30.0,11.397,10.558,390.0,3823.0,100.0,150.0,4.559,573.44,860.2,667.6,3,raft,10.53,14000.41,160.56,12844.9,1,2
861140.9,18.27,10,104.3,25.0,10.68,9.912,390.0,3357.0,100.0,150.0,4.272,503.55,755.3,611.0,5,raft,12.55,11726.72,140.48,11238.4,1,2
1233585.1,13.76,12,232.6,25.0,12.04,11.136,500.0,4265.9,100.0,150.0,4.816,639.89,959.8,679.3,4,raft,10.24,17395.27,224.83,17986.3,1,2
967835.8,23.58,6,107.3,20.0,11.104,10.294,460.0,3628.9,100.0,150.0,4.442,544.33,816.5,850.9,6,raft,13.35,13649.05,176.59,14127.0,1,2
617201.6,10.4,6,98.1,20.0,9.558,8.902,340.0,2688.6,100.0,150.0,3.823,403.28,604.9,665.9,3,raft,10.93,8357.91,98.95,7916.3,1,2
1625666.7,16.17,10,239.8,25.0,13.2,12.18,600.0,5127.7,105.6,150.0,5.28,769.16,1153.7,865.9,5,raft,11.73,23554.07,321.23,25698.5,1,2
1669917.2,8.52,8,144.8,30.0,13.318,12.287,530.0,5220.3,106.5,150.0,5.327,783.05,1174.6,961.8,3,raft,15.0,23249.87,292.14,23371.1,1,2
202967.7,9.24,8,176.1,30.0,6.597,6.238,150.0,1280.9,100.0,150.0,2.639,192.14,450.0,315.6,3,isolated_footings,1.398,2503.87,23.96,1917.2,1,1
1279132.5,19.74,6,224.1,30.0,12.186,11.267,440.0,4370.3,100.0,150.0,4.874,655.55,983.3,959.2,5,isolated_footings,3.767,17341.8,205.27,16421.8,1,1
1606500.8,17.71,12,133.9,20.0,13.148,12.133,640.0,5087.3,105.2,150.0,5.259,763.1,1144.6,794.5,5,raft,15.78,23794.06,338.16,27052.9,1,2
1680217.4,12.69,8,135.9,25.0,13.346,12.311,610.0,5241.8,106.8,150.0,5.338,786.27,1179.4,985.0,4,raft,15.85,24386.78,333.67,26693.9,1,2
500236.9,13.04,6,197.8,25.0,8.911,8.32,270.0,2337.1,100.0,150.0,3.565,350.57,525.9,588.0,4,isolated_footings,2.457,6516.51,69.98,5598.5,1,1
1478956.7,22.08,10,93.5,30.0,12.79,11.811,490.0,4814.4,102.3,150.0,5.116,722.15,1083.2,805.3,6,raft,17.46,20371.77,250.05,20004.2,1,3
1036004.7,22.63,12,182.9,25.0,11.359,10.523,440.0,3797.3,100.0,150.0,4.544,569.6,854.4,616.5,6,raft,10.48,14328.23,177.69,14215.5,1,2
1583293.1,11.68,8,237.4,20.0,13.084,12.076,630.0,5038.2,104.7,150.0,5.234,755.73,1133.6,964.2,3,raft,11.74,23366.79,329.95,26395.8,1,2
1564074.1,14.52,8,182.9,25.0,13.031,12.028,580.0,4997.4,104.2,150.0,5.212,749.6,1124.4,946.5,4,raft,13.13,22513.73,303.18,24254.1,1,2
716065.0,9.89,12,151.6,20.0,10.043,9.339,380.0,2968.5,100.0,150.0,4.017,445.27,667.9,511.2,3,raft,9.54,9852.76,120.97,9677.6,1,2
1173222.9,18.12,8,233.0,25.0,11.84,10.956,480.0,4125.6,100.0,150.0,4.736,618.84,928.3,808.6,5,raft,9.94,16430.8,209.33,16746.6,1,2
80248.9,9.93,10,210.1,30.0,4.842,4.658,150.0,690.0,100.0,150.0,1.937,103.5,450.0,300.0,3,isolated_footings,0.746,1063.46,13.46,1076.5,1,1
1863744.1,19.89,8,227.8,25.0,13.815,12.734,650.0,5616.9,110.5,150.0,5.526,842.53,1263.8,1042.2,5,raft,12.96,27300.79,380.03,30402.5,1,2
96666.4,10.67,6,102.5,30.0,5.152,4.937,150.0,781.2,100.0,150.0,2.061,117.18,450.0,300.0,3,isolated_footings,1.502,1261.01,15.09,1207.5,1,1
1841314.9,22.47,10,101.7,30.0,13.759,12.683,560.0,5571.7,110.1,150.0,5.504,835.75,1253.6,906.3,6,raft,18.85,25802.87,328.69,26295.6,1,3
1136034.5,19.39,6,137.3,25.0,11.713,10.842,470.0,4038.0,100.0,150.0,4.685,605.7,908.5,917.4,5,raft,12.72,15864.44,200.9,16071.7,1,2
1203382.1,17.87,6,92.5,25.0,11.941,11.046,490.0,4196.0,100.0,150.0,4.776,629.4,944.1,947.2,5,raft,16.0,16911.43,217.02,17362.0,1,3
1902342.2,22.57,12,205.9,25.0,13.91,12.819,660.0,5694.1,111.3,150.0,5.564,854.12,1281.2,860.9,6,raft,13.79,27942.01,390.91,31273.2,1,2
614117.7,15.63,8,204.7,30.0,9.542,8.888,270.0,2679.6,100.0,150.0,3.817,401.94,602.9,559.6,4,isolated_footings,2.299,7869.46,80.59,6447.5,1,1
1543613.6,22.66,6,105.9,20.0,12.974,11.976,620.0,4953.7,103.8,150.0,5.19,743.05,1114.6,1098.0,6,raft,17.34,22725.36,319.47,25557.4,1,3
1207428.9,13.92,12,144.5,25.0,11.954,11.059,490.0,4205.4,100.0,150.0,4.782,630.81,946.2,670.8,4,raft,12.82,16962.57,217.52,17401.8,1,2
394608.4,19.56,10,240.6,20.0,8.234,7.711,250.0,1995.3,100.0,150.0,3.294,299.3,450.0,404.8,5,isolated_footings,1.534,5149.09,55.63,4450.7,1,1
502913.9,15.89,6,175.9,30.0,8.927,8.335,240.0,2345.5,100.0,150.0,3.571,351.82,527.7,581.8,4,isolated_footings,2.579,6379.5,63.48,5078.3,1,1
1180665.0,21.51,12,128.5,25.0,11.865,10.978,480.0,4143.0,100.0,150.0,4.746,621.46,932.2,662.1,6,raft,13.42,16524.6,210.24,16819.0,1,2
671227.7,10.85,8,87.1,30.0,9.829,9.146,290.0,2843.3,100.0,150.0,3.932,426.49,639.7,587.6,3,raft,11.81,8678.97,91.15,7292.2,1,2
1770649.1,19.7,12,168.3,30.0,13.581,12.523,550.0,5428.2,108.6,150.0,5.432,814.23,1221.3,810.7,5,raft,14.36,24776.86,314.69,25174.8,1,2
1765188.3,13.03,10,128.4,20.0,13.567,12.51,680.0,5417.0,108.5,150.0,5.427,812.56,1218.8,916.7,4,raft,16.97,26399.22,381.67,30533.5,1,2
611294.2,15.79,8,230.5,25.0,9.527,8.875,310.0,2671.4,100.0,150.0,3.811,400.71,601.1,567.5,4,isolated_footings,2.197,8092.75,90.6,7248.4,1,1
1881449.5,12.15,6,237.2,30.0,13.859,12.773,570.0,5652.4,110.9,150.0,5.543,847.86,1271.8,1184.5,4,isolated_footings,4.521,26446.21,339.08,27126.0,1,1
593326.0,9.54,8,84.6,20.0,9.433,8.79,330.0,2618.8,100.0,150.0,3.773,392.82,589.2,564.2,3,raft,11.51,8001.01,93.8,7503.9,1,2
1921720.6,16.64,8,81.1,20.0,13.957,12.861,720.0,5732.7,111.7,150.0,5.583,859.91,1289.9,1074.6,5,raft,22.38,29022.03,426.7,34136.2,1,3
770604.1,12.51,12,204.5,30.0,10.292,9.563,320.0,3117.4,100.0,150.0,4.117,467.61,701.4,517.1,4,raft,8.31,10080.39,109.23,8738.5,1,2
296048.5,15.26,6,201.8,20.0,7.482,7.034,210.0,1647.4,100.0,150.0,2.993,247.12,450.0,449.1,4,isolated_footings,1.858,3801.13,39.89,3191.4,1,1
916589.9,14.92,10,94.8,20.0,10.905,10.114,440.0,3499.6,100.0,150.0,4.362,524.94,787.4,639.1,4,raft,13.77,12830.23,163.43,13074.0,1,2
1986500.6,19.71,6,244.6,20.0,14.112,13.001,740.0,5860.9,112.9,150.0,5.645,879.13,1318.7,1265.1,5,isolated_footings,4.755,30169.25,447.81,35824.7,1,1
1501341.2,11.56,6,135.6,30.0,12.854,11.869,490.0,4862.8,102.8,150.0,5.142,729.42,1094.1,1046.7,3,raft,14.6,20651.37,252.68,20214.0,1,2
703907.5,15.26,6,200.2,25.0,9.986,9.287,340.0,2934.8,100.0,150.0,3.994,440.22,660.3,706.9,4,isolated_footings,2.937,9419.44,108.28,8662.6,1,1
1789931.4,8.61,6,238.5,30.0,13.63,12.567,550.0,5467.6,109.0,150.0,5.452,820.13,1230.2,1152.1,3,isolated_footings,4.386,25020.55,317.06,25364.6,1,1
669178.0,21.46,6,241.4,30.0,9.819,9.137,290.0,2837.5,100.0,150.0,3.928,425.62,638.4,677.6,6,isolated_footings,2.564,8654.6,90.96,7276.8,1,1
65542.6,10.19,12,228.3,20.0,4.526,4.374,150.0,602.9,100.0,150.0,1.81,90.44,450.0,300.0,3,isolated_footings,0.596,884.32,11.88,950.6,1,1
1363027.9,12.24,8,162.4,20.0,12.447,11.502,570.0,4559.4,100.0,150.0,4.979,683.91,1025.9,887.5,4,raft,13.07,19795.79,271.35,21708.0,1,2
1480443.3,12.52,8,187.9,20.0,12.794,11.815,610.0,4817.6,102.4,150.0,5.118,722.64,1084.0,930.9,4,raft,12.74,21778.87,305.77,24461.5,1,2
1904123.9,21.71,8,80.5,20.0,13.914,12.823,720.0,5697.7,111.3,150.0,5.566,854.65,1282.0,1070.2,6,raft,22.37,28786.45,424.01,33920.9,1,3
1006847.7,17.78,8,86.6,30.0,11.252,10.426,380.0,3725.7,100.0,150.0,4.501,558.86,838.3,730.9,5,raft,14.74,13426.77,152.78,12222.6,1,3
562993.9,14.08,8,188.4,25.0,9.27,8.643,300.0,2528.7,100.0,150.0,3.708,379.31,569.0,544.3,4,isolated_footings,2.331,7446.28,83.2,6655.9,1,1
1084399.2,23.27,10,222.9,25.0,11.533,10.68,460.0,3914.7,100.0,150.0,4.613,587.2,880.8,693.7,6,raft,9.75,15119.75,190.85,15268.1,1,2
1352552.8,15.84,12,181.6,30.0,12.415,11.473,460.0,4536.0,100.0,150.0,4.966,680.4,1020.6,699.8,4,raft,11.93,18461.66,221.99,17759.3,1,2
987870.2,9.54,6,243.7,25.0,11.18,10.362,430.0,3678.8,100.0,150.0,4.472,551.81,827.7,850.6,3,isolated_footings,3.203,13637.65,168.47,13477.8,1,1
868208.4,15.15,8,192.6,20.0,10.709,9.938,430.0,3375.3,100.0,150.0,4.284,506.3,759.5,695.0,4,raft,9.39,12138.25,154.24,12339.2,1,2
393579.2,23.3,6,139.1,25.0,8.227,7.704,230.0,1991.9,100.0,150.0,3.291,298.78,450.0,517.1,6,isolated_footings,2.578,5041.09,51.71,4137.0,1,1
1424396.7,20.38,12,222.8,25.0,12.631,11.668,550.0,4695.2,101.0,150.0,5.052,704.28,1056.4,735.0,6,raft,11.31,20365.67,270.67,21654.0,1,2
1222064.6,19.0,6,129.5,30.0,12.002,11.102,430.0,4239.3,100.0,150.0,4.801,635.9,953.9,936.6,5,raft,13.38,16536.49,194.88,15590.7,1,2
469457.0,21.62,12,90.3,25.0,8.725,8.152,260.0,2240.3,100.0,150.0,3.49,336.04,504.1,402.1,6,raft,9.72,6094.04,64.84,5187.2,1,2
560130.2,13.08,12,217.5,25.0,9.254,8.628,300.0,2520.2,100.0,150.0,3.702,378.02,567.0,443.4,4,raft,6.91,7411.66,82.91,6632.6,1,2
827425.0,22.6,10,162.5,20.0,10.539,9.785,410.0,3268.8,100.0,150.0,4.216,490.32,735.5,604.2,6,raft,9.94,11466.84,142.97,11437.8,1,2
712691.0,21.1,10,156.1,20.0,10.027,9.325,370.0,2959.2,100.0,150.0,4.011,443.88,665.8,556.8,6,raft,9.35,9739.7,117.74,9418.9,1,2
1166386.1,10.66,8,212.5,20.0,11.817,10.935,520.0,4109.6,100.0,150.0,4.727,616.44,924.7,816.1,3,raft,10.5,16739.41,224.29,17943.3,1,2
1898361.7,17.81,10,102.0,30.0,13.9,12.81,570.0,5686.2,111.2,150.0,5.56,852.93,1279.4,921.2,5,raft,19.14,26660.68,341.18,27294.7,1,3
88843.8,19.56,12,95.3,30.0,5.009,4.808,150.0,738.4,100.0,150.0,2.004,110.77,450.0,300.0,5,raft,4.14,1167.16,14.33,1146.2,1,2
699911.8,13.64,6,191.3,30.0,9.967,9.27,300.0,2923.7,100.0,150.0,3.987,438.55,657.8,694.4,4,isolated_footings,2.951,9089.83,96.63,7730.0,1,1
460403.6,16.57,8,222.5,25.0,8.668,8.101,260.0,2211.4,100.0,150.0,3.467,331.71,497.6,488.0,5,isolated_footings,1.923,5986.03,63.98,5118.2,1,1
1726459.5,11.67,8,234.8,25.0,13.467,12.42,620.0,5337.5,107.7,150.0,5.387,800.63,1200.9,999.6,3,raft,12.24,25115.05,345.12,27609.3,1,2
856120.8,16.85,8,239.8,20.0,10.659,9.893,420.0,3343.9,100.0,150.0,4.264,501.59,752.4,688.3,5,isolated_footings,2.613,11905.67,149.56,11964.6,1,1
1698689.8,20.08,6,165.3,25.0,13.395,12.355,610.0,5280.1,107.2,150.0,5.358,792.02,1188.0,1143.0,6,raft,14.45,24626.64,336.2,26896.2,1,2
132456.1,12.53,6,119.1,30.0,5.722,5.45,150.0,963.7,100.0,150.0,2.289,144.56,450.0,300.0,4,isolated_footings,1.611,1685.18,18.35,1468.2,1,1
532252.0,12.36,6,218.2,25.0,9.098,8.488,290.0,2435.8,100.0,150.0,3.639,365.37,548.1,610.1,4,isolated_footings,2.428,7015.53,77.71,6217.1,1,1
1327788.1,10.1,10,226.5,20.0,12.339,11.405,570.0,4480.4,100.0,150.0,4.935,672.07,1008.1,784.6,3,raft,10.93,19338.88,266.55,21324.0,1,2
194086.0,19.55,12,83.4,30.0,6.5,6.15,150.0,1243.3,100.0,150.0,2.6,186.49,450.0,300.0,5,raft,6.35,2401.67,23.3,1864.1,1,2
1668990.5,17.68,8,96.2,30.0,13.316,12.284,530.0,5218.4,106.5,150.0,5.326,782.76,1174.1,961.6,5,raft,18.39,23238.2,292.03,23362.0,1,3
1595609.0,11.11,10,213.4,25.0,13.118,12.106,590.0,5064.3,104.9,150.0,5.247,759.65,1139.5,856.4,3,raft,12.3,23042.19,312.25,24980.3,1,2
1049093.5,8.37,10,158.0,20.0,11.407,10.566,480.0,3829.2,100.0,150.0,4.563,574.38,861.6,687.7,3,raft,11.48,14859.53,193.94,15515.3,1,2
565326.4,18.5,12,144.0,25.0,9.282,8.654,300.0,2535.7,100.0,150.0,3.713,380.36,570.5,445.3,5,raft,8.53,7474.47,83.43,6674.8,1,2
231471.7,23.47,10,162.2,30.0,6.893,6.503,150.0,1398.2,100.0,150.0,2.757,209.73,450.0,303.0,6,isolated_footings,1.386,2830.44,26.03,2082.2,1,1
1089747.6,11.91,6,248.8,30.0,11.552,10.697,400.0,3927.5,100.0,150.0,4.621,589.13,883.7,880.7,3,isolated_footings,3.282,14620.95,168.85,13508.4,1,1
817608.1,13.96,6,156.9,30.0,10.497,9.747,330.0,3242.9,100.0,150.0,4.199,486.43,729.7,754.2,4,isolated_footings,3.54,10720.88,116.89,9350.9,1,1
1951621.7,14.36,8,156.0,25.0,14.029,12.926,670.0,5792.1,112.2,150.0,5.612,868.81,1303.2,1069.1,4,raft,16.06,28726.34,403.44,32274.9,1,2
1148148.9,18.29,10,104.4,30.0,11.755,10.879,410.0,4066.6,100.0,150.0,4.702,609.99,915.0,700.8,5,raft,14.38,15430.74,178.92,14313.3,1,2
1952844.0,9.53,8,115.3,25.0,14.032,12.929,670.0,5794.5,112.3,150.0,5.613,869.17,1303.8,1069.4,3,raft,18.68,28742.39,403.61,32288.9,1,3
1207148.6,9.34,12,184.8,25.0,11.953,11.058,490.0,4204.8,100.0,150.0,4.781,630.72,946.1,670.7,3,raft,11.34,16959.03,217.49,17399.1,1,2
1070641.1,21.43,8,90.0,25.0,11.484,10.636,450.0,3881.5,100.0,150.0,4.594,582.22,873.3,768.8,6,raft,15.2,14853.57,185.46,14837.1,1,3
541446.5,12.98,10,221.8,20.0,9.15,8.535,310.0,2463.8,100.0,150.0,3.66,369.57,554.4,480.2,4,isolated_footings,1.895,7244.68,83.37,6669.4,1,1
676813.8,17.04,12,228.1,25.0,9.856,9.171,330.0,2859.0,100.0,150.0,3.943,428.85,643.3,489.1,5,raft,7.44,9020.05,102.66,8212.9,1,2
1396274.8,20.08,12,172.8,25.0,12.547,11.592,540.0,4633.2,100.4,150.0,5.019,694.98,1042.5,726.4,6,raft,12.7,19892.85,262.52,21001.4,1,2
1920976.8,11.77,12,200.5,30.0,13.955,12.86,580.0,5731.3,111.6,150.0,5.582,859.69,1289.5,847.6,3,raft,13.75,27084.91,349.5,27960.1,1,2
1131874.1,19.83,6,236.6,25.0,11.699,10.829,470.0,4028.1,100.0,150.0,4.68,604.22,906.3,915.9,5,isolated_footings,3.5,15812.1,200.39,16031.5,1,1
1413548.3,14.01,6,107.6,30.0,12.599,11.639,470.0,4671.4,100.8,150.0,5.039,700.7,1051.1,1012.6,4,raft,15.86,19328.68,233.35,18667.6,1,2
286881.5,11.16,6,86.6,25.0,7.404,6.963,190.0,1613.3,100.0,150.0,2.962,241.99,450.0,437.9,3,raft,7.64,3615.09,36.0,2879.8,1,2
1015609.8,18.02,12,103.8,30.0,11.284,10.456,380.0,3747.3,100.0,150.0,4.514,562.1,843.1,599.2,5,raft,13.51,13533.29,153.69,12295.4,1,2
865387.3,8.15,6,154.0,25.0,10.698,9.928,390.0,3368.0,100.0,150.0,4.279,505.2,757.8,790.5,3,raft,10.35,11779.15,140.95,11276.3,1,2
1453888.8,22.08,10,168.8,30.0,12.717,11.746,480.0,4759.8,101.7,150.0,5.087,713.97,1071.0,796.8,6,raft,12.86,19943.98,242.53,19402.3,1,2
1784612.9,17.02,8,104.1,30.0,13.617,12.555,550.0,5456.7,108.9,150.0,5.447,818.51,1227.8,996.4,5,raft,18.33,24953.36,316.4,25312.4,1,3
1385796.6,20.85,10,168.3,25.0,12.516,11.564,540.0,4610.0,100.1,150.0,5.006,691.5,1037.3,793.1,6,raft,12.82,19758.56,261.15,20892.3,1,2
970614.6,11.37,10,237.6,30.0,11.115,10.303,370.0,3635.8,100.0,150.0,4.446,545.37,818.1,640.8,3,raft,8.72,12898.32,145.5,11639.7,1,2
1992563.7,22.85,8,169.1,25.0,14.126,13.014,680.0,5872.8,113.0,150.0,5.65,880.92,1321.4,1081.6,6,raft,15.6,29404.4,414.9,33191.7,1,2
69151.3,14.66,8,160.0,20.0,4.608,4.447,150.0,624.8,100.0,150.0,1.843,93.73,450.0,300.0,4,isolated_footings,0.893,928.5,12.28,982.4,1,1
658089.0,11.0,6,171.4,25.0,9.765,9.088,330.0,2806.0,100.0,150.0,3.906,420.9,631.4,683.0,3,isolated_footings,3.067,8792.25,100.7,8056.3,1,1
234693.4,18.0,8,91.4,30.0,6.925,6.532,150.0,1411.1,100.0,150.0,2.77,211.67,450.0,337.8,5,raft,6.63,2867.23,26.26,2100.4,1,2
1140354.4,11.62,6,237.7,25.0,11.728,10.855,470.0,4048.2,100.0,150.0,4.691,607.23,910.8,919.0,3,isolated_footings,3.504,15918.78,201.42,16113.4,1,1
604165.8,22.58,12,179.4,25.0,9.49,8.841,310.0,2650.6,100.0,150.0,3.796,397.59,596.4,460.8,6,raft,7.91,8006.5,89.88,7190.2,1,2
766185.9,20.27,10,175.4,30.0,10.272,9.545,320.0,3105.5,100.0,150.0,4.109,465.82,698.7,565.0,6,raft,8.95,10027.4,108.8,8704.0,1,2
1335766.8,9.24,8,97.5,20.0,12.363,11.427,570.0,4498.4,100.0,150.0,4.945,674.76,1012.1,879.5,3,raft,16.71,19442.41,267.64,21411.2,1,3
595971.8,12.21,6,101.5,30.0,9.447,8.802,270.0,2626.6,100.0,150.0,3.779,393.98,591.0,637.3,4,raft,10.28,7654.93,78.95,6315.7,1,2
1195268.3,20.26,10,177.9,30.0,11.914,11.022,420.0,4177.1,100.0,150.0,4.765,626.57,939.9,716.0,6,raft,11.26,16106.56,187.93,15034.6,1,2
1229311.7,23.47,12,115.6,20.0,12.026,11.123,540.0,4256.1,100.0,150.0,4.81,638.41,957.6,686.2,6,raft,14.67,17750.01,240.65,19252.2,1,2
1577561.6,23.83,6,238.0,30.0,13.068,12.061,510.0,5026.0,104.5,150.0,5.227,753.91,1130.9,1076.5,6,isolated_footings,4.102,21842.79,271.18,21694.4,1,1
335658.7,10.64,6,135.0,20.0,7.802,7.322,230.0,1791.3,100.0,150.0,3.121,268.69,450.0,480.6,3,isolated_footings,2.432,4354.07,46.68,3734.1,1,1
317101.1,20.92,12,193.0,25.0,7.655,7.19,200.0,1724.6,100.0,150.0,3.062,258.7,450.0,326.1,6,raft,5.39,4008.26,40.03,3202.4,1,2
639988.7,20.16,8,175.2,25.0,9.674,9.007,320.0,2754.3,100.0,150.0,3.87,413.15,619.7,581.7,6,raft,8.25,8505.49,96.15,7692.0,1,2
1559143.3,19.3,10,133.0,30.0,13.017,12.015,500.0,4986.8,104.1,150.0,5.207,748.03,1122.0,827.1,5,raft,15.04,21491.86,264.19,21135.0,1,2
668095.3,9.25,8,242.4,30.0,9.814,9.132,290.0,2834.4,100.0,150.0,3.926,425.16,637.7,586.4,3,isolated_footings,2.214,8641.72,90.86,7268.7,1,1
1675529.6,19.38,12,175.3,25.0,13.333,12.3,610.0,5232.0,106.7,150.0,5.333,784.8,1177.2,803.3,5,raft,13.94,24325.88,333.03,26642.5,1,2
1405444.5,12.01,6,174.8,25.0,12.575,11.617,540.0,4653.5,100.6,150.0,5.03,698.02,1047.0,1030.3,4,raft,12.66,20010.31,263.71,21096.7,1,2
1321579.6,10.85,10,225.4,30.0,12.319,11.387,450.0,4466.5,100.0,150.0,4.928,669.97,1005.0,756.3,3,raft,10.57,17970.95,214.21,17136.6,1,2
724683.5,14.79,8,145.0,20.0,10.083,9.375,380.0,2992.3,100.0,150.0,4.033,448.84,673.3,629.5,4,raft,9.81,9959.96,121.96,9757.1,1,2
1869725.3,23.93,8,155.2,30.0,13.83,12.747,570.0,5628.9,110.6,150.0,5.532,844.33,1266.5,1022.9,6,raft,15.41,26297.45,337.61,27008.8,1,2
430032.8,17.38,10,96.0,25.0,8.473,7.926,250.0,2113.0,100.0,150.0,3.389,316.95,475.4,421.1,5,raft,9.02,5571.98,59.01,4721.1,1,2
1835823.8,16.04,6,183.2,20.0,13.746,12.671,700.0,5560.6,110.0,150.0,5.498,834.09,1251.1,1210.1,5,raft,14.53,27603.16,402.81,32224.5,1,2
1312075.3,18.27,12,87.5,30.0,12.29,11.361,450.0,4445.0,100.0,150.0,4.916,666.75,1000.1,688.2,5,raft,16.91,17853.68,213.15,17052.0,1,3
1423315.7,12.39,6,245.1,20.0,12.628,11.665,590.0,4692.8,101.0,150.0,5.051,703.93,1055.9,1050.5,4,isolated_footings,3.945,20802.64,288.57,23085.4,1,1
1733211.4,22.84,12,163.4,25.0,13.485,12.436,620.0,5351.4,107.9,150.0,5.394,802.71,1204.1,817.6,6,raft,14.7,25202.89,346.05,27683.9,1,2
1512375.2,18.36,6,86.5,20.0,12.886,11.897,620.0,4886.6,103.1,150.0,5.154,732.99,1099.5,1088.0,5,raft,19.01,22314.88,315.0,25199.7,1,3
1245195.0,19.41,8,228.1,20.0,12.077,11.17,540.0,4292.7,100.0,150.0,4.831,643.9,965.8,845.2,5,raft,10.5,17954.73,242.77,19421.4,1,2
211508.0,21.35,6,89.5,30.0,6.689,6.32,150.0,1316.6,100.0,150.0,2.675,197.49,450.0,371.5,6,raft,6.38,2601.93,24.59,1967.4,1,2
1435652.2,13.03,10,247.2,20.0,12.664,11.698,590.0,4719.9,101.3,150.0,5.066,707.99,1062.0,816.9,4,raft,10.9,20963.67,290.29,23223.3,1,2
1327455.2,19.8,10,222.3,25.0,12.338,11.404,520.0,4479.7,100.0,150.0,4.935,671.95,1007.9,773.5,5,raft,10.88,18796.58,244.98,19598.8,1,2
1800586.1,10.71,10,167.8,30.0,13.657,12.591,550.0,5489.2,109.3,150.0,5.463,823.38,1235.1,894.8,3,raft,14.49,25155.13,318.37,25469.2,1,2
836187.5,21.4,6,91.0,30.0,10.576,9.818,330.0,3291.8,100.0,150.0,4.23,493.77,740.7,762.0,6,raft,12.98,10943.89,118.71,9496.4,1,2
337652.2,12.27,8,155.4,25.0,7.817,7.335,210.0,1798.4,100.0,150.0,3.127,269.76,450.0,413.2,4,isolated_footings,1.949,4291.43,43.4,3472.0,1,1
1236631.6,19.02,12,109.4,30.0,12.05,11.145,430.0,4273.0,100.0,150.0,4.82,640.94,961.4,665.9,5,raft,14.63,16715.46,196.47,15717.7,1,2
1692141.9,23.06,10,126.5,25.0,13.377,12.34,610.0,5266.6,107.0,150.0,5.351,789.98,1185.0,883.8,6,raft,16.48,24541.64,335.31,26824.6,1,2
279543.4,15.46,6,176.3,25.0,7.34,6.906,190.0,1585.6,100.0,150.0,2.936,237.84,450.0,432.7,4,isolated_footings,1.916,3529.39,35.41,2832.7,1,1
221915.8,22.69,8,204.0,20.0,6.796,6.417,170.0,1359.4,100.0,150.0,2.719,203.92,450.0,333.0,6,isolated_footings,1.37,2786.49,27.96,2236.7,1,1
669127.5,18.03,6,210.3,20.0,9.819,9.137,360.0,2837.3,100.0,150.0,3.928,425.6,638.4,696.0,5,isolated_footings,2.821,9131.03,110.04,8803.0,1,1
474175.4,13.99,6,229.1,20.0,8.754,8.179,290.0,2255.2,100.0,150.0,3.502,338.29,507.4,578.7,4,isolated_footings,2.247,6312.79,71.79,5743.0,1,1
650175.5,18.89,8,207.1,30.0,9.725,9.053,280.0,2783.5,100.0,150.0,3.89,417.52,626.3,576.8,5,isolated_footings,2.356,8361.57,86.5,6920.1,1,1
308832.9,8.85,10,110.3,20.0,7.588,7.129,220.0,1694.5,100.0,150.0,3.035,254.18,450.0,356.5,3,raft,7.12,3992.88,42.62,3409.3,1,2
1151827.9,14.62,8,126.4,20.0,11.768,10.891,510.0,4075.3,100.0,150.0,4.707,611.3,916.9,809.1,4,raft,13.5,16454.55,218.46,17476.9,1,2
395368.6,12.72,12,125.0,25.0,8.239,7.715,240.0,1997.9,100.0,150.0,3.296,299.68,450.0,368.2,4,raft,7.57,5110.2,53.78,4302.7,1,2
742548.6,13.82,12,221.0,30.0,10.166,9.449,310.0,3041.2,100.0,150.0,4.066,456.19,684.3,506.5,4,raft,7.83,9670.56,103.56,8284.9,1,2
1671874.4,8.59,12,106.5,30.0,13.324,12.291,530.0,5224.4,106.6,150.0,5.329,783.66,1175.5,785.7,3,raft,17.5,23274.53,292.38,23390.0,1,3
460792.5,19.23,10,189.8,30.0,8.671,8.104,230.0,2212.6,100.0,150.0,3.468,331.89,497.8,430.8,5,raft,6.56,5831.24,57.64,4610.9,1,2
1602729.2,11.32,10,95.4,20.0,13.137,12.124,640.0,5079.4,105.1,150.0,5.255,761.9,1142.9,869.4,3,raft,18.67,23744.31,337.62,27009.2,1,3
553517.0,15.48,6,236.7,30.0,9.217,8.595,260.0,2500.3,100.0,150.0,3.687,375.04,562.6,613.4,4,isolated_footings,2.344,7091.46,72.63,5810.1,1,1
1333747.8,10.98,8,159.4,25.0,12.357,11.421,520.0,4493.8,100.0,150.0,4.943,674.08,1011.1,866.6,3,raft,12.88,18876.55,245.78,19662.2,1,2
775951.4,14.05,6,134.8,20.0,10.316,9.584,400.0,3131.8,100.0,150.0,4.126,469.77,704.7,755.1,4,raft,10.57,10746.25,133.82,10705.8,1,2
1277470.6,21.91,6,107.0,25.0,12.181,11.263,510.0,4366.5,100.0,150.0,4.872,654.98,982.5,978.7,6,raft,15.37,18055.48,234.46,18756.5,1,2
702689.3,18.37,6,111.8,25.0,9.98,9.282,340.0,2931.4,100.0,150.0,3.992,439.71,659.6,706.3,5,raft,10.85,9404.59,108.15,8652.4,1,2
647237.5,15.47,8,207.8,25.0,9.711,9.039,330.0,2775.1,100.0,150.0,3.884,416.26,624.4,587.0,4,isolated_footings,2.394,8660.04,99.56,7965.0,1,1
1627981.6,15.3,12,204.3,25.0,13.206,12.185,600.0,5132.6,105.6,150.0,5.282,769.89,1154.8,790.9,4,raft,12.72,23584.1,321.55,25723.8,1,2
1676488.0,12.04,10,182.2,25.0,13.336,12.302,610.0,5234.0,106.7,150.0,5.334,785.1,1177.7,880.2,4,raft,13.68,24338.33,333.16,26653.1,1,2
1373183.9,12.8,8,209.7,30.0,12.478,11.53,460.0,4582.0,100.0,150.0,4.991,687.3,1030.9,863.0,4,raft,11.18,18716.73,224.3,17944.2,1,2
260317.9,14.81,10,242.2,25.0,7.168,6.751,180.0,1512.1,100.0,150.0,2.867,226.81,450.0,322.5,4,isolated_footings,1.218,3267.96,32.38,2590.8,1,1
1206498.3,10.62,8,236.8,30.0,11.951,11.056,430.0,4203.3,100.0,150.0,4.78,630.49,945.7,806.4,3,isolated_footings,3.081,16345.08,193.18,15454.3,1,1
1932209.4,23.09,8,241.8,30.0,13.982,12.884,580.0,5753.6,111.9,150.0,5.593,863.04,1294.6,1040.8,6,raft,12.56,27227.69,350.92,28073.3,1,2
1516107.7,10.08,10,214.1,20.0,12.896,11.907,620.0,4894.7,103.2,150.0,5.159,734.2,1101.3,843.7,3,raft,12.1,22363.96,315.53,25242.5,1,2
1942134.0,12.95,8,216.3,25.0,14.006,12.905,670.0,5773.3,112.0,150.0,5.602,865.99,1299.0,1066.8,4,raft,13.61,28601.77,402.08,32166.6,1,2
822188.0,15.37,8,114.1,20.0,10.517,9.765,410.0,3255.0,100.0,150.0,4.207,488.25,732.4,673.5,4,raft,11.83,11401.31,142.35,11388.3,1,2
637500.6,9.29,8,225.8,25.0,9.662,8.995,320.0,2747.2,100.0,150.0,3.865,412.08,618.1,580.7,3,isolated_footings,2.272,8475.3,95.89,7671.4,1,1
225825.4,11.92,10,80.8,20.0,6.836,6.453,180.0,1375.4,100.0,150.0,2.734,206.3,450.0,305.2,3,raft,7.05,2865.01,29.59,2367.3,1,2
722188.1,15.53,12,198.8,25.0,10.072,9.365,350.0,2985.4,100.0,150.0,4.029,447.81,671.7,507.6,4,raft,8.27,9713.82,113.07,9045.7,1,2
1353451.9,21.3,8,209.7,20.0,12.418,11.476,570.0,4538.0,100.0,150.0,4.967,680.7,1021.0,884.7,6,raft,11.46,19671.73,270.05,21603.9,1,2
805769.1,13.09,8,148.0,25.0,10.446,9.702,380.0,3211.5,100.0,150.0,4.178,481.73,722.6,660.5,4,raft,10.19,10964.28,131.15,10491.8,1,2
1801141.5,21.12,12,181.5,30.0,13.659,12.593,550.0,5490.4,109.3,150.0,5.463,823.55,1235.3,817.0,6,raft,13.94,25162.15,318.43,25474.6,1,2
189730.8,15.81,6,117.7,30.0,6.451,6.106,150.0,1224.6,100.0,150.0,2.58,183.69,450.0,353.2,4,isolated_footings,1.914,2351.47,22.97,1837.7,1,1
397412.1,11.76,10,137.8,20.0,8.253,7.728,260.0,2004.8,100.0,150.0,3.301,300.71,451.1,408.0,3,raft,7.29,5230.79,57.82,4625.9,1,2
1240604.7,20.03,6,189.7,20.0,12.062,11.156,540.0,4282.1,100.0,150.0,4.825,642.32,963.5,974.4,6,isolated_footings,4.158,17895.59,242.16,19372.6,1,1
1024901.9,8.71,10,154.0,25.0,11.318,10.487,440.0,3770.1,100.0,150.0,4.527,565.52,848.3,672.1,3,raft,11.36,14189.5,176.39,14111.2,1,2
798929.7,10.88,8,128.4,25.0,10.417,9.675,370.0,3193.3,100.0,150.0,4.167,479.0,718.5,655.6,3,raft,10.85,10803.15,127.32,10185.3,1,2
1366782.2,15.69,10,242.9,25.0,12.458,11.512,530.0,4567.7,100.0,150.0,4.983,685.16,1027.7,785.9,4,raft,10.58,19405.58,254.31,20344.4,1,2
400060.0,14.37,6,159.0,20.0,8.272,7.745,260.0,2013.7,100.0,150.0,3.309,302.05,453.1,528.4,4,isolated_footings,2.463,5262.68,58.09,4647.0,1,1
725259.4,19.72,12,216.6,20.0,10.086,9.377,380.0,2993.9,100.0,150.0,4.034,449.08,673.6,514.2,5,raft,8.03,9967.12,122.03,9762.4,1,2
363723.4,10.06,12,196.7,20.0,8.013,7.512,240.0,1889.8,100.0,150.0,3.205,283.47,450.0,354.3,3,raft,5.81,4733.13,50.97,4077.4,1,2
997971.8,23.36,12,151.8,20.0,11.218,10.397,470.0,3703.8,100.0,150.0,4.487,555.57,833.4,612.0,6,raft,11.41,14119.44,183.88,14710.6,1,2
640761.3,12.14,6,182.6,25.0,9.678,9.01,320.0,2756.6,100.0,150.0,3.871,413.48,620.2,672.1,4,isolated_footings,2.924,8514.86,96.23,7698.3,1,1
1029020.1,20.5,10,223.5,25.0,11.333,10.5,440.0,3780.2,100.0,150.0,4.533,567.03,850.6,673.3,6,raft,9.45,14240.97,176.87,14149.9,1,2
267760.7,10.86,12,170.4,25.0,7.236,6.812,180.0,1540.8,100.0,150.0,2.894,231.11,450.0,300.0,3,raft,5.25,3354.52,32.97,2637.6,1,2
1747112.9,9.28,6,137.3,30.0,13.521,12.469,540.0,5380.0,108.2,150.0,5.408,807.0,1210.5,1136.6,3,raft,15.76,24349.93,306.61,24528.9,1,2
1200798.4,11.16,12,153.9,25.0,11.932,11.039,490.0,4190.0,100.0,150.0,4.773,628.5,942.8,669.1,3,raft,12.39,16878.77,216.71,17336.6,1,2
599342.2,9.94,12,158.2,20.0,9.465,8.818,330.0,2636.4,100.0,150.0,3.786,395.47,593.2,462.8,3,raft,8.45,8074.74,94.45,7556.0,1,2
1783873.6,18.98,10,152.4,30.0,13.615,12.553,550.0,5455.2,108.9,150.0,5.446,818.28,1227.4,891.1,5,raft,15.14,24944.01,316.31,25305.1,1,2
627481.7,21.11,10,110.4,25.0,9.611,8.95,320.0,2718.3,100.0,150.0,3.844,407.75,611.6,515.7,6,raft,10.3,8353.68,94.86,7588.5,1,2
863267.5,15.15,10,188.1,30.0,10.689,9.92,340.0,3362.5,100.0,150.0,4.276,504.38,756.6,601.0,4,raft,9.19,11349.17,124.57,9965.3,1,2
267782.4,19.71,12,122.3,20.0,7.236,6.812,200.0,1540.8,100.0,150.0,2.894,231.13,450.0,304.5,5,raft,6.27,3428.79,35.93,2874.6,1,2
1093221.1,10.02,8,187.6,25.0,11.564,10.708,460.0,3935.9,100.0,150.0,4.626,590.38,885.6,778.5,3,raft,10.66,15230.57,191.91,15352.9,1,2
1790797.5,13.53,12,197.1,20.0,13.632,12.569,690.0,5469.3,109.1,150.0,5.453,820.4,1230.6,844.3,4,raft,13.82,26870.59,390.73,31258.2,1,2
1841611.5,22.46,12,86.9,25.0,13.76,12.684,650.0,5572.3,110.1,150.0,5.504,835.84,1253.8,846.5,6,raft,20.86,27011.16,376.91,30153.1,1,3
776950.9,10.35,6,144.9,30.0,10.32,9.588,320.0,3134.5,100.0,150.0,4.128,470.17,705.3,734.0,3,isolated_footings,3.584,10156.47,109.85,8788.0,1,1
203591.5,22.84,10,151.8,20.0,6.604,6.244,170.0,1283.5,100.0,150.0,2.642,192.53,450.0,300.0,6,isolated_footings,1.365,2572.7,26.48,2118.2,1,1
408664.2,19.95,6,222.3,25.0,8.331,7.798,240.0,2042.4,100.0,150.0,3.332,306.36,459.5,528.7,5,isolated_footings,2.085,5268.09,55.02,4401.4,1,1
1932062.1,20.7,10,249.1,30.0,13.982,12.884,580.0,5753.3,111.9,150.0,5.593,862.99,1294.5,930.9,6,raft,12.37,27225.82,350.9,28071.8,1,2
1052377.2,21.67,8,198.0,20.0,11.419,10.577,480.0,3837.2,100.0,150.0,4.567,575.58,863.4,770.0,6,raft,10.27,14901.27,194.36,15548.5,1,2
779761.0,15.57,12,126.7,30.0,10.333,9.599,320.0,3142.0,100.0,150.0,4.133,471.3,707.0,519.9,4,raft,10.61,10190.15,110.12,8809.8,1,2
1567702.5,12.43,6,182.8,20.0,13.041,12.037,630.0,5005.1,104.3,150.0,5.216,750.76,1126.1,1108.5,4,raft,13.32,23161.64,327.7,26216.3,1,2
1372506.1,12.36,12,115.2,25.0,12.476,11.528,530.0,4580.5,100.0,150.0,4.99,687.07,1030.6,718.8,4,raft,15.39,19478.46,255.03,20402.5,1,2
1331564.9,12.4,12,181.8,30.0,12.35,11.415,450.0,4488.9,100.0,150.0,4.94,673.34,1010.0,692.8,4,raft,11.81,18094.09,215.31,17225.1,1,2
670410.8,11.54,6,200.5,20.0,9.825,9.143,360.0,2840.9,100.0,150.0,3.93,426.14,639.2,696.6,3,isolated_footings,2.892,9146.9,110.18,8814.5,1,1
174258.8,12.61,12,179.9,30.0,6.27,5.943,150.0,1157.1,100.0,150.0,2.508,173.56,450.0,300.0,4,isolated_footings,1.052,2172.67,21.78,1742.4,1,1
1210700.0,16.66,12,238.1,20.0,11.965,11.068,530.0,4213.0,100.0,150.0,4.786,631.95,947.9,679.5,5,raft,10.12,17408.66,234.12,18729.2,1,2
718753.9,13.11,12,105.8,30.0,10.056,9.35,300.0,2975.9,100.0,150.0,4.022,446.39,669.6,497.1,4,raft,11.1,9314.4,98.41,7872.6,1,2
1023000.6,16.52,8,194.4,25.0,11.311,10.48,440.0,3765.5,100.0,150.0,4.525,564.82,847.2,750.8,5,raft,10.1,14165.74,176.17,14093.2,1,2
835729.5,18.57,6,187.3,30.0,10.574,9.817,330.0,3290.6,100.0,150.0,4.23,493.59,740.4,761.8,5,isolated_footings,3.272,10938.4,118.66,9492.8,1,1
1970647.0,9.33,10,131.7,25.0,14.074,12.967,680.0,5829.6,112.6,150.0,5.63,874.44,1311.7,962.7,3,raft,17.6,29116.01,411.74,32939.6,1,2
930423.4,15.48,8,186.2,20.0,10.959,10.163,450.0,3534.7,100.0,150.0,4.384,530.21,795.3,721.7,4,raft,9.92,13089.36,168.5,13480.2,1,2
1267317.0,17.04,12,249.3,20.0,12.148,11.234,550.0,4343.4,100.0,150.0,4.859,651.5,977.3,697.6,5,raft,10.15,18343.85,249.87,19989.9,1,2
1515207.4,12.54,12,248.2,25.0,12.894,11.904,570.0,4892.7,103.2,150.0,5.158,733.91,1100.9,759.8,4,raft,11.08,21764.55,291.9,23352.0,1,2
1846293.7,10.11,6,96.5,20.0,13.772,12.695,700.0,5581.7,110.2,150.0,5.509,837.26,1255.9,1213.2,3,raft,20.07,27742.78,404.39,32350.9,1,3
462045.1,9.77,10,110.4,20.0,8.679,8.111,280.0,2216.6,100.0,150.0,3.471,332.49,498.7,441.1,3,raft,8.81,6112.1,68.39,5471.4,1,2
1545405.5,23.75,12,173.5,25.0,12.979,11.981,580.0,4957.5,103.8,150.0,5.192,743.63,1115.4,768.6,6,raft,13.41,22272.6,300.67,24053.7,1,2
1514997.8,14.69,10,134.3,25.0,12.893,11.904,570.0,4892.3,103.1,150.0,5.157,733.84,1100.8,832.3,4,raft,15.06,21761.85,291.87,23349.8,1,2
1279037.5,18.63,10,165.4,30.0,12.186,11.267,440.0,4370.1,100.0,150.0,4.874,655.51,983.3,742.9,5,raft,12.12,17340.63,205.26,16421.1,1,2
814738.1,21.74,12,208.7,25.0,10.485,9.736,380.0,3235.3,100.0,150.0,4.194,485.29,727.9,542.0,6,raft,8.62,11074.93,132.14,10571.6,1,2
1660970.0,15.19,8,148.0,20.0,13.295,12.265,660.0,5201.7,106.4,150.0,5.318,780.25,1170.4,992.6,4,raft,15.31,24761.31,356.02,28481.4,1,2
1088698.1,13.34,12,191.6,30.0,11.548,10.694,400.0,3925.0,100.0,150.0,4.619,588.75,883.1,622.5,4,raft,10.33,14608.13,168.74,13499.4,1,2
1819197.7,14.13,12,245.6,25.0,13.704,12.634,640.0,5527.0,109.6,150.0,5.482,829.05,1243.6,839.8,4,raft,12.31,26584.82,368.43,29474.7,1,2
418306.2,8.46,8,103.6,30.0,8.396,7.856,210.0,2074.4,100.0,150.0,3.358,311.16,466.7,456.3,3,raft,8.41,5232.93,49.93,3994.4,1,2
1031554.4,9.29,12,240.7,25.0,11.343,10.509,440.0,3786.4,100.0,150.0,4.537,567.96,851.9,615.3,3,raft,9.11,14272.64,177.17,14173.7,1,2
1239134.4,10.66,12,196.3,25.0,12.058,11.152,500.0,4278.7,100.0,150.0,4.823,641.81,962.7,680.7,3,raft,11.16,17465.57,225.52,18041.5,1,2
94303.1,17.62,12,173.8,20.0,5.11,4.899,150.0,768.4,100.0,150.0,2.044,115.26,450.0,300.0,5,isolated_footings,0.806,1232.71,14.86,1189.2,1,1
1708102.6,10.58,10,202.9,20.0,13.419,12.377,670.0,5299.6,107.4,150.0,5.368,794.94,1192.4,901.2,3,raft,13.27,25512.52,368.04,29443.0,1,2
391661.4,22.99,8,134.9,25.0,8.213,7.692,230.0,1985.4,100.0,150.0,3.285,297.81,450.0,446.9,6,raft,7.22,5018.44,51.55,4124.0,1,2
176385.0,8.49,12,158.1,30.0,6.296,5.966,150.0,1166.5,100.0,150.0,2.518,174.97,450.0,300.0,3,raft,4.41,2197.28,21.95,1755.7,1,2
1226335.5,23.84,8,245.4,30.0,12.016,11.114,430.0,4249.2,100.0,150.0,4.806,637.38,956.1,812.4,6,isolated_footings,3.049,16588.98,195.35,15628.0,1,1
1300689.6,20.86,10,228.3,20.0,12.254,11.329,560.0,4419.3,100.0,150.0,4.902,662.89,994.3,775.2,6,raft,10.76,18880.7,258.59,20686.8,1,2
527483.7,19.55,6,81.2,20.0,9.07,8.463,310.0,2421.3,100.0,150.0,3.628,363.19,544.8,612.6,5,raft,11.05,7074.33,81.89,6550.9,1,2
1379946.0,14.5,12,226.6,20.0,12.498,11.548,580.0,4597.0,100.0,150.0,4.999,689.55,1034.3,730.6,4,raft,11.15,20125.23,278.06,22244.5,1,2
1576933.3,23.32,6,201.7,30.0,13.067,12.06,510.0,5024.7,104.5,150.0,5.227,753.71,1130.6,1076.3,6,isolated_footings,4.455,21834.9,271.11,21688.4,1,1
1311824.2,16.55,6,154.5,30.0,12.289,11.36,450.0,4444.5,100.0,150.0,4.916,666.67,1000.0,973.1,5,raft,12.72,17850.59,213.12,17049.8,1,2
166583.2,20.99,6,141.8,30.0,6.177,5.859,150.0,1122.9,100.0,150.0,2.471,168.43,450.0,332.5,6,isolated_footings,1.641,2083.66,21.17,1693.9,1,1
1858410.3,18.07,12,152.9,20.0,13.802,12.722,710.0,5606.1,110.4,150.0,5.521,840.92,1261.4,862.4,5,raft,16.03,28038.92,411.6,32927.8,1,2
252064.9,21.55,6,202.7,25.0,7.091,6.682,180.0,1479.9,100.0,150.0,2.837,221.99,450.0,410.2,6,isolated_footings,1.694,3171.82,31.73,2538.3,1,1
855141.5,13.44,8,215.2,20.0,10.655,9.89,420.0,3341.4,100.0,150.0,4.262,501.21,751.8,687.9,4,isolated_footings,2.756,11893.38,149.44,11955.2,1,1
565790.0,13.28,6,157.9,30.0,9.285,8.656,260.0,2537.1,100.0,150.0,3.714,380.57,570.8,619.6,4,isolated_footings,2.899,7236.32,73.73,5898.5,1,1
1008575.0,11.92,10,138.2,30.0,11.258,10.432,380.0,3730.0,100.0,150.0,4.503,559.5,839.2,654.3,3,raft,11.67,13447.78,152.96,12236.9,1,2
917110.5,20.6,10,176.6,30.0,10.907,10.116,360.0,3500.9,100.0,150.0,4.363,525.14,787.7,622.3,6,raft,9.82,12164.1,136.58,10926.5,1,2
119702.1,10.24,10,84.4,25.0,5.533,5.279,150.0,900.8,100.0,150.0,2.213,135.12,450.0,300.0,3,raft,5.05,1534.88,17.23,1378.6,1,2
1148901.9,19.42,10,240.6,20.0,11.758,10.882,510.0,4068.4,100.0,150.0,4.703,610.26,915.4,722.9,5,raft,9.78,16417.11,218.08,17446.7,1,2
1156897.9,12.88,12,194.5,20.0,11.785,10.906,520.0,4087.3,100.0,150.0,4.714,613.09,919.6,663.9,4,raft,10.94,16617.57,223.04,17843.5,1,2
1500279.7,19.12,8,183.3,25.0,12.851,11.866,570.0,4860.5,102.8,150.0,5.141,729.08,1093.6,926.5,5,raft,12.84,21572.05,289.91,23192.7,1,2
551746.2,11.65,8,179.1,20.0,9.207,8.587,320.0,2494.9,100.0,150.0,3.683,374.24,561.4,543.7,3,isolated_footings,2.388,7430.09,86.85,6947.9,1,1
1189257.8,12.15,12,161.1,20.0,11.894,11.004,530.0,4163.1,100.0,150.0,4.757,624.47,936.7,674.1,4,raft,12.2,17132.8,231.28,18502.4,1,2
1946186.5,18.3,10,169.0,25.0,14.016,12.914,670.0,5781.3,112.1,150.0,5.606,867.19,1300.8,955.0,5,raft,15.41,28654.99,402.66,32212.9,1,2
1737546.9,15.76,8,228.0,25.0,13.496,12.446,620.0,5360.3,108.0,150.0,5.398,804.05,1206.1,1002.5,4,raft,12.46,25259.29,346.65,27731.7,1,2
392005.3,22.35,6,193.7,20.0,8.216,7.694,250.0,1986.5,100.0,150.0,3.286,297.98,450.0,521.1,6,isolated_footings,2.201,5117.93,55.4,4431.7,1,1
717615.6,12.95,8,105.5,30.0,10.05,9.345,300.0,2972.8,100.0,150.0,4.02,445.92,668.9,608.3,4,raft,11.11,9300.85,98.3,7864.1,1,2
1567128.0,20.63,8,140.6,25.0,13.039,12.035,580.0,5003.9,104.3,150.0,5.216,750.58,1125.9,947.3,6,raft,14.99,22553.16,303.59,24286.9,1,2
1160345.6,18.22,6,222.8,30.0,11.796,10.917,410.0,4095.4,100.0,150.0,4.719,614.31,921.5,909.1,5,isolated_footings,3.581,15579.85,180.22,14417.4,1,1
1801362.6,19.86,10,192.9,25.0,13.659,12.593,640.0,5490.8,109.3,150.0,5.464,823.62,1235.4,915.9,5,raft,13.83,26351.86,365.94,29274.9,1,2
1271484.0,23.23,6,126.2,30.0,12.162,11.245,440.0,4352.9,100.0,150.0,4.865,652.93,979.4,956.6,6,raft,13.84,17247.64,204.43,16354.5,1,2
1700881.0,16.6,6,245.0,20.0,13.4,12.36,670.0,5284.7,107.2,150.0,5.36,792.7,1189.1,1161.2,5,isolated_footings,4.361,25416.65,366.97,29357.3,1,1
920934.1,16.37,8,123.5,30.0,10.922,10.13,360.0,3510.7,100.0,150.0,4.369,526.6,789.9,697.0,5,raft,11.77,12210.41,136.97,10957.7,1,2
406235.1,22.98,8,118.8,30.0,8.314,7.783,210.0,2034.3,100.0,150.0,3.326,305.15,457.7,450.1,6,raft,7.75,5092.68,48.93,3914.4,1,2
939328.8,8.64,10,173.8,20.0,10.994,10.195,450.0,3557.2,100.0,150.0,4.398,533.59,800.4,648.3,3,raft,10.31,13201.97,169.6,13568.2,1,2
1499065.4,19.73,6,234.0,20.0,12.848,11.863,610.0,4857.9,102.8,150.0,5.139,728.69,1093.0,1080.9,5,isolated_footings,4.153,22023.1,308.41,24673.2,1,1
1068987.5,8.97,8,121.5,30.0,11.478,10.631,390.0,3877.5,100.0,150.0,4.591,581.62,872.4,753.6,3,raft,12.83,14274.08,162.92,13033.4,1,2
980700.5,9.57,6,134.2,30.0,11.153,10.338,370.0,3660.9,100.0,150.0,4.461,549.14,823.7,831.1,3,raft,11.66,13020.62,146.53,11722.6,1,2
192456.4,15.65,12,94.2,20.0,6.481,6.133,160.0,1236.3,100.0,150.0,2.593,185.44,450.0,300.0,4,raft,5.99,2412.59,24.37,1949.3,1,2
244758.0,17.43,12,131.0,20.0,7.022,6.62,190.0,1451.2,100.0,150.0,2.809,217.68,450.0,300.0,5,raft,5.78,3121.42,32.54,2602.8,1,2
1184341.4,21.78,6,202.4,25.0,11.877,10.989,480.0,4151.6,100.0,150.0,4.751,622.75,934.1,937.6,6,isolated_footings,3.874,16570.92,210.68,16854.8,1,1
1565921.9,11.12,12,248.7,25.0,13.036,12.032,580.0,5001.3,104.3,150.0,5.214,750.19,1125.3,773.2,3,raft,11.27,22537.59,303.42,24273.9,1,2
1521392.5,17.62,12,187.3,25.0,12.911,11.92,570.0,4906.0,103.3,150.0,5.165,735.9,1103.9,761.2,5,raft,12.78,21844.27,292.72,23417.8,1,2
1039221.3,16.23,10,124.9,30.0,11.371,10.534,390.0,3805.2,100.0,150.0,4.548,570.78,856.2,665.4,5,raft,12.49,13911.44,159.79,12783.4,1,2
535592.9,12.4,10,186.4,20.0,9.117,8.505,310.0,2446.0,100.0,150.0,3.647,366.9,550.4,477.8,4,raft,7.34,7173.3,82.75,6619.8,1,2
1955596.5,23.13,12,81.1,30.0,14.038,12.935,580.0,5799.9,112.3,150.0,5.615,869.99,1305.0,854.5,6,raft,21.8,27524.78,353.85,28308.3,1,3
967487.3,10.61,6,209.3,30.0,11.103,10.293,370.0,3628.0,100.0,150.0,4.441,544.2,816.3,826.0,3,isolated_footings,3.357,12860.39,145.17,11614.0,1,1
644049.9,22.8,12,138.2,30.0,9.695,9.025,280.0,2766.0,100.0,150.0,3.878,414.9,622.3,468.9,6,raft,9.16,8289.01,85.94,6875.1,1,2
1100250.7,10.92,6,209.7,20.0,11.589,10.73,500.0,3952.7,100.0,150.0,4.636,592.91,889.4,912.6,3,isolated_footings,3.705,15698.57,207.94,16635.5,1,1
649040.7,12.89,12,97.5,25.0,9.72,9.048,330.0,2780.2,100.0,150.0,3.888,417.04,625.6,479.9,4,raft,11.17,8682.02,99.75,7980.2,1,2
1858725.4,11.36,8,135.0,20.0,13.803,12.722,710.0,5606.8,110.4,150.0,5.521,841.01,1261.5,1056.3,3,raft,17.05,28043.13,411.64,32931.6,1,2
1544474.9,20.57,8,183.7,20.0,12.976,11.979,620.0,4955.5,103.8,150.0,5.191,743.33,1115.0,951.1,6,raft,13.17,22736.66,319.59,25567.2,1,2
685078.5,16.26,12,191.1,25.0,9.896,9.207,340.0,2882.2,100.0,150.0,3.958,432.33,648.5,493.7,5,raft,8.21,9189.69,106.29,8503.1,1,2
1570522.1,12.31,10,160.2,25.0,13.049,12.044,580.0,5011.1,104.4,150.0,5.22,751.66,1127.5,848.1,4,raft,14.05,22596.96,304.04,24323.2,1,2
773042.7,12.9,10,221.0,25.0,10.303,9.573,370.0,3124.0,100.0,150.0,4.121,468.59,702.9,577.7,4,raft,8.15,10484.79,124.48,9958.0,1,2
926930.4,14.8,12,209.7,20.0,10.946,10.151,450.0,3525.9,100.0,150.0,4.378,528.88,793.3,588.2,4,raft,9.34,13045.18,168.07,13445.6,1,2
1536334.4,14.47,12,140.1,20.0,12.953,11.958,620.0,4938.1,103.6,150.0,5.181,740.71,1111.1,774.8,4,raft,15.04,22629.77,318.43,25474.2,1,2
1951222.2,20.27,6,219.2,20.0,14.028,12.925,730.0,5791.3,112.2,150.0,5.611,868.69,1303.0,1252.2,6,raft,13.74,29555.68,436.76,34940.9,1,2
456787.6,19.47,10,221.5,20.0,8.646,8.081,280.0,2199.8,100.0,150.0,3.458,329.97,494.9,438.8,5,isolated_footings,1.733,6048.52,67.86,5428.6,1,1
677599.3,20.65,10,174.9,30.0,9.86,9.174,290.0,2861.2,100.0,150.0,3.944,429.18,643.8,527.9,6,raft,8.37,8754.71,91.75,7339.8,1,2
438931.7,11.44,12,225.6,20.0,8.531,7.978,270.0,2142.1,100.0,150.0,3.413,321.31,482.0,391.6,3,raft,5.99,5780.79,63.97,5117.4,1,2
195132.5,10.57,12,240.1,30.0,6.511,6.16,150.0,1247.7,100.0,150.0,2.605,187.16,450.0,300.0,3,isolated_footings,0.96,2413.72,23.38,1870.4,1,1
966249.9,23.54,6,212.8,25.0,11.098,10.288,420.0,3624.9,100.0,150.0,4.439,543.73,815.6,839.4,6,isolated_footings,3.382,13280.69,162.46,12996.8,1,1
1391211.9,22.54,12,122.5,30.0,12.532,11.579,470.0,4622.0,100.3,150.0,5.013,693.3,1040.0,710.9,6,raft,14.76,19050.88,230.78,18462.1,1,2
1192923.0,8.95,6,188.7,25.0,11.906,11.015,490.0,4171.7,100.0,150.0,4.762,625.75,938.6,943.5,3,isolated_footings,4.037,16779.2,215.73,17258.8,1,1
1098896.6,15.01,10,98.9,20.0,11.584,10.726,500.0,3949.5,100.0,150.0,4.634,592.42,888.6,706.5,4,raft,14.9,15681.26,207.77,16621.5,1,2
1767657.0,9.18,12,220.1,20.0,13.573,12.516,680.0,5422.1,108.6,150.0,5.429,813.31,1220.0,837.3,3,raft,12.97,26432.01,382.04,30563.0,1,2
1200126.2,17.19,6,154.5,25.0,11.93,11.037,490.0,4188.4,100.0,150.0,4.772,628.27,942.4,946.0,5,raft,12.37,16870.27,216.62,17329.9,1,2
1166829.7,20.2,10,174.6,25.0,11.818,10.937,480.0,4110.6,100.0,150.0,4.727,616.59,924.9,721.4,6,raft,11.45,16350.19,208.55,16684.2,1,2
1394661.8,10.25,6,228.0,30.0,12.542,11.588,470.0,4629.6,100.3,150.0,5.017,694.45,1041.7,1006.5,3,isolated_footings,3.918,19093.81,231.17,18493.8,1,1
1437235.2,13.02,10,233.9,25.0,12.669,11.702,550.0,4723.4,101.3,150.0,5.067,708.51,1062.8,808.4,4,raft,11.09,20530.54,272.36,21788.8,1,2
1507182.7,11.44,10,159.6,25.0,12.871,11.884,570.0,4875.4,103.0,150.0,5.148,731.31,1097.0,830.4,3,raft,13.79,21661.09,290.83,23266.4,1,2
756297.4,11.18,10,123.4,30.0,10.228,9.505,310.0,3078.7,100.0,150.0,4.091,461.8,692.7,559.5,3,raft,10.56,9834.8,104.88,8390.1,1,2
1868728.4,10.24,12,152.6,25.0,13.827,12.745,650.0,5626.9,110.6,150.0,5.531,844.03,1266.0,852.0,3,raft,15.85,27365.98,380.73,30458.5,1,2
1606289.1,21.31,6,235.2,30.0,13.147,12.132,510.0,5086.9,105.2,150.0,5.259,763.03,1144.5,1085.3,6,isolated_footings,4.16,22202.95,274.6,21967.8,1,1
778275.0,17.05,6,243.2,25.0,10.326,9.593,370.0,3138.0,100.0,150.0,4.13,470.7,706.1,748.1,5,isolated_footings,2.82,10549.19,125.05,10004.2,1,1
1590768.1,15.87,10,187.8,30.0,13.105,12.094,510.0,5054.1,104.8,150.0,5.242,758.11,1137.2,837.0,4,raft,12.81,22008.42,272.75,21820.3,1,2
197327.5,9.47,6,170.4,30.0,6.536,6.182,150.0,1257.1,100.0,150.0,2.614,188.56,450.0,359.7,3,isolated_footings,1.62,2439.0,23.54,1883.6,1,1
1700283.7,9.4,12,183.7,20.0,13.399,12.359,670.0,5283.4,107.2,150.0,5.359,792.52,1188.8,821.0,3,raft,13.92,25408.72,366.88,29350.2,1,2
1516219.3,20.27,12,219.0,25.0,12.897,11.907,570.0,4894.9,103.2,150.0,5.159,734.23,1101.4,760.0,6,raft,11.8,21777.59,292.03,23362.8,1,2
930012.7,22.09,8,190.6,20.0,10.958,10.162,450.0,3533.7,100.0,150.0,4.383,530.05,795.1,721.5,6,raft,9.81,13084.17,168.45,13476.1,1,2
404264.0,17.2,12,169.7,30.0,8.301,7.771,210.0,2027.7,100.0,150.0,3.32,304.16,456.2,366.7,5,raft,6.47,5069.76,48.77,3901.2,1,2
1491944.3,23.18,6,148.2,25.0,12.827,11.845,560.0,4842.5,102.6,150.0,5.131,726.38,1089.6,1064.2,6,raft,14.2,21348.19,284.14,22731.4,1,2
62390.2,21.25,6,81.5,25.0,4.452,4.307,150.0,583.4,100.0,150.0,1.781,87.51,450.0,300.0,6,raft,3.81,845.59,11.53,922.3,1,2
882941.8,12.14,8,179.3,25.0,10.77,9.993,400.0,3413.4,100.0,150.0,4.308,512.01,768.0,693.2,4,raft,9.71,12077.68,146.19,11694.8,1,2
1088110.3,18.46,8,210.9,30.0,11.546,10.692,400.0,3923.6,100.0,150.0,4.619,588.54,882.8,762.2,5,raft,9.85,14600.95,168.68,13494.4,1,2
1854445.3,22.29,8,112.1,20.0,13.792,12.713,700.0,5598.2,110.3,150.0,5.517,839.72,1259.6,1052.7,6,raft,18.65,27851.43,405.61,32449.2,1,3
451981.1,10.91,6,170.7,20.0,8.615,8.054,280.0,2184.3,100.0,150.0,3.446,327.65,491.5,563.7,3,isolated_footings,2.537,5990.35,67.37,5389.3,1,1
1569953.3,16.64,6,135.7,25.0,13.047,12.043,580.0,5009.9,104.4,150.0,5.219,751.48,1127.2,1094.7,5,raft,15.27,22589.62,303.96,24317.1,1,2
1860507.7,18.53,8,131.5,25.0,13.807,12.726,650.0,5610.3,110.5,150.0,5.523,841.55,1262.3,1041.4,5,raft,17.04,27258.46,379.58,30366.1,1,2
1982457.1,11.73,8,211.3,20.0,14.102,12.992,740.0,5852.9,112.8,150.0,5.641,877.94,1316.9,1094.6,3,raft,14.13,30114.91,447.18,35774.6,1,2
317758.7,22.38,12,100.9,25.0,7.66,7.194,200.0,1727.0,100.0,150.0,3.064,259.05,450.0,326.4,6,raft,7.47,4015.95,40.08,3206.7,1,2
99576.6,21.88,8,144.7,25.0,5.203,4.983,150.0,796.8,100.0,150.0,2.081,119.52,450.0,300.0,6,isolated_footings,1.11,1295.8,15.37,1229.9,1,1
905166.4,11.18,12,180.3,20.0,10.859,10.073,440.0,3470.5,100.0,150.0,4.344,520.57,780.9,580.1,3,raft,9.93,12686.21,162.03,12962.5,1,2
231061.0,10.8,6,107.7,20.0,6.889,6.5,180.0,1396.5,100.0,150.0,2.755,209.48,450.0,394.0,3,isolated_footings,2.232,2926.38,30.02,2401.9,1,1
284698.7,15.83,10,207.4,25.0,7.385,6.947,190.0,1605.1,100.0,150.0,2.954,240.76,450.0,338.0,4,isolated_footings,1.38,3589.61,35.82,2865.9,1,1
859499.3,11.37,6,216.0,25.0,10.673,9.906,390.0,3352.7,100.0,150.0,4.269,502.91,754.4,788.1,3,isolated_footings,3.152,11706.45,140.3,11223.8,1,1
982059.0,16.14,12,82.7,25.0,11.158,10.343,430.0,3664.3,100.0,150.0,4.463,549.65,824.5,599.9,5,raft,15.15,13565.15,167.79,13423.5,1,3
1616652.8,14.4,6,140.3,25.0,13.175,12.158,590.0,5108.7,105.4,150.0,5.27,766.31,1149.5,1112.1,4,raft,15.26,23314.4,315.09,25207.4,1,2
1681242.5,14.95,10,119.0,30.0,13.349,12.314,530.0,5243.9,106.8,150.0,5.339,786.59,1179.9,862.9,4,raft,16.59,23392.5,293.51,23480.9,1,2
214680.4,18.3,12,228.9,20.0,6.722,6.35,170.0,1329.7,100.0,150.0,2.689,199.46,450.0,300.0,5,isolated_footings,1.04,2702.19,27.38,2190.3,1,1
1905052.8,12.4,10,87.7,20.0,13.916,12.825,720.0,5699.5,111.3,150.0,5.567,854.93,1282.4,957.4,4,raft,21.44,28798.89,424.15,33932.2,1,3
395848.9,8.15,8,103.8,25.0,8.243,7.718,240.0,1999.5,100.0,150.0,3.297,299.93,450.0,451.2,3,raft,8.31,5115.91,53.83,4306.0,1,2
1536461.3,8.98,8,227.3,30.0,12.954,11.958,500.0,4938.4,103.6,150.0,5.182,740.75,1111.1,918.6,3,raft,11.43,21208.1,261.51,20921.0,1,2
621514.9,17.88,8,151.3,20.0,9.58,8.922,340.0,2701.1,100.0,150.0,3.832,405.16,607.7,578.5,5,raft,8.82,8410.94,99.43,7954.1,1,2
1875768.6,23.44,8,142.1,20.0,13.845,12.76,710.0,5641.0,110.8,150.0,5.538,846.15,1269.2,1060.6,6,raft,16.69,28270.95,414.24,33139.0,1,2
1583785.7,8.48,8,132.0,30.0,13.085,12.077,510.0,5039.3,104.7,150.0,5.234,755.89,1133.8,933.9,3,raft,15.25,21920.86,271.92,21753.7,1,2
777709.0,21.46,10,84.8,20.0,10.324,9.591,400.0,3136.5,100.0,150.0,4.129,470.48,705.7,585.5,6,raft,13.33,10768.23,134.03,10722.4,1,2
696585.0,22.22,6,204.9,20.0,9.951,9.256,370.0,2914.4,100.0,150.0,3.981,437.16,655.7,711.4,6,isolated_footings,2.921,9540.14,115.91,9272.7,1,1
1831475.0,8.74,12,209.6,30.0,13.735,12.661,560.0,5551.8,109.9,150.0,5.494,832.77,1249.2,825.3,3,raft,13.1,25678.31,327.48,26198.2,1,2
1074149.0,10.53,6,139.3,20.0,11.497,10.647,490.0,3890.0,100.0,150.0,4.599,583.49,875.2,900.1,3,raft,12.39,15271.2,200.83,16066.3,1,2
229641.6,23.81,6,244.7,25.0,6.874,6.487,170.0,1390.8,100.0,150.0,2.75,208.62,450.0,390.6,6,isolated_footings,1.468,2876.34,28.57,2285.6,1,1
1967569.1,21.7,12,102.8,30.0,14.067,12.96,590.0,5823.6,112.5,150.0,5.627,873.53,1310.3,859.0,6,raft,19.46,27816.64,360.95,28875.8,1,3
1628379.0,8.01,12,159.8,25.0,13.207,12.186,600.0,5133.4,105.7,150.0,5.283,770.01,1155.0,791.0,3,raft,14.38,23589.25,321.6,25728.1,1,2
299987.3,18.5,10,242.7,30.0,7.515,7.063,170.0,1662.0,100.0,150.0,3.006,249.3,450.0,342.6,5,isolated_footings,1.293,3688.03,33.84,2707.6,1,1
1446814.8,15.64,8,101.4,30.0,12.697,11.727,480.0,4744.4,101.6,150.0,5.079,711.65,1067.5,888.8,4,raft,16.56,19855.83,241.71,19336.6,1,3
303124.8,23.08,8,192.1,30.0,7.541,7.087,170.0,1673.6,100.0,150.0,3.016,251.04,450.0,384.9,6,isolated_footings,1.633,3724.0,34.07,2725.6,1,1
234838.9,14.46,6,122.5,25.0,6.926,6.533,170.0,1411.7,100.0,150.0,2.77,211.76,450.0,394.7,4,isolated_footings,2.097,2936.7,28.98,2318.2,1,1
410022.2,18.55,10,200.8,25.0,8.34,7.806,240.0,2046.9,100.0,150.0,3.336,307.04,460.6,410.1,5,isolated_footings,1.701,5284.2,55.14,4411.6,1,1
1353294.9,16.32,10,209.2,20.0,12.417,11.475,570.0,4537.6,100.0,150.0,4.967,680.65,1021.0,791.3,5,raft,11.48,19669.69,270.03,21602.3,1,2
689490.8,14.0,8,178.5,20.0,9.917,9.226,370.0,2894.6,100.0,150.0,3.967,434.19,651.3,613.3,4,raft,8.61,9452.14,115.1,9208.0,1,2
1508475.1,20.8,6,215.0,20.0,12.875,11.887,610.0,4878.2,103.0,150.0,5.15,731.73,1097.6,1083.9,6,isolated_footings,4.346,22146.42,309.75,24779.9,1,1
77927.4,18.15,8,107.5,25.0,4.795,4.615,150.0,676.6,100.0,150.0,1.918,101.5,450.0,300.0,5,isolated_footings,1.151,1035.33,13.21,1057.2,1,1
72839.4,15.69,10,111.9,30.0,4.688,4.519,150.0,646.9,100.0,150.0,1.875,97.03,450.0,300.0,4,isolated_footings,0.978,973.5,12.68,1014.2,1,1
841030.9,23.88,12,185.6,30.0,10.596,9.837,340.0,3304.5,100.0,150.0,4.239,495.68,743.5,542.2,6,raft,9.14,11081.35,122.35,9788.2,1,2
907732.8,19.92,10,137.3,20.0,10.869,10.083,440.0,3477.0,100.0,150.0,4.348,521.55,782.3,636.3,5,raft,11.39,12718.58,162.34,12987.6,1,2
547804.6,20.91,12,211.2,25.0,9.185,8.567,290.0,2483.1,100.0,150.0,3.674,372.46,558.7,437.1,6,raft,6.91,7202.88,79.27,6341.3,1,2
1343333.7,18.69,10,209.8,25.0,12.387,11.448,530.0,4515.3,100.0,150.0,4.955,677.3,1016.0,779.9,5,raft,11.3,19106.76,251.32,20105.6,1,2
173079.7,13.85,6,244.0,20.0,6.256,5.931,150.0,1151.9,100.0,150.0,2.502,172.78,450.0,338.4,4,isolated_footings,1.274,2159.01,21.69,1735.0,1,1
234437.9,23.6,6,100.4,30.0,6.922,6.53,150.0,1410.1,100.0,150.0,2.769,211.52,450.0,389.8,6,isolated_footings,2.286,2864.31,26.24,2099.0,1,1
626641.2,21.97,10,156.9,30.0,9.606,8.946,280.0,2715.9,100.0,150.0,3.843,407.39,611.1,507.2,6,raft,8.49,8082.55,84.33,6746.6,1,2
1969407.8,9.33,8,147.6,30.0,14.071,12.964,590.0,5827.2,112.6,150.0,5.629,874.08,1311.1,1052.5,3,raft,16.25,27840.07,361.18,28894.4,1,2
430012.1,21.44,8,211.9,20.0,8.473,7.926,270.0,2112.9,100.0,150.0,3.389,316.94,475.4,475.1,6,isolated_footings,1.919,5673.24,63.07,5045.7,1,1
1480154.0,13.66,8,175.7,30.0,12.794,11.814,490.0,4817.0,102.3,150.0,5.117,722.54,1083.8,900.6,4,raft,12.75,20386.73,250.19,20015.4,1,2
1073838.2,20.8,10,171.7,30.0,11.496,10.646,390.0,3889.2,100.0,150.0,4.598,583.38,875.1,675.5,6,raft,10.81,14333.11,163.42,13074.0,1,2
1896968.8,16.49,10,107.0,30.0,13.897,12.807,570.0,5683.4,111.2,150.0,5.559,852.51,1278.8,920.9,5,raft,18.68,26643.02,341.01,27280.9,1,3
372989.3,18.15,8,223.4,30.0,8.081,7.573,200.0,1921.8,100.0,150.0,3.232,288.26,450.0,430.6,5,isolated_footings,1.694,4659.1,44.41,3553.2,1,1
346499.6,23.08,12,225.9,25.0,7.885,7.396,220.0,1829.7,100.0,150.0,3.154,274.45,450.0,343.2,6,isolated_footings,1.342,4439.2,45.88,3670.7,1,1
145378.8,23.51,12,130.4,30.0,5.903,5.612,150.0,1025.4,100.0,150.0,2.361,153.81,450.0,300.0,6,raft,4.44,1836.65,19.45,1555.9,1,2
1945417.3,22.3,12,134.7,30.0,14.014,12.913,580.0,5779.8,112.1,150.0,5.606,866.97,1300.4,852.5,6,raft,16.88,27395.5,352.58,28206.0,1,2
1879379.5,8.01,10,200.4,30.0,13.854,12.768,570.0,5648.2,110.8,150.0,5.541,847.23,1270.8,917.0,3,raft,13.59,26419.95,338.82,27105.3,1,2
657630.4,22.77,6,90.1,25.0,9.762,9.086,330.0,2804.7,100.0,150.0,3.905,420.71,631.1,682.7,6,raft,11.69,8786.66,100.66,8052.5,1,2
323591.4,15.69,8,210.0,20.0,7.707,7.236,220.0,1748.1,100.0,150.0,3.083,262.22,450.0,407.2,4,isolated_footings,1.652,4168.11,43.91,3512.9,1,1
812914.6,10.55,12,146.5,20.0,10.477,9.729,410.0,3230.5,100.0,150.0,4.191,484.57,726.9,547.1,3,raft,10.39,11285.21,141.25,11300.3,1,2
534717.9,13.61,8,243.8,25.0,9.112,8.5,290.0,2443.3,100.0,150.0,3.645,366.5,549.8,529.5,4,isolated_footings,1.993,7045.26,77.96,6236.8,1,1
323858.7,14.42,8,115.0,20.0,7.709,7.238,220.0,1749.1,100.0,150.0,3.084,262.36,450.0,407.4,4,raft,7.13,4171.28,43.93,3514.8,1,2
1360864.2,20.17,6,188.2,30.0,12.44,11.496,460.0,4554.5,100.0,150.0,4.976,683.18,1024.8,992.4,6,isolated_footings,4.252,18564.45,222.92,17833.9,1,1
656763.2,9.64,12,119.5,25.0,9.758,9.082,330.0,2802.3,100.0,150.0,3.903,420.34,630.5,482.5,3,raft,10.14,8776.1,100.56,8045.2,1,2
632703.3,10.0,12,106.1,30.0,9.637,8.974,280.0,2733.4,100.0,150.0,3.855,410.01,615.0,465.1,3,raft,10.37,8154.48,84.89,6791.4,1,2
715685.5,12.35,6,144.9,25.0,10.041,9.337,350.0,2967.5,100.0,150.0,4.017,445.12,667.7,714.9,4,isolated_footings,3.492,9634.22,112.37,8989.9,1,1
270033.3,15.46,8,229.0,30.0,7.256,6.83,160.0,1549.5,100.0,150.0,2.902,232.42,450.0,362.7,4,isolated_footings,1.409,3306.5,30.17,2413.6,1,1
1737737.0,15.8,10,118.2,20.0,13.496,12.447,680.0,5360.7,108.0,150.0,5.399,804.11,1206.2,910.3,4,raft,17.56,26034.29,377.57,30205.9,1,3
222717.3,19.71,10,121.0,30.0,6.805,6.424,150.0,1362.7,100.0,150.0,2.722,204.41,450.0,300.0,5,raft,5.62,2730.36,25.4,2032.3,1,2
1014337.0,19.23,12,151.7,30.0,11.279,10.451,380.0,3744.2,100.0,150.0,4.512,561.63,842.4,598.8,5,raft,11.17,13517.82,153.56,12284.9,1,2
255120.7,20.32,10,233.8,30.0,7.12,6.708,150.0,1491.9,100.0,150.0,2.848,223.78,450.0,314.1,6,isolated_footings,1.208,3099.94,27.67,2213.8,1,1
1040255.9,14.71,10,247.1,20.0,11.375,10.537,480.0,3807.7,100.0,150.0,4.55,571.15,856.7,685.1,4,raft,9.14,14747.14,192.82,15425.9,1,2
75205.9,19.41,12,121.3,25.0,4.738,4.565,150.0,660.8,100.0,150.0,1.895,99.12,450.0,300.0,5,raft,3.4,1002.29,12.93,1034.3,1,2
481706.9,14.94,10,97.7,30.0,8.8,8.22,230.0,2279.1,100.0,150.0,3.52,341.86,512.8,439.8,4,raft,9.33,6075.78,59.43,4754.4,1,2
1001330.8,17.71,12,183.1,30.0,11.231,10.408,380.0,3712.1,100.0,150.0,4.492,556.82,835.2,595.3,5,raft,10.11,13359.67,152.21,12176.6,1,2
796045.1,17.63,6,177.9,20.0,10.404,9.664,400.0,3185.6,100.0,150.0,4.162,477.84,716.8,763.8,5,isolated_footings,3.367,10997.25,136.18,10894.6,1,1
1935122.7,11.82,12,218.6,30.0,13.989,12.89,580.0,5759.4,111.9,150.0,5.596,863.9,1295.9,850.4,3,raft,13.22,27264.71,351.28,28102.7,1,2
1501404.1,13.56,12,224.9,30.0,12.854,11.869,490.0,4863.0,102.8,150.0,5.142,729.44,1094.2,740.1,4,raft,11.34,20652.16,252.68,20214.7,1,2
1733652.0,8.6,12,218.2,30.0,13.486,12.437,540.0,5352.3,107.9,150.0,5.394,802.85,1204.3,800.9,3,raft,12.46,24180.19,304.97,24397.8,1,2
1501553.4,14.91,6,116.7,20.0,12.855,11.869,610.0,4863.3,102.8,150.0,5.142,729.49,1094.2,1081.7,4,raft,16.27,22055.71,308.77,24701.4,1,2
97081.6,23.14,6,129.7,25.0,5.159,4.943,150.0,783.4,100.0,150.0,2.064,117.51,450.0,300.0,6,isolated_footings,1.338,1265.98,15.13,1210.7,1,1
1613695.7,19.66,10,141.0,30.0,13.167,12.151,520.0,5102.5,105.3,150.0,5.267,765.38,1148.1,844.7,5,raft,14.92,22418.29,280.38,22430.4,1,2
720897.0,23.58,8,127.0,20.0,10.066,9.359,380.0,2981.8,100.0,150.0,4.026,447.28,670.9,628.0,6,raft,10.45,9912.87,121.53,9722.2,1,2
682799.2,19.19,10,210.7,20.0,9.885,9.197,360.0,2875.8,100.0,150.0,3.954,431.38,647.1,544.1,5,raft,7.86,9300.0,111.57,8925.7,1,2
458293.0,20.33,10,205.9,25.0,8.655,8.09,260.0,2204.6,100.0,150.0,3.462,330.69,496.0,435.6,6,isolated_footings,1.784,5960.83,63.77,5102.0,1,1
1572888.0,10.75,12,225.6,25.0,13.055,12.05,580.0,5016.1,104.4,150.0,5.222,752.42,1128.6,774.7,3,raft,11.85,22627.5,304.36,24348.5,1,2
736019.2,16.61,8,133.8,25.0,10.136,9.422,350.0,3023.4,100.0,150.0,4.054,453.51,680.3,627.1,5,raft,10.17,9882.96,114.55,9164.2,1,2
247531.4,19.55,12,133.2,25.0,7.049,6.644,170.0,1462.1,100.0,150.0,2.819,219.32,450.0,300.0,5,raft,5.69,3083.82,29.96,2396.8,1,2
1296976.3,20.11,8,125.0,30.0,12.242,11.318,450.0,4410.9,100.0,150.0,4.897,661.63,992.4,838.4,6,raft,14.07,17667.27,211.47,16917.4,1,2
996609.2,13.39,12,232.3,20.0,11.213,10.392,470.0,3700.4,100.0,150.0,4.485,555.06,832.6,611.6,4,raft,9.22,14102.13,183.71,14696.9,1,2
1920651.3,13.16,6,112.3,25.0,13.954,12.859,670.0,5730.6,111.6,150.0,5.582,859.59,1289.4,1225.7,4,raft,18.8,28319.52,399.01,31920.9,1,3
1822219.1,19.2,10,208.7,30.0,13.712,12.64,560.0,5533.1,109.7,150.0,5.485,829.97,1244.9,902.0,5,raft,13.1,25561.1,326.33,26106.2,1,2
396920.8,17.9,6,113.8,20.0,8.25,7.725,260.0,2003.1,100.0,150.0,3.3,300.47,450.7,526.5,5,raft,8.02,5224.87,57.77,4621.9,1,2
1437747.9,22.64,12,224.9,20.0,12.67,11.703,600.0,4724.5,101.4,150.0,5.068,708.68,1063.0,748.2,6,raft,11.46,21104.49,295.12,23609.8,1,2
1445981.8,16.53,12,102.6,25.0,12.694,11.725,550.0,4742.5,101.6,150.0,5.078,711.38,1067.1,740.0,5,raft,16.79,20642.8,273.51,21880.4,1,3
252070.8,23.3,10,184.3,20.0,7.091,6.682,190.0,1480.0,100.0,150.0,2.837,221.99,450.0,320.0,6,isolated_footings,1.384,3207.43,33.15,2652.1,1,1
681480.8,11.6,6,121.8,20.0,9.879,9.191,360.0,2872.1,100.0,150.0,3.952,430.82,646.2,701.8,3,raft,10.33,9283.71,111.42,8913.9,1,2
1351666.6,12.38,12,118.2,30.0,12.412,11.471,460.0,4534.0,100.0,150.0,4.965,680.1,1020.2,699.6,4,raft,14.79,18450.7,221.89,17751.3,1,2
1967361.5,11.93,8,154.9,20.0,14.066,12.96,730.0,5823.2,112.5,150.0,5.627,873.47,1310.2,1088.4,3,raft,16.41,29772.07,439.24,35139.5,1,2
333484.6,12.75,6,225.8,25.0,7.785,7.306,210.0,1783.6,100.0,150.0,3.114,267.53,450.0,474.4,4,isolated_footings,1.856,4242.48,43.06,3444.4,1,1
1683964.9,14.63,8,150.1,30.0,13.356,12.32,530.0,5249.6,106.8,150.0,5.342,787.44,1181.2,965.5,4,raft,14.79,23426.77,293.84,23507.3,1,2
1182746.4,18.04,12,207.0,30.0,11.872,10.985,420.0,4147.9,100.0,150.0,4.749,622.19,933.3,650.5,5,raft,10.39,15953.07,186.58,14926.5,1,2
1603754.8,13.82,10,153.3,25.0,13.14,12.126,590.0,5081.5,105.1,150.0,5.256,762.23,1143.3,858.4,4,raft,14.54,23147.59,313.35,25068.2,1,2
1805103.1,22.99,10,171.9,20.0,13.669,12.602,690.0,5498.4,109.3,150.0,5.467,824.76,1237.1,928.1,6,raft,14.85,27061.04,392.87,31429.9,1,2
1918277.6,10.15,8,215.2,30.0,13.948,12.854,580.0,5725.9,111.6,150.0,5.579,858.88,1288.3,1037.5,3,raft,13.27,27050.59,349.16,27932.9,1,2
301091.1,23.7,12,171.0,20.0,7.524,7.072,210.0,1666.1,100.0,150.0,3.01,249.91,450.0,321.0,6,raft,5.62,3860.75,40.33,3226.1,1,2
1624144.5,17.67,10,202.0,30.0,13.196,12.176,520.0,5124.5,105.6,150.0,5.278,768.68,1153.0,847.2,5,raft,12.5,22549.66,281.64,22531.0,1,2
1954161.4,21.14,8,159.1,30.0,14.035,12.931,580.0,5797.1,112.3,150.0,5.614,869.56,1304.3,1046.2,6,raft,15.56,27506.56,353.67,28293.8,1,2
1681396.1,15.36,12,164.5,25.0,13.349,12.314,610.0,5244.2,106.8,150.0,5.34,786.64,1180.0,804.5,4,raft,14.41,24402.09,333.84,26706.9,1,2
176082.6,23.93,6,175.2,30.0,6.292,5.963,150.0,1165.1,100.0,150.0,2.517,174.77,450.0,341.2,6,isolated_footings,1.515,2193.78,21.92,1753.8,1,1
1318041.3,22.33,12,227.5,20.0,12.308,11.377,560.0,4458.5,100.0,150.0,4.923,668.77,1003.2,711.9,6,raft,10.85,19105.24,260.93,20874.6,1,2
174364.8,13.67,10,176.9,30.0,6.272,5.944,150.0,1157.6,100.0,150.0,2.509,173.63,450.0,300.0,4,isolated_footings,1.163,2173.89,21.79,1743.0,1,1
103775.1,17.56,12,199.7,20.0,5.275,5.048,150.0,819.0,100.0,150.0,2.11,122.85,450.0,300.0,5,isolated_footings,0.786,1345.89,15.77,1261.7,1,1
1973102.9,11.44,12,132.7,30.0,14.08,12.972,590.0,5834.5,112.6,150.0,5.632,875.17,1312.8,860.1,3,raft,17.16,27887.13,361.65,28932.0,1,2
1365601.9,13.29,12,104.5,30.0,12.455,11.509,460.0,4565.1,100.0,150.0,4.982,684.77,1027.2,702.8,4,raft,15.8,18623.02,223.46,17876.4,1,2
1961348.2,17.39,6,245.1,20.0,14.052,12.947,730.0,5811.3,112.4,150.0,5.621,871.69,1307.5,1255.1,5,isolated_footings,4.713,29691.46,438.32,35065.5,1,1
1438621.7,13.73,6,211.7,20.0,12.673,11.705,600.0,4726.4,101.4,150.0,5.069,708.96,1063.4,1058.4,4,isolated_footings,4.276,21115.94,295.25,23619.6,1,1
1247008.4,16.48,8,204.5,20.0,12.083,11.175,540.0,4296.8,100.0,150.0,4.833,644.52,966.8,845.8,5,raft,11.1,17978.09,243.01,19440.7,1,2
1960574.8,20.38,8,222.1,20.0,14.05,12.945,730.0,5809.8,112.4,150.0,5.62,871.46,1307.2,1086.7,6,raft,13.68,29681.09,438.2,35056.1,1,2
1316343.7,15.92,6,136.4,20.0,12.303,11.373,560.0,4454.7,100.0,150.0,4.921,668.2,1002.3,1006.2,4,raft,14.0,19083.28,260.7,20856.2,1,2
1894986.9,17.18,12,216.8,25.0,13.892,12.803,660.0,5679.4,111.1,150.0,5.557,851.92,1277.9,859.4,5,raft,13.41,27845.59,389.87,31189.8,1,2
1408009.4,10.22,10,111.1,25.0,12.582,11.624,540.0,4659.1,100.7,150.0,5.033,698.87,1048.3,798.7,3,raft,15.9,20043.15,264.04,21123.3,1,2
742556.1,19.32,10,164.9,20.0,10.166,9.449,390.0,3041.3,100.0,150.0,4.066,456.19,684.3,571.3,5,raft,9.33,10255.02,126.94,10154.9,1,2
557985.9,11.21,10,247.6,30.0,9.242,8.618,260.0,2513.7,100.0,150.0,3.697,377.06,565.6,476.9,3,isolated_footings,1.782,7144.23,73.03,5842.4,1,1
209058.4,15.23,6,169.1,20.0,6.663,6.296,170.0,1306.4,100.0,150.0,2.665,195.96,450.0,374.0,4,isolated_footings,1.691,2636.58,26.92,2153.9,1,1
1764637.5,8.97,6,196.1,20.0,13.566,12.509,680.0,5415.9,108.5,150.0,5.426,812.39,1218.6,1183.3,3,raft,13.73,26391.9,381.59,30527.0,1,2
378600.6,23.42,6,80.8,25.0,8.121,7.609,230.0,1941.0,100.0,150.0,3.248,291.15,450.0,508.0,6,raft,9.18,4864.01,50.44,4034.9,1,2
647214.6,20.8,10,226.1,20.0,9.71,9.039,350.0,2775.0,100.0,150.0,3.884,416.25,624.4,529.0,6,raft,7.38,8793.06,104.89,8391.3,1,2
417540.1,17.93,8,171.0,25.0,8.391,7.851,240.0,2071.9,100.0,150.0,3.356,310.78,466.2,462.4,5,isolated_footings,2.079,5373.33,55.84,4467.1,1,1
239083.3,18.93,8,182.0,30.0,6.967,6.571,150.0,1428.7,100.0,150.0,2.787,214.3,450.0,340.7,5,isolated_footings,1.485,2917.31,26.56,2125.1,1,1
395010.2,15.05,8,166.2,25.0,8.237,7.713,240.0,1996.7,100.0,150.0,3.295,299.5,450.0,450.7,4,isolated_footings,2.055,5105.94,53.75,4300.2,1,1
109166.3,8.62,6,217.2,25.0,5.365,5.129,150.0,847.2,100.0,150.0,2.146,127.07,450.0,300.0,3,isolated_footings,1.091,1410.04,16.27,1301.9,1,1
1873313.4,9.72,8,180.3,20.0,13.839,12.755,710.0,5636.1,110.7,150.0,5.535,845.41,1268.1,1060.0,3,raft,14.81,28238.15,413.86,33109.2,1,2
1805449.7,15.96,8,249.5,25.0,13.669,12.603,640.0,5499.1,109.4,150.0,5.468,824.87,1237.3,1025.0,4,raft,12.17,26405.26,366.51,29320.8,1,2
1878745.6,22.86,12,213.3,20.0,13.852,12.767,710.0,5647.0,110.8,150.0,5.541,847.04,1270.6,866.6,6,raft,13.63,28310.73,414.69,33175.3,1,2
1353974.9,9.05,8,142.2,20.0,12.419,11.477,570.0,4539.2,100.0,150.0,4.968,680.87,1021.3,884.9,3,raft,13.92,19678.51,270.12,21609.6,1,2
1922754.8,15.85,12,87.1,20.0,13.959,12.863,720.0,5734.8,111.7,150.0,5.584,860.22,1290.3,877.6,4,raft,21.61,29035.87,426.86,34148.8,1,3
1837390.5,22.74,6,224.1,20.0,13.75,12.675,700.0,5563.8,110.0,150.0,5.5,834.57,1251.8,1210.6,6,isolated_footings,4.754,27624.05,403.04,32243.4,1,1
1343849.6,13.13,12,208.7,30.0,12.388,11.449,460.0,4516.5,100.0,150.0,4.955,677.48,1016.2,697.7,4,raft,11.1,18353.98,221.01,17680.9,1,2
441817.6,13.13,12,209.8,25.0,8.55,7.995,250.0,2151.4,100.0,150.0,3.42,322.72,484.1,389.3,4,raft,6.18,5712.21,60.12,4809.8,1,2
1891282.2,14.82,12,144.1,25.0,13.883,12.794,660.0,5672.0,111.1,150.0,5.553,850.81,1276.2,858.7,4,raft,16.44,27797.01,389.35,31147.7,1,2
96476.6,9.67,12,183.6,25.0,5.149,4.934,150.0,780.2,100.0,150.0,2.059,117.02,450.0,300.0,3,isolated_footings,0.793,1258.74,15.08,1206.0,1,1
1020348.5,20.58,10,211.0,30.0,11.302,10.471,380.0,3759.0,100.0,150.0,4.521,563.84,845.8,657.7,6,raft,9.5,13590.88,154.19,12334.8,1,2
157475.3,21.3,8,241.0,25.0,6.062,5.756,150.0,1081.5,100.0,150.0,2.425,162.23,450.0,300.0,6,isolated_footings,1.062,1977.78,20.44,1635.4,1,1
1789580.4,19.97,8,189.0,30.0,13.629,12.566,550.0,5466.8,109.0,150.0,5.452,820.03,1230.0,997.7,5,raft,13.62,25016.12,317.01,25361.1,1,2
143514.3,8.45,10,145.4,25.0,5.877,5.59,150.0,1016.6,100.0,150.0,2.351,152.5,450.0,300.0,3,isolated_footings,1.172,1814.84,19.29,1543.4,1,1
1930164.9,8.84,12,205.6,30.0,13.977,12.879,580.0,5749.5,111.8,150.0,5.591,862.43,1293.6,849.4,3,raft,13.61,27201.7,350.66,28052.7,1,2
1705980.6,16.14,6,234.8,20.0,13.414,12.372,670.0,5295.2,107.3,150.0,5.365,794.28,1191.4,1162.7,5,isolated_footings,4.461,25484.35,367.72,29417.8,1,1
941605.8,10.97,8,201.1,20.0,11.003,10.203,450.0,3563.0,100.0,150.0,4.401,534.45,801.7,725.6,3,raft,9.6,13230.74,169.88,13590.6,1,2
1442367.4,15.92,6,87.7,25.0,12.684,11.715,550.0,4734.6,101.5,150.0,5.074,710.19,1065.3,1045.3,4,raft,18.14,20596.41,273.03,21842.6,1,3
451758.2,19.03,10,80.8,20.0,8.614,8.052,280.0,2183.6,100.0,150.0,3.445,327.54,491.3,436.6,5,raft,10.19,5987.65,67.34,5387.5,1,2
1336208.7,22.64,10,247.3,25.0,12.365,11.428,520.0,4499.4,100.0,150.0,4.946,674.91,1012.4,775.8,6,raft,10.35,18907.81,246.09,19687.0,1,2
1661815.8,13.95,12,87.6,20.0,13.297,12.267,660.0,5203.4,106.4,150.0,5.319,780.52,1170.8,810.6,4,raft,19.9,24772.52,356.14,28491.4,1,3
1217565.7,17.95,10,229.9,25.0,11.987,11.089,490.0,4228.9,100.0,150.0,4.795,634.34,951.5,737.6,5,raft,10.2,17090.62,218.77,17501.5,1,2
1376771.7,19.36,10,114.8,30.0,12.488,11.54,460.0,4590.0,100.0,150.0,4.995,688.5,1032.7,772.8,5,raft,15.13,18761.06,224.7,17976.3,1,2
1486435.5,12.36,6,150.7,25.0,12.812,11.83,560.0,4830.6,102.5,150.0,5.125,724.59,1086.9,1062.4,4,raft,14.06,21277.37,283.42,22673.3,1,2
785406.9,21.48,8,218.8,25.0,10.357,9.622,370.0,3157.2,100.0,150.0,4.143,473.58,710.4,650.6,6,isolated_footings,2.585,10636.93,125.84,10066.9,1,1
544179.7,8.17,12,87.1,25.0,9.165,8.549,290.0,2472.1,100.0,150.0,3.666,370.81,556.2,435.8,3,raft,10.73,7159.24,78.9,6312.4,1,2
301332.1,19.03,6,188.4,20.0,7.526,7.074,210.0,1667.0,100.0,150.0,3.01,250.05,450.0,452.7,5,isolated_footings,1.939,3863.6,40.35,3227.8,1,1
359901.5,20.66,6,111.2,25.0,7.985,7.487,220.0,1876.5,100.0,150.0,3.194,281.48,450.0,493.9,6,isolated_footings,2.753,4597.32,47.02,3761.3,1,1
376365.1,19.84,12,128.4,25.0,8.105,7.595,230.0,1933.3,100.0,150.0,3.242,290.0,450.0,358.2,5,raft,7.26,4837.55,50.24,4019.6,1,2
605174.4,17.12,6,209.4,25.0,9.495,8.846,310.0,2653.5,100.0,150.0,3.798,398.03,597.0,652.2,5,isolated_footings,2.65,8018.71,89.98,7198.4,1,1
1654611.1,22.14,6,174.3,25.0,13.278,12.25,600.0,5188.4,106.2,150.0,5.311,778.26,1167.4,1126.7,6,raft,13.87,23929.33,325.17,26013.7,1,2
441536.9,16.29,6,159.7,20.0,8.548,7.993,270.0,2150.5,100.0,150.0,3.419,322.58,483.9,555.3,5,isolated_footings,2.583,5812.17,64.23,5138.3,1,1
267242.9,8.61,12,111.4,30.0,7.231,6.808,160.0,1538.8,100.0,150.0,2.892,230.82,450.0,300.0,3,raft,6.42,3274.59,29.97,2397.8,1,2
1622497.8,11.87,10,154.5,20.0,13.191,12.172,650.0,5121.0,105.5,150.0,5.276,768.16,1152.2,876.4,3,raft,14.79,24127.95,345.4,27631.9,1,2
911946.4,20.31,8,210.7,30.0,10.886,10.098,350.0,3487.8,100.0,150.0,4.355,523.17,784.7,691.5,6,isolated_footings,2.801,12017.77,132.7,10616.1,1,1
669946.6,17.1,8,138.0,25.0,9.823,9.141,330.0,2839.6,100.0,150.0,3.929,425.94,638.9,596.3,5,raft,9.52,8936.55,101.94,8155.6,1,2
1847587.6,13.6,8,233.3,20.0,13.775,12.697,700.0,5584.3,110.2,150.0,5.51,837.65,1256.5,1051.0,4,raft,12.91,27760.02,404.58,32366.5,1,2
813058.1,10.45,10,166.0,20.0,10.478,9.73,410.0,3230.8,100.0,150.0,4.191,484.63,726.9,599.4,3,raft,9.76,11287.01,141.27,11301.6,1,2
408728.2,11.11,12,84.3,25.0,8.331,7.798,240.0,2042.6,100.0,150.0,3.332,306.4,459.6,373.8,3,raft,9.36,5268.85,55.02,4401.9,1,2
185296.6,11.93,10,174.7,20.0,6.4,6.06,160.0,1205.4,100.0,150.0,2.56,180.82,450.0,300.0,3,isolated_footings,1.211,2329.26,23.79,1903.4,1,1
1116890.5,13.08,6,196.4,25.0,11.647,10.783,470.0,3992.5,100.0,150.0,4.659,598.87,898.3,910.4,4,isolated_footings,3.819,15623.46,198.58,15886.2,1,1
1060192.3,8.28,8,203.1,25.0,11.447,10.602,450.0,3856.2,100.0,150.0,4.579,578.43,867.6,765.4,3,raft,10.08,14722.71,184.22,14738.0,1,2
772225.7,10.3,6,196.3,20.0,10.299,9.569,400.0,3121.8,100.0,150.0,4.12,468.26,702.4,753.4,3,isolated_footings,3.161,10699.66,133.38,10670.6,1,1
793366.1,17.0,12,210.7,20.0,10.392,9.653,400.0,3178.5,100.0,150.0,4.157,476.77,715.2,539.3,5,raft,8.54,10963.81,135.87,10869.5,1,2
1721155.9,20.19,6,175.8,20.0,13.453,12.408,670.0,5326.6,107.6,150.0,5.381,798.99,1198.5,1167.3,6,raft,14.3,25685.7,369.97,29597.8,1,2
88597.0,21.18,12,239.3,30.0,5.005,4.804,150.0,737.1,100.0,150.0,2.002,110.56,450.0,300.0,6,isolated_footings,0.668,1164.19,14.3,1144.2,1,1
802806.8,18.97,12,156.4,30.0,10.433,9.69,330.0,3203.6,100.0,150.0,4.173,480.54,720.8,528.8,5,raft,9.72,10542.99,115.43,9234.2,1,2
513454.6,15.85,10,138.7,30.0,8.989,8.39,240.0,2378.1,100.0,150.0,3.596,356.72,535.1,455.0,4,raft,8.1,6503.04,64.39,5151.5,1,2
937219.3,22.71,8,157.2,25.0,10.986,10.187,410.0,3551.9,100.0,150.0,4.394,532.79,799.2,714.6,6,raft,10.69,12834.06,155.69,12455.4,1,2
486487.7,12.59,8,243.7,25.0,8.829,8.246,270.0,2294.1,100.0,150.0,3.532,344.12,516.2,502.7,4,isolated_footings,1.893,6352.0,68.65,5492.3,1,1
1998323.9,22.11,10,205.8,25.0,14.14,13.026,680.0,5884.1,113.1,150.0,5.656,882.61,1323.9,968.7,6,raft,14.16,29480.15,415.72,33257.7,1,2
1620628.4,10.3,12,149.8,30.0,13.186,12.168,520.0,5117.1,105.5,150.0,5.274,767.57,1151.3,772.6,3,raft,14.51,22505.46,281.21,22497.1,1,2
1710783.1,23.8,8,222.8,25.0,13.426,12.384,620.0,5305.2,107.4,150.0,5.37,795.77,1193.7,995.6,6,raft,12.51,24910.98,342.95,27436.1,1,2
455796.8,14.49,12,158.3,25.0,8.639,8.075,260.0,2196.6,100.0,150.0,3.456,329.49,494.2,396.6,4,raft,7.24,5931.02,63.54,5082.8,1,2
915591.1,14.22,10,137.4,30.0,10.901,10.111,350.0,3497.1,100.0,150.0,4.36,524.56,786.8,619.6,4,raft,11.09,12061.71,133.07,10645.2,1,2
827822.0,19.57,8,121.8,30.0,10.541,9.787,330.0,3269.8,100.0,150.0,4.216,490.48,735.7,656.8,5,raft,11.17,10843.51,117.89,9431.0,1,2
422381.9,11.11,10,233.1,30.0,8.423,7.881,210.0,2087.9,100.0,150.0,3.369,313.18,469.8,410.0,3,isolated_footings,1.579,5280.24,50.27,4021.3,1,1
1731755.4,20.67,10,189.5,20.0,13.481,12.433,670.0,5348.4,107.8,150.0,5.392,802.26,1203.4,906.7,6,raft,13.82,25826.25,371.54,29723.2,1,2
816017.6,15.52,12,131.1,30.0,10.49,9.741,330.0,3238.7,100.0,150.0,4.196,485.8,728.7,532.8,4,raft,10.69,10701.77,116.73,9338.4,1,2
853629.8,11.19,10,173.8,20.0,10.649,9.884,420.0,3337.5,100.0,150.0,4.26,500.62,750.9,614.8,3,raft,9.78,11874.42,149.26,11940.7,1,2
1336320.3,22.99,12,110.7,25.0,12.365,11.428,520.0,4499.6,100.0,150.0,4.946,674.94,1012.4,708.2,6,raft,15.47,18909.23,246.1,19688.1,1,2
96479.0,11.3,8,126.5,30.0,5.149,4.934,150.0,780.2,100.0,150.0,2.059,117.03,450.0,300.0,3,isolated_footings,1.17,1258.77,15.08,1206.1,1,1
1377228.8,20.31,12,177.8,20.0,12.49,11.541,580.0,4591.0,100.0,150.0,4.996,688.65,1033.0,730.0,6,raft,12.58,20089.92,277.68,22214.8,1,2
343832.4,13.06,8,227.6,20.0,7.865,7.378,230.0,1820.3,100.0,150.0,3.146,273.04,450.0,420.9,4,isolated_footings,1.64,4451.41,47.4,3792.4,1,1
1537109.5,15.79,6,195.0,20.0,12.956,11.96,620.0,4939.8,103.6,150.0,5.182,740.96,1111.4,1095.9,4,raft,12.75,22639.95,318.54,25483.0,1,2
217212.6,8.14,6,136.4,20.0,6.748,6.373,170.0,1340.2,100.0,150.0,2.699,201.02,450.0,380.7,3,isolated_footings,1.916,2731.71,27.58,2206.6,1,1
660923.1,22.43,8,206.4,20.0,9.779,9.101,360.0,2814.1,100.0,150.0,3.911,422.11,633.2,599.4,6,isolated_footings,2.453,9029.52,109.11,8729.0,1,1
649745.6,9.06,10,179.2,25.0,9.723,9.051,330.0,2782.3,100.0,150.0,3.889,417.34,626.0,526.0,3,raft,8.24,8690.61,99.83,7986.1,1,2
976420.3,19.26,10,131.6,30.0,11.137,10.323,370.0,3650.3,100.0,150.0,4.455,547.54,821.3,642.5,5,raft,11.75,12968.73,146.09,11687.4,1,2
361634.2,22.09,8,150.6,30.0,7.998,7.498,190.0,1882.6,100.0,150.0,3.199,282.38,450.0,422.3,6,isolated_footings,2.023,4482.09,41.74,3338.8,1,1
1824951.4,14.55,12,199.0,25.0,13.718,12.647,640.0,5538.6,109.7,150.0,5.487,830.8,1246.2,840.9,4,raft,13.7,26659.93,369.24,29538.9,1,2
1395429.2,22.46,6,192.9,20.0,12.545,11.59,580.0,4631.3,100.4,150.0,5.018,694.7,1042.1,1038.5,6,raft,12.15,20326.97,280.21,22416.5,1,2
1822910.4,9.55,6,103.1,25.0,13.713,12.642,640.0,5534.5,109.7,150.0,5.485,830.18,1245.3,1188.7,3,raft,19.03,26633.29,368.95,29516.2,1,3
971985.5,15.63,6,179.6,25.0,11.12,10.308,420.0,3639.2,100.0,150.0,4.448,545.88,818.8,841.6,4,isolated_footings,3.691,13351.99,163.12,13049.5,1,1
1865337.3,17.36,8,156.0,20.0,13.819,12.737,710.0,5620.1,110.6,150.0,5.528,843.01,1264.5,1058.0,5,raft,15.89,28131.54,412.65,33012.1,1,2
1942078.6,23.15,10,230.6,20.0,14.006,12.905,730.0,5773.2,112.0,150.0,5.602,865.97,1299.0,967.9,6,raft,13.37,29433.01,435.35,34828.3,1,2
1778656.9,9.1,8,186.1,30.0,13.601,12.541,550.0,5444.6,108.8,150.0,5.441,816.69,1225.0,994.9,3,raft,13.68,24878.09,315.67,25253.7,1,2
817550.7,10.39,8,243.5,25.0,10.497,9.747,380.0,3242.7,100.0,150.0,4.199,486.41,729.6,664.9,3,isolated_footings,2.505,11109.61,132.46,10596.6,1,1
620081.5,20.68,6,140.3,25.0,9.573,8.916,320.0,2696.9,100.0,150.0,3.829,404.54,606.8,662.1,6,isolated_footings,3.286,8263.77,94.09,7527.0,1,1
81113.3,22.26,12,248.6,25.0,4.859,4.673,150.0,695.0,100.0,150.0,1.944,104.24,450.0,300.0,6,isolated_footings,0.629,1073.92,13.54,1083.6,1,1
1709943.0,11.07,10,246.9,20.0,13.424,12.382,670.0,5303.4,107.4,150.0,5.37,795.51,1193.3,901.6,3,raft,12.03,25536.94,368.31,29464.9,1,2
1004737.6,22.49,6,190.4,30.0,11.244,10.419,380.0,3720.5,100.0,150.0,4.497,558.08,837.1,843.2,6,isolated_footings,3.592,13401.11,152.56,12205.0,1,1
647940.4,15.18,12,137.4,25.0,9.714,9.043,330.0,2777.1,100.0,150.0,3.886,416.57,624.8,479.5,4,raft,9.4,8668.61,99.64,7970.9,1,2
1512495.4,20.16,12,192.1,25.0,12.886,11.897,570.0,4886.9,103.1,150.0,5.154,733.03,1099.5,759.2,6,raft,12.59,21729.59,291.54,23323.0,1,2
1124984.5,10.09,6,204.9,20.0,11.675,10.808,510.0,4011.7,100.0,150.0,4.67,601.76,902.6,924.5,3,isolated_footings,3.797,16110.81,214.98,17198.1,1,1
640285.4,11.19,12,144.6,20.0,9.676,9.008,350.0,2755.2,100.0,150.0,3.87,413.28,619.9,480.6,3,raft,9.18,8707.61,104.12,8329.7,1,2
1405812.2,12.32,12,137.1,30.0,12.576,11.618,470.0,4654.3,100.6,150.0,5.03,698.14,1047.2,714.3,4,raft,14.02,19232.5,232.46,18596.5,1,2
1714572.0,20.55,12,200.2,20.0,13.436,12.393,670.0,5313.0,107.5,150.0,5.374,796.95,1195.4,824.0,6,raft,13.38,25598.36,369.0,29519.7,1,2
1888667.2,19.51,8,163.1,25.0,13.876,12.789,660.0,5666.8,111.0,150.0,5.551,850.02,1275.0,1051.0,5,raft,15.44,27762.72,388.97,31117.9,1,2
212446.9,15.2,6,216.9,25.0,6.698,6.329,160.0,1320.5,100.0,150.0,2.679,198.07,450.0,374.6,4,isolated_footings,1.495,2644.42,25.93,2074.4,1,1
1729884.3,22.33,6,217.8,20.0,13.476,12.428,670.0,5344.6,107.8,150.0,5.39,801.69,1202.5,1170.0,6,isolated_footings,4.66,25801.45,371.26,29701.0,1,1
523774.0,10.83,6,106.2,20.0,9.049,8.444,310.0,2409.9,100.0,150.0,3.62,361.48,542.2,610.7,3,raft,9.63,7029.02,81.49,6519.3,1,2
1568809.5,21.82,6,202.9,30.0,13.044,12.04,510.0,5007.4,104.4,150.0,5.218,751.12,1126.7,1073.8,6,isolated_footings,4.431,21732.97,270.14,21610.8,1,1
1623623.2,21.92,6,106.6,30.0,13.194,12.175,520.0,5123.4,105.6,150.0,5.278,768.51,1152.8,1093.6,6,raft,17.21,22543.11,281.58,22526.0,1,3
1933006.5,23.51,10,213.6,20.0,13.984,12.886,720.0,5755.2,111.9,150.0,5.594,863.27,1294.9,963.6,6,raft,13.83,29173.03,428.42,34274.0,1,2
1244502.1,8.9,8,113.9,30.0,12.075,11.168,430.0,4291.1,100.0,150.0,4.83,643.66,965.5,817.9,3,raft,14.38,16812.1,197.33,15786.2,1,2
1856795.8,10.97,6,80.7,30.0,13.798,12.718,570.0,5602.9,110.4,150.0,5.519,840.43,1260.6,1177.5,3,raft,21.3,26133.32,335.99,26879.2,1,3
504497.7,8.8,6,145.8,30.0,8.937,8.343,240.0,2350.4,100.0,150.0,3.575,352.56,528.8,582.6,3,isolated_footings,2.837,6398.07,63.62,5089.3,1,1
1082200.3,15.62,8,200.4,25.0,11.525,10.673,460.0,3909.4,100.0,150.0,4.61,586.41,879.6,774.9,4,raft,10.27,15092.12,190.59,15247.0,1,2
1230642.8,10.98,10,204.4,30.0,12.03,11.127,430.0,4259.2,100.0,150.0,4.812,638.87,958.3,727.8,3,raft,10.68,16641.9,195.82,15665.5,1,2
1736766.0,8.98,8,166.3,20.0,13.494,12.444,670.0,5358.7,108.0,150.0,5.398,803.81,1205.7,1015.0,3,raft,14.77,25892.67,372.28,29782.3,1,2
392909.3,11.16,8,229.3,30.0,8.222,7.7,200.0,1989.6,100.0,150.0,3.289,298.44,450.0,441.1,3,isolated_footings,1.712,4889.82,45.92,3673.7,1,1
1946811.2,19.2,6,112.0,25.0,14.017,12.916,670.0,5782.5,112.1,150.0,5.607,867.38,1301.1,1233.1,5,raft,18.93,28663.19,402.75,32220.0,1,3
1524758.2,11.64,12,188.0,30.0,12.921,11.929,500.0,4913.3,103.4,150.0,5.168,736.99,1105.5,747.4,3,raft,12.53,21061.58,260.13,20810.2,1,2
628603.0,14.6,10,117.1,25.0,9.616,8.955,320.0,2721.6,100.0,150.0,3.847,408.24,612.4,516.1,4,raft,10.0,8367.3,94.97,7597.8,1,2
1657713.7,19.77,6,191.3,30.0,13.286,12.257,520.0,5194.9,106.3,150.0,5.314,779.23,1168.8,1103.9,5,raft,12.97,22971.34,285.66,22853.1,1,2
540752.9,20.07,6,90.5,25.0,9.146,8.531,290.0,2461.7,100.0,150.0,3.658,369.25,553.9,614.5,6,raft,10.5,7117.98,78.56,6285.1,1,2
721235.3,19.73,12,93.6,30.0,10.067,9.361,300.0,2982.8,100.0,150.0,4.027,447.42,671.1,497.9,5,raft,11.82,9343.95,98.64,7891.3,1,2
919567.4,23.63,6,134.1,25.0,10.917,10.125,410.0,3507.2,100.0,150.0,4.367,526.08,789.1,818.1,6,raft,11.48,12615.04,153.68,12294.3,1,2
1411248.2,17.69,6,176.8,30.0,12.592,11.633,470.0,4666.3,100.7,150.0,5.037,699.94,1049.9,1011.9,5,raft,12.37,19300.09,233.08,18646.4,1,2
1687464.1,15.21,12,143.0,25.0,13.365,12.328,610.0,5256.8,106.9,150.0,5.346,788.53,1182.8,805.8,4,raft,15.49,24480.9,334.67,26773.4,1,2
1538654.3,13.02,8,118.8,20.0,12.96,11.964,620.0,4943.1,103.7,150.0,5.184,741.46,1112.2,949.5,4,raft,16.35,22660.24,318.76,25500.7,1,2
133264.0,13.65,12,229.6,25.0,5.734,5.461,150.0,967.6,100.0,150.0,2.294,145.14,450.0,300.0,4,isolated_footings,0.823,1694.67,18.42,1473.7,1,1
1850719.7,21.54,12,158.8,25.0,13.783,12.704,650.0,5590.7,110.3,150.0,5.513,838.6,1257.9,848.3,6,raft,15.47,27130.39,378.2,30255.8,1,2
931744.0,10.27,12,151.3,20.0,10.964,10.168,450.0,3538.1,100.0,150.0,4.386,530.71,796.1,589.6,3,raft,11.01,13106.07,168.67,13493.3,1,2
1753055.4,20.61,12,248.3,30.0,13.536,12.482,540.0,5392.2,108.3,150.0,5.414,808.83,1213.2,804.9,6,raft,11.74,24424.83,307.33,24586.7,1,2
341298.7,13.85,12,214.5,30.0,7.845,7.361,190.0,1811.3,100.0,150.0,3.138,271.7,450.0,335.7,4,isolated_footings,1.347,4247.23,40.22,3217.5,1,1
1815456.5,10.42,8,116.9,20.0,13.695,12.625,690.0,5519.4,109.6,150.0,5.478,827.91,1241.9,1040.3,3,raft,18.05,27198.8,394.42,31553.9,1,3
813018.7,10.4,10,113.6,25.0,10.477,9.73,380.0,3230.7,100.0,150.0,4.191,484.61,726.9,593.2,3,raft,11.67,11053.72,131.95,10556.3,1,2
814852.2,12.86,10,118.7,25.0,10.485,9.737,380.0,3235.6,100.0,150.0,4.194,485.34,728.0,593.8,4,raft,11.43,11076.34,132.16,10572.6,1,2
1233308.7,15.99,12,241.0,20.0,12.039,11.135,540.0,4265.3,100.0,150.0,4.815,639.8,959.7,687.2,4,raft,10.17,17801.55,241.19,19294.9,1,2
1000317.2,18.65,10,243.4,20.0,11.227,10.404,470.0,3709.6,100.0,150.0,4.491,556.44,834.7,671.1,5,raft,9.02,14149.23,184.18,14734.2,1,2
1908253.1,19.3,10,104.1,30.0,13.924,12.832,580.0,5705.9,111.4,150.0,5.57,855.89,1283.8,925.7,5,raft,19.04,26923.1,347.9,27831.7,1,3
1889509.1,20.86,12,163.4,25.0,13.878,12.791,660.0,5668.5,111.0,150.0,5.551,850.27,1275.4,858.3,6,raft,15.43,27773.76,389.09,31127.5,1,2
1281441.8,13.42,10,196.3,25.0,12.193,11.274,510.0,4375.6,100.0,150.0,4.877,656.34,984.5,759.2,4,raft,11.37,18105.88,234.95,18796.3,1,2
1242672.2,17.59,10,138.0,25.0,12.069,11.162,500.0,4286.9,100.0,150.0,4.828,643.03,964.5,746.6,5,raft,13.33,17510.38,225.96,18076.6,1,2
1623892.4,21.83,10,176.1,25.0,13.195,12.175,600.0,5124.0,105.6,150.0,5.278,768.6,1152.9,865.5,6,raft,13.68,23531.05,320.99,25679.2,1,2
173093.7,15.15,12,121.8,25.0,6.256,5.931,150.0,1151.9,100.0,150.0,2.503,172.79,450.0,300.0,4,raft,4.98,2159.17,21.69,1735.1,1,2
1392149.5,22.56,10,187.8,25.0,12.535,11.581,540.0,4624.1,100.3,150.0,5.014,693.61,1040.4,794.7,6,raft,12.17,19839.99,261.98,20958.4,1,2
1584272.0,16.88,10,198.7,20.0,13.087,12.078,640.0,5040.3,104.7,150.0,5.235,756.04,1134.1,864.9,5,raft,12.87,23500.72,334.93,26794.5,1,2
1932674.1,20.51,8,200.4,30.0,13.983,12.885,580.0,5754.5,111.9,150.0,5.593,863.18,1294.8,1041.0,6,raft,13.8,27233.6,350.98,28078.0,1,2
512184.9,21.11,12,175.8,20.0,8.982,8.384,300.0,2374.2,100.0,150.0,3.593,356.13,534.2,425.7,6,raft,7.38,6830.31,77.97,6237.6,1,2
661247.1,22.09,12,207.5,30.0,9.78,9.102,290.0,2815.0,100.0,150.0,3.912,422.25,633.4,476.5,6,raft,7.6,8560.25,90.22,7217.4,1,2
677227.1,16.47,12,182.4,30.0,9.858,9.172,290.0,2860.2,100.0,150.0,3.943,429.03,643.5,481.8,5,raft,8.2,8750.29,91.71,7337.0,1,2
568714.3,15.19,8,214.5,25.0,9.301,8.671,300.0,2545.8,100.0,150.0,3.72,381.88,572.8,546.8,4,isolated_footings,2.195,7515.4,83.78,6702.2,1,1
1438219.9,13.82,6,160.5,20.0,12.672,11.704,600.0,4725.5,101.4,150.0,5.069,708.83,1063.2,1058.3,4,raft,13.57,21110.68,295.19,23615.1,1,2
1284486.2,13.24,12,175.5,25.0,12.203,11.283,510.0,4382.5,100.0,150.0,4.881,657.37,986.1,693.8,4,raft,12.03,18144.51,235.33,18826.8,1,2
1915501.9,15.76,10,182.8,30.0,13.942,12.848,580.0,5720.4,111.5,150.0,5.577,858.05,1287.1,927.3,4,raft,14.39,27015.29,348.81,27905.0,1,2
440113.8,20.97,8,242.8,30.0,8.539,7.985,220.0,2145.9,100.0,150.0,3.416,321.89,482.8,469.4,6,isolated_footings,1.771,5537.32,53.78,4302.2,1,1
1229908.7,12.73,6,205.0,20.0,12.028,11.125,540.0,4257.5,100.0,150.0,4.811,638.62,957.9,970.6,4,isolated_footings,3.985,17757.71,240.73,19258.6,1,1
1070829.3,16.07,8,214.4,25.0,11.485,10.636,450.0,3881.9,100.0,150.0,4.594,582.29,873.4,768.8,5,raft,9.85,14855.92,185.49,14838.9,1,2
1416259.9,21.64,10,124.4,20.0,12.607,11.646,590.0,4677.3,100.9,150.0,5.043,701.6,1052.4,811.9,6,raft,15.27,20710.48,287.58,23006.4,1,2
627401.6,8.46,12,93.4,25.0,9.61,8.949,320.0,2718.1,100.0,150.0,3.844,407.72,611.6,470.7,3,raft,11.19,8352.71,94.85,7587.9,1,2
1562804.0,23.89,12,186.4,30.0,13.027,12.025,500.0,4994.6,104.2,150.0,5.211,749.2,1123.8,755.8,6,raft,12.72,21537.63,264.62,21169.4,1,2
356107.9,15.11,10,98.3,25.0,7.957,7.461,220.0,1863.3,100.0,150.0,3.183,279.5,450.0,380.7,4,raft,8.05,4552.6,46.7,3735.7,1,2
939089.3,11.16,12,128.4,30.0,10.993,10.194,360.0,3556.6,100.0,150.0,4.397,533.5,800.2,574.2,3,raft,11.64,12430.12,138.82,11105.5,1,2
300644.6,23.3,6,88.9,25.0,7.52,7.068,200.0,1664.5,100.0,150.0,3.008,249.67,450.0,449.9,6,raft,7.75,3815.5,38.69,3095.1,1,2
1127521.5,13.9,10,221.4,25.0,11.684,10.816,470.0,4017.8,100.0,150.0,4.674,602.67,904.0,708.2,4,raft,9.98,15757.32,199.87,15989.4,1,2
1122747.9,18.06,10,147.2,25.0,11.668,10.801,470.0,4006.4,100.0,150.0,4.667,600.96,901.4,706.9,5,raft,12.22,15697.23,199.29,15943.0,1,2
1245510.0,20.17,10,135.1,30.0,12.078,11.17,430.0,4293.4,100.0,150.0,4.831,644.01,966.0,731.8,6,raft,13.21,16824.47,197.44,15795.0,1,2
126793.9,16.19,8,164.4,20.0,5.64,5.376,150.0,936.1,100.0,150.0,2.256,140.41,450.0,300.0,5,isolated_footings,1.163,1618.55,17.86,1428.8,1,1
322827.3,9.64,8,239.8,20.0,7.701,7.231,220.0,1745.3,100.0,150.0,3.08,261.8,450.0,406.8,3,isolated_footings,1.544,4159.05,43.84,3507.6,1,1
229125.8,13.77,10,137.5,25.0,6.869,6.482,170.0,1388.7,100.0,150.0,2.748,208.31,450.0,302.3,4,raft,5.41,2870.35,28.53,2282.4,1,2
719967.5,9.11,12,172.7,30.0,10.061,9.355,300.0,2979.3,100.0,150.0,4.025,446.89,670.3,497.4,3,raft,8.7,9328.86,98.52,7881.7,1,2
861888.2,20.64,8,173.2,20.0,10.683,9.915,420.0,3358.9,100.0,150.0,4.273,503.84,755.8,690.4,6,raft,9.84,11977.98,150.25,12019.6,1,2
1638010.1,15.18,6,209.7,25.0,13.233,12.21,600.0,5153.6,105.9,150.0,5.293,773.04,1159.6,1121.6,4,isolated_footings,4.554,23714.16,322.91,25833.1,1,1
493422.5,8.9,6,88.9,30.0,8.871,8.284,240.0,2315.9,100.0,150.0,3.548,347.38,521.1,576.7,3,raft,9.94,6268.14,62.65,5012.0,1,2
489763.7,8.68,8,208.9,20.0,8.849,8.264,290.0,2304.4,100.0,150.0,3.54,345.66,518.5,508.6,3,isolated_footings,2.068,6501.92,73.4,5871.9,1,1
1911121.0,10.2,10,134.9,30.0,13.931,12.838,580.0,5711.6,111.4,150.0,5.572,856.75,1285.1,926.4,3,raft,16.73,26959.58,348.26,27860.7,1,2
1357012.9,8.31,10,163.7,30.0,12.428,11.486,460.0,4545.9,100.0,150.0,4.971,681.89,1022.8,767.7,3,raft,12.59,18516.83,222.49,17799.3,1,2
1443747.2,14.64,6,86.8,30.0,12.688,11.719,480.0,4737.6,101.5,150.0,5.075,710.65,1066.0,1025.4,4,raft,17.88,19817.59,241.35,19308.2,1,3
120210.9,11.67,12,81.2,30.0,5.54,5.286,150.0,903.4,100.0,150.0,2.216,135.51,450.0,300.0,3,raft,5.15,1540.89,17.28,1382.2,1,2
207223.5,22.11,8,147.5,20.0,6.643,6.279,170.0,1298.8,100.0,150.0,2.657,194.81,450.0,322.6,6,isolated_footings,1.561,2615.15,26.77,2141.9,1,1
1095648.5,22.64,10,125.2,25.0,11.573,10.716,460.0,3941.7,100.0,150.0,4.629,591.25,886.9,697.0,6,raft,13.07,15261.05,192.2,15376.2,1,2
1046215.3,10.56,8,208.2,25.0,11.396,10.557,450.0,3822.2,100.0,150.0,4.559,573.33,860.0,760.8,3,raft,9.89,14547.52,182.56,14604.9,1,2
702247.2,13.23,10,146.7,30.0,9.978,9.28,300.0,2930.2,100.0,150.0,3.991,439.53,659.3,538.7,4,raft,9.33,9117.68,96.85,7747.8,1,2
606494.4,8.46,12,114.8,20.0,9.502,8.852,340.0,2657.4,100.0,150.0,3.801,398.61,597.9,467.1,3,raft,10.02,8226.16,97.77,7821.9,1,2
131237.2,20.87,8,114.0,30.0,5.705,5.434,150.0,957.8,100.0,150.0,2.282,143.67,450.0,300.0,6,isolated_footings,1.419,1670.85,18.25,1459.7,1,1
1484619.9,12.78,8,230.7,25.0,12.806,11.826,560.0,4826.6,102.5,150.0,5.123,724.0,1086.0,919.6,4,raft,11.36,21254.03,283.18,22654.2,1,2
753829.7,8.87,8,176.4,25.0,10.217,9.495,360.0,3072.0,100.0,150.0,4.087,460.8,691.2,636.3,3,raft,8.99,10174.25,119.4,9551.8,1,2
472771.8,8.38,6,116.8,20.0,8.745,8.171,290.0,2250.8,100.0,150.0,3.498,337.62,506.4,577.9,3,raft,8.69,6295.74,71.64,5731.3,1,2
1727698.1,11.3,12,202.4,25.0,13.47,12.423,620.0,5340.1,107.8,150.0,5.388,801.01,1201.5,816.5,3,raft,13.19,25131.16,345.29,27623.0,1,2
1969247.5,17.63,8,236.5,25.0,14.071,12.964,680.0,5826.9,112.6,150.0,5.628,874.03,1311.0,1076.0,5,raft,13.13,29097.59,411.54,32923.4,1,2
1143618.2,12.57,8,93.2,20.0,11.739,10.866,510.0,4055.9,100.0,150.0,4.696,608.39,912.6,806.6,4,raft,15.67,16349.49,217.4,17391.9,1,3
1774604.1,21.64,6,225.7,25.0,13.591,12.532,630.0,5436.3,108.7,150.0,5.436,815.44,1223.2,1171.5,6,isolated_footings,4.584,25871.42,356.96,28556.5,1,1
1863810.9,12.86,12,203.9,20.0,13.815,12.734,710.0,5617.0,110.5,150.0,5.526,842.55,1263.8,863.5,4,raft,13.9,28111.13,412.42,32993.5,1,2
239603.7,13.89,8,245.1,30.0,6.972,6.575,150.0,1430.8,100.0,150.0,2.789,214.61,450.0,341.0,4,isolated_footings,1.281,2923.25,26.6,2128.0,1,1
1759067.0,9.22,12,191.1,25.0,13.551,12.496,630.0,5404.5,108.4,150.0,5.421,810.68,1216.0,825.2,3,raft,13.72,25668.85,354.8,28383.7,1,2
1552365.2,22.38,10,104.1,25.0,12.998,11.998,580.0,4972.4,104.0,150.0,5.199,745.86,1118.8,843.7,6,raft,17.34,22362.52,301.61,24128.5,1,3
1863745.2,22.2,8,100.5,30.0,13.815,12.734,570.0,5616.9,110.5,150.0,5.526,842.53,1263.8,1021.4,6,raft,19.12,26221.55,336.86,26948.9,1,3
1501308.0,18.91,6,229.6,25.0,12.854,11.869,570.0,4862.7,102.8,150.0,5.142,729.41,1094.1,1070.1,5,isolated_footings,4.151,21585.32,290.05,23203.7,1,1
390433.5,9.8,8,157.4,30.0,8.205,7.684,200.0,1981.2,100.0,150.0,3.282,297.18,450.0,439.8,3,isolated_footings,2.061,4861.17,45.74,3658.9,1,1
1405091.2,12.37,6,199.5,25.0,12.574,11.616,540.0,4652.7,100.6,150.0,5.029,697.9,1046.9,1030.2,4,isolated_footings,4.288,20005.79,263.66,21093.1,1,1
173403.5,19.07,8,91.1,30.0,6.26,5.934,150.0,1153.3,100.0,150.0,2.504,172.99,450.0,300.0,5,raft,5.77,2162.76,21.71,1737.0,1,2
785978.8,8.59,12,221.2,25.0,10.36,9.624,370.0,3158.7,100.0,150.0,4.144,473.81,710.7,531.4,3,raft,8.21,10643.97,125.9,10071.9,1,2
391294.6,8.21,6,191.6,25.0,8.211,7.69,230.0,1984.1,100.0,150.0,3.284,297.62,450.0,515.8,3,isolated_footings,2.19,5014.1,51.52,4121.5,1,1
1434308.4,19.5,8,216.3,20.0,12.66,11.694,590.0,4717.0,101.3,150.0,5.064,707.55,1061.3,912.9,5,raft,11.65,20946.14,290.1,23208.2,1,2
1358923.0,23.41,8,119.9,25.0,12.434,11.491,530.0,4550.2,100.0,150.0,4.974,682.53,1023.8,876.4,6,raft,15.02,19305.47,253.31,20264.5,1,2
1630190.2,23.93,6,228.5,25.0,13.212,12.191,600.0,5137.2,105.7,150.0,5.285,770.58,1155.9,1119.2,6,isolated_footings,4.353,23612.75,321.85,25747.9,1,1
1139941.6,19.25,8,201.6,30.0,11.727,10.854,410.0,4047.2,100.0,150.0,4.691,607.08,910.6,781.0,5,raft,10.32,15330.34,178.04,14243.1,1,2
142224.3,13.82,10,157.6,25.0,5.86,5.574,150.0,1010.5,100.0,150.0,2.344,151.58,450.0,300.0,4,isolated_footings,1.121,1799.74,19.18,1534.7,1,1
1111951.9,13.97,10,203.5,30.0,11.63,10.767,400.0,3980.7,100.0,150.0,4.652,597.1,895.7,688.5,4,raft,10.12,14891.98,171.21,13696.6,1,2
334106.6,19.76,10,149.2,30.0,7.79,7.311,180.0,1785.8,100.0,150.0,3.116,267.87,450.0,362.2,5,raft,6.22,4121.11,37.96,3036.8,1,2
833469.4,15.48,10,210.4,20.0,10.565,9.808,420.0,3284.7,100.0,150.0,4.226,492.7,739.1,608.2,4,raft,8.79,11621.32,146.84,11747.3,1,2
1637743.6,20.03,12,194.9,25.0,13.232,12.209,600.0,5153.1,105.9,150.0,5.293,772.96,1159.4,793.1,6,raft,13.05,23710.71,322.88,25830.2,1,2
752641.3,14.91,10,230.4,25.0,10.211,9.49,360.0,3068.7,100.0,150.0,4.085,460.31,690.5,568.7,4,raft,7.86,10159.67,119.27,9541.5,1,2
1853202.2,18.33,12,208.1,30.0,13.789,12.71,560.0,5595.6,110.3,150.0,5.516,839.35,1259.0,829.7,5,raft,13.22,25953.29,330.16,26413.1,1,2
370338.5,8.68,8,181.8,30.0,8.062,7.555,200.0,1912.6,100.0,150.0,3.225,286.9,450.0,429.1,3,isolated_footings,1.871,4628.35,44.21,3537.0,1,1
1283760.0,19.92,8,246.1,20.0,12.201,11.281,550.0,4380.8,100.0,150.0,4.88,657.13,985.7,859.3,5,raft,10.28,18556.18,252.08,20166.3,1,2
1658136.7,14.34,12,229.7,30.0,13.287,12.258,520.0,5195.8,106.3,150.0,5.315,779.36,1169.0,780.7,4,raft,11.84,22976.65,285.71,22857.2,1,2
1110793.6,16.31,6,123.3,30.0,11.626,10.763,400.0,3977.9,100.0,150.0,4.65,596.69,895.0,888.4,5,raft,13.0,14877.85,171.08,13686.7,1,2
1346042.0,10.64,8,196.3,25.0,12.395,11.455,530.0,4521.4,100.0,150.0,4.958,678.21,1017.3,872.7,3,raft,11.69,19141.29,251.67,20133.2,1,2
1003901.0,13.21,10,173.2,25.0,11.241,10.416,430.0,3718.5,100.0,150.0,4.496,557.77,836.7,663.7,4,raft,10.58,13837.49,170.34,13627.1,1,2
1070086.0,21.11,8,178.1,30.0,11.482,10.634,390.0,3880.1,100.0,150.0,4.593,582.02,873.0,754.0,6,raft,10.6,14287.45,163.03,13042.5,1,2
845597.0,20.03,6,118.4,30.0,10.616,9.854,340.0,3316.5,100.0,150.0,4.246,497.47,746.2,768.6,6,raft,11.48,11136.38,122.81,9824.6,1,2
934625.5,21.35,8,201.8,30.0,10.976,10.178,360.0,3545.4,100.0,150.0,4.39,531.8,797.7,701.7,6,raft,9.27,12376.12,138.37,11069.3,1,2
1609873.7,15.92,6,198.1,25.0,13.157,12.141,590.0,5094.4,105.3,150.0,5.263,764.17,1146.2,1110.1,4,raft,12.81,23226.74,314.18,25134.3,1,2
521575.0,14.5,8,172.1,20.0,9.036,8.433,310.0,2403.1,100.0,150.0,3.615,360.47,540.7,527.8,4,isolated_footings,2.365,7002.15,81.26,6500.5,1,1
1905523.6,11.06,6,85.3,20.0,13.917,12.826,720.0,5700.5,111.3,150.0,5.567,855.07,1282.6,1236.2,3,raft,21.75,28805.2,424.23,33938.0,1,3
453820.4,21.24,6,91.4,25.0,8.627,8.064,260.0,2190.2,100.0,150.0,3.451,328.54,492.8,559.8,6,raft,9.51,5907.41,63.35,5067.7,1,2
1904474.7,14.75,10,192.5,20.0,13.915,12.823,720.0,5698.4,111.3,150.0,5.566,854.76,1282.1,957.3,4,raft,14.47,28791.15,424.06,33925.1,1,2
1410746.1,12.8,12,143.7,25.0,12.59,11.631,540.0,4665.2,100.7,150.0,5.036,699.78,1049.7,729.8,4,raft,13.99,20078.19,264.4,21151.8,1,2
885621.6,17.44,12,188.0,30.0,10.78,10.002,350.0,3420.3,100.0,150.0,4.312,513.05,769.6,557.1,5,raft,9.34,11700.13,130.06,10404.7,1,2
131656.0,15.86,6,165.0,25.0,5.711,5.44,150.0,959.8,100.0,150.0,2.284,143.97,450.0,301.7,4,isolated_footings,1.365,1675.77,18.28,1462.6,1,1
110528.6,19.21,12,208.0,20.0,5.387,5.149,150.0,854.2,100.0,150.0,2.155,128.13,450.0,300.0,5,isolated_footings,0.793,1426.22,16.4,1312.0,1,1
874268.3,17.39,10,241.4,30.0,10.734,9.961,340.0,3391.0,100.0,150.0,4.294,508.65,763.0,604.5,5,raft,8.16,11481.51,125.65,10052.3,1,2
1006101.5,8.44,6,243.7,20.0,11.249,10.424,470.0,3723.9,100.0,150.0,4.499,558.58,837.9,868.6,3,isolated_footings,3.271,14222.67,184.9,14792.3,1,1
976000.0,16.7,6,121.7,30.0,11.135,10.322,370.0,3649.2,100.0,150.0,4.454,547.39,821.1,829.3,5,raft,12.21,12963.63,146.05,11684.0,1,2
1281032.7,9.5,12,207.3,20.0,12.192,11.273,550.0,4374.6,100.0,150.0,4.877,656.2,984.3,700.9,3,raft,11.19,18520.97,251.71,20137.1,1,2
1227037.0,15.51,10,132.7,30.0,12.018,11.116,430.0,4250.8,100.0,150.0,4.807,637.62,956.4,726.9,4,raft,13.24,16597.6,195.43,15634.1,1,2
1716552.3,11.46,12,96.1,30.0,13.441,12.397,540.0,5317.1,107.5,150.0,5.377,797.56,1196.3,797.3,3,raft,18.68,23964.44,302.88,24230.5,1,3
300349.1,21.8,6,239.0,25.0,7.518,7.066,200.0,1663.4,100.0,150.0,3.007,249.5,450.0,449.7,6,isolated_footings,1.71,3812.03,38.67,3093.2,1,1
184744.2,10.9,10,198.5,25.0,6.394,6.054,150.0,1203.0,100.0,150.0,2.557,180.46,450.0,300.0,3,isolated_footings,1.127,2293.93,22.59,1807.3,1,1
1612550.0,16.57,6,123.0,20.0,13.164,12.148,640.0,5100.1,105.3,150.0,5.266,765.01,1147.5,1125.4,5,raft,16.48,23873.82,339.04,27123.1,1,2
1411522.3,15.86,12,129.9,20.0,12.593,11.633,590.0,4666.9,100.7,150.0,5.037,700.03,1050.0,740.1,4,raft,14.92,20648.58,286.92,22953.2,1,2
127642.2,17.62,12,98.6,20.0,5.652,5.387,150.0,940.2,100.0,150.0,2.261,141.03,450.0,300.0,5,raft,4.81,1628.55,17.93,1434.7,1,2
1938701.3,9.23,12,162.7,20.0,13.998,12.898,730.0,5766.5,112.0,150.0,5.599,864.97,1297.5,882.9,3,raft,15.91,29387.69,434.83,34786.7,1,2
805242.2,19.91,8,211.3,20.0,10.444,9.7,410.0,3210.1,100.0,150.0,4.178,481.52,722.3,667.2,5,isolated_footings,2.698,11189.08,140.34,11227.3,1,1
639439.4,11.57,12,118.9,25.0,9.671,9.004,320.0,2752.8,100.0,150.0,3.869,412.91,619.4,474.8,3,raft,10.01,8498.83,96.09,7687.5,1,2
1626416.1,23.17,6,97.3,20.0,13.202,12.182,650.0,5129.3,105.6,150.0,5.281,769.39,1154.1,1132.6,6,raft,18.66,24179.77,345.97,27677.9,1,3
307398.1,23.66,6,154.5,25.0,7.576,7.119,200.0,1689.3,100.0,150.0,3.031,253.39,450.0,454.6,6,isolated_footings,2.15,3894.67,39.24,3139.4,1,1
1598957.8,14.88,10,187.9,20.0,13.127,12.114,640.0,5071.4,105.0,150.0,5.251,760.71,1141.1,868.5,4,raft,13.29,23694.56,337.07,26965.4,1,2
866318.0,8.54,12,174.7,25.0,10.702,9.931,390.0,3370.4,100.0,150.0,4.281,505.57,758.3,559.2,3,raft,9.72,11790.64,141.06,11284.6,1,2
180530.2,9.4,10,160.7,30.0,6.345,6.01,150.0,1184.7,100.0,150.0,2.538,177.7,450.0,300.0,3,isolated_footings,1.24,2245.24,22.27,1781.4,1,1
1842585.2,22.51,8,100.6,20.0,13.763,12.686,700.0,5574.3,110.1,150.0,5.505,836.14,1254.2,1049.7,6,raft,19.64,27693.33,403.83,32306.2,1,3
218436.2,10.99,8,155.8,30.0,6.761,6.385,150.0,1345.2,100.0,150.0,2.704,201.78,450.0,326.6,3,isolated_footings,1.538,2681.35,25.1,2007.7,1,1
777967.9,12.21,6,245.0,30.0,10.325,9.592,320.0,3137.2,100.0,150.0,4.13,470.58,705.9,734.5,4,isolated_footings,2.758,10168.66,109.95,8795.9,1,1
411744.9,14.61,6,119.5,20.0,8.352,7.816,260.0,2052.7,100.0,150.0,3.341,307.9,461.9,535.4,4,isolated_footings,2.879,5403.23,59.25,4739.8,1,1
635669.1,19.95,12,81.9,20.0,9.652,8.987,350.0,2741.9,100.0,150.0,3.861,411.29,616.9,479.0,5,raft,12.16,8650.65,103.61,8288.5,1,2
1044882.3,8.19,10,179.5,20.0,11.391,10.552,480.0,3819.0,100.0,150.0,4.557,572.85,859.3,686.5,3,raft,10.75,14805.98,193.41,15472.8,1,2
641521.1,20.98,10,236.5,25.0,9.682,9.014,320.0,2758.7,100.0,150.0,3.873,413.81,620.7,520.9,6,isolated_footings,1.991,8524.08,96.31,7704.6,1,1
1612389.3,11.02,12,161.3,20.0,13.164,12.147,640.0,5099.7,105.3,150.0,5.265,764.96,1147.4,795.7,3,raft,14.4,23871.71,339.01,27121.2,1,2
243141.7,14.21,6,104.8,20.0,7.007,6.606,190.0,1444.8,100.0,150.0,2.803,216.72,450.0,405.7,4,isolated_footings,2.329,3102.39,32.4,2591.9,1,1
1722799.0,10.33,6,161.2,20.0,13.458,12.412,670.0,5330.0,107.7,150.0,5.383,799.5,1199.2,1167.8,3,raft,14.94,25707.49,370.21,29617.2,1,2
1154006.9,11.95,12,222.8,25.0,11.775,10.897,480.0,4080.4,100.0,150.0,4.71,612.07,918.1,655.3,3,raft,10.09,16188.41,206.98,16558.7,1,2
1878336.7,21.25,12,90.1,25.0,13.851,12.766,660.0,5646.1,110.8,150.0,5.54,846.92,1270.4,856.1,6,raft,20.72,27627.22,387.51,31000.5,1,3
133672.4,13.13,12,84.7,30.0,5.74,5.466,150.0,969.6,100.0,150.0,2.296,145.44,450.0,300.0,4,raft,5.3,1699.46,18.46,1476.5,1,2
1466665.7,13.98,12,183.1,20.0,12.755,11.779,600.0,4787.7,102.0,150.0,5.102,718.15,1077.2,754.9,4,raft,12.82,21483.02,299.2,23936.3,1,2
1509786.6,10.04,12,189.8,30.0,12.878,11.891,490.0,4881.0,103.0,150.0,5.151,732.16,1098.2,742.0,3,raft,12.38,20756.79,253.66,20292.9,1,2
356706.0,17.58,10,164.5,20.0,7.961,7.465,240.0,1865.4,100.0,150.0,3.185,279.81,450.0,384.7,5,raft,6.29,4649.26,50.33,4026.5,1,2
893846.0,8.49,6,175.5,30.0,10.814,10.032,350.0,3441.5,100.0,150.0,4.326,516.22,774.3,791.2,3,isolated_footings,3.511,11799.43,130.89,10470.9,1,1
1788718.4,10.33,6,142.8,25.0,13.627,12.564,640.0,5465.1,109.0,150.0,5.451,819.76,1229.6,1178.7,3,raft,16.03,26186.59,364.16,29133.0,1,2
597625.3,18.4,10,131.6,30.0,9.456,8.81,270.0,2631.4,100.0,150.0,3.782,394.71,592.1,494.3,5,raft,9.04,7674.49,79.1,6327.7,1,2
1230326.9,22.71,12,166.9,25.0,12.029,11.126,500.0,4258.4,100.0,150.0,4.812,638.76,958.1,678.5,6,raft,12.07,17353.98,224.42,17953.8,1,2
1526964.5,21.43,8,159.8,20.0,12.927,11.934,620.0,4918.0,103.4,150.0,5.171,737.7,1106.5,946.3,6,raft,14.05,22506.67,317.09,25366.9,1,2
1398276.9,23.6,6,122.8,25.0,12.553,11.598,540.0,4637.6,100.4,150.0,5.021,695.65,1043.5,1028.0,6,raft,15.07,19918.5,262.78,21022.3,1,2
1871613.7,22.0,8,133.2,25.0,13.834,12.751,650.0,5632.7,110.7,150.0,5.534,844.9,1267.3,1044.2,6,raft,16.97,27403.71,381.14,30491.0,1,2
1819074.4,17.06,10,245.3,20.0,13.704,12.633,700.0,5526.7,109.6,150.0,5.481,829.01,1243.5,933.6,5,raft,12.5,27379.66,400.27,32021.9,1,2
1660183.7,16.28,12,127.3,30.0,13.293,12.263,530.0,5200.0,106.3,150.0,5.317,780.0,1170.0,783.2,5,raft,15.95,23127.24,290.96,23276.5,1,2
876503.8,18.55,8,216.4,30.0,10.743,9.969,340.0,3396.8,100.0,150.0,4.297,509.52,764.3,676.7,5,isolated_footings,2.704,11508.39,125.87,10070.0,1,1
625279.8,18.99,10,201.1,30.0,9.599,8.94,280.0,2712.0,100.0,150.0,3.84,406.8,610.2,506.7,5,raft,7.49,8066.39,84.21,6736.5,1,2
676227.9,20.77,8,99.9,30.0,9.853,9.168,290.0,2857.4,100.0,150.0,3.941,428.6,642.9,589.7,6,raft,11.07,8738.41,91.62,7329.5,1,2
1758484.1,18.22,8,181.7,30.0,13.55,12.495,550.0,5403.3,108.4,150.0,5.42,810.5,1215.7,989.8,5,raft,13.78,24623.02,313.19,25054.8,1,2
1669259.1,10.93,12,143.7,25.0,13.317,12.285,610.0,5219.0,106.5,150.0,5.327,782.84,1174.3,801.9,3,raft,15.37,24244.39,332.17,26573.7,1,2
994469.5,12.33,12,171.4,20.0,11.205,10.385,470.0,3695.1,100.0,150.0,4.482,554.27,831.4,611.0,4,raft,10.73,14074.95,183.44,14675.3,1,2
546715.1,9.15,6,244.3,30.0,9.179,8.561,250.0,2479.8,100.0,150.0,3.672,371.96,557.9,607.3,3,isolated_footings,2.284,6951.53,69.63,5570.2,1,1
1968541.8,8.05,8,218.0,25.0,14.069,12.962,680.0,5825.5,112.6,150.0,5.628,873.82,1310.7,1075.8,3,raft,13.67,29088.3,411.44,32915.3,1,2
1859221.1,15.28,10,166.9,25.0,13.804,12.723,650.0,5607.8,110.4,150.0,5.522,841.16,1261.7,931.2,4,raft,15.12,27241.63,379.39,30351.6,1,2
438420.5,8.82,12,186.8,25.0,8.528,7.975,250.0,2140.4,100.0,150.0,3.411,321.06,481.6,387.9,3,raft,6.52,5671.81,59.8,4784.3,1,2
1210780.0,15.62,12,133.2,20.0,11.965,11.068,530.0,4213.2,100.0,150.0,4.786,631.98,948.0,679.6,4,raft,13.53,17409.68,234.13,18730.1,1,2
403154.2,13.78,6,87.0,20.0,8.293,7.764,260.0,2024.0,100.0,150.0,3.317,303.6,455.4,530.3,4,raft,9.24,5299.92,58.4,4671.6,1,2
590844.2,16.78,10,101.7,20.0,9.42,8.778,330.0,2611.5,100.0,150.0,3.768,391.72,587.6,503.7,5,raft,10.48,7970.58,93.53,7482.4,1,2
1855208.2,18.99,8,86.8,30.0,13.794,12.715,560.0,5599.7,110.4,150.0,5.518,839.95,1259.9,1016.7,5,raft,20.48,25978.67,330.41,26432.9,1,3
1154806.3,8.16,10,246.1,30.0,11.778,10.9,410.0,4082.3,100.0,150.0,4.711,612.35,918.5,702.7,3,raft,9.4,15512.14,179.63,14370.2,1,2
590488.9,14.88,8,117.5,30.0,9.418,8.776,270.0,2610.4,100.0,150.0,3.767,391.56,587.3,549.5,4,raft,9.51,7590.03,78.44,6275.5,1,2
1162703.3,12.27,10,222.9,20.0,11.804,10.924,520.0,4100.9,100.0,150.0,4.722,615.14,922.7,728.9,4,raft,10.24,16692.13,223.81,17904.6,1,2
94760.4,17.35,8,109.2,25.0,5.118,4.906,150.0,770.9,100.0,150.0,2.047,115.63,450.0,300.0,5,isolated_footings,1.249,1238.19,14.91,1192.7,1,1
446125.4,17.86,8,95.5,30.0,8.578,8.02,220.0,2165.4,100.0,150.0,3.431,324.81,487.2,472.3,5,raft,9.07,5607.38,54.28,4342.7,1,2
1247557.9,23.59,12,101.2,20.0,12.085,11.176,540.0,4298.1,100.0,150.0,4.834,644.71,967.1,690.7,6,raft,15.78,17985.17,243.08,19446.6,1,3
1698495.4,11.54,12,183.6,20.0,13.394,12.355,660.0,5279.7,107.2,150.0,5.358,791.96,1187.9,818.5,3,raft,13.88,25258.17,361.54,28923.0,1,2
1839369.8,12.47,6,120.6,25.0,13.755,12.679,650.0,5567.8,110.0,150.0,5.502,835.17,1252.7,1196.4,4,raft,17.7,26981.81,376.6,30127.7,1,2
898626.9,21.77,12,155.8,20.0,10.833,10.05,440.0,3453.7,100.0,150.0,4.333,518.06,777.1,578.2,6,raft,10.64,12603.7,161.23,12898.5,1,2
245714.9,9.31,12,155.2,30.0,7.031,6.628,150.0,1455.0,100.0,150.0,2.813,218.25,450.0,300.0,3,raft,5.2,2992.9,27.02,2162.0,1,2
1781830.9,21.61,12,83.9,25.0,13.61,12.549,630.0,5451.0,108.9,150.0,5.444,817.66,1226.5,829.9,6,raft,20.82,25965.6,357.96,28636.7,1,3
450001.1,18.77,12,214.2,30.0,8.603,8.042,220.0,2177.9,100.0,150.0,3.441,326.69,490.0,387.2,5,raft,6.08,5652.52,54.61,4368.7,1,2
717463.0,8.33,12,222.5,30.0,10.05,9.345,300.0,2972.4,100.0,150.0,4.02,445.85,668.8,496.7,3,raft,7.65,9299.03,98.29,7862.9,1,2
450665.7,10.31,6,182.2,30.0,8.607,8.046,220.0,2180.1,100.0,150.0,3.443,327.01,490.5,548.0,3,isolated_footings,2.387,5660.26,54.66,4373.2,1,1
1382393.0,10.69,12,115.2,25.0,12.505,11.555,540.0,4602.5,100.0,150.0,5.002,690.37,1035.6,723.2,3,raft,15.48,19714.92,260.71,20856.8,1,2
738867.7,12.39,10,232.7,25.0,10.149,9.434,350.0,3031.2,100.0,150.0,4.059,454.68,682.0,561.9,4,raft,7.73,9917.77,114.86,9188.5,1,2
1220849.5,15.52,6,196.7,30.0,11.998,11.098,430.0,4236.5,100.0,150.0,4.799,635.48,953.2,936.2,4,isolated_footings,3.924,16521.55,194.75,15580.0,1,1
525942.1,19.16,12,201.2,20.0,9.062,8.455,310.0,2416.5,100.0,150.0,3.625,362.48,543.7,432.6,5,raft,7.01,7055.5,81.72,6537.8,1,2
808296.3,13.52,12,83.5,25.0,10.457,9.711,380.0,3218.2,100.0,150.0,4.183,482.73,724.1,540.1,4,raft,13.58,10995.47,131.43,10514.3,1,2
1462148.1,22.55,6,154.4,25.0,12.741,11.767,560.0,4777.8,101.9,150.0,5.097,716.67,1075.0,1054.6,6,raft,13.79,20964.91,280.21,22416.5,1,2
495685.8,13.87,10,161.4,20.0,8.884,8.296,300.0,2322.9,100.0,150.0,3.554,348.44,522.7,459.4,4,raft,7.59,6629.46,76.24,6099.1,1,2
477316.7,17.37,8,223.8,25.0,8.773,8.196,270.0,2265.2,100.0,150.0,3.509,339.78,509.7,498.4,5,isolated_footings,1.958,6242.12,67.76,5420.9,1,1
760915.1,20.17,6,200.2,20.0,10.249,9.524,390.0,3091.2,100.0,150.0,4.099,463.68,695.5,745.8,6,isolated_footings,3.098,10483.88,129.07,10325.9,1,1
230134.7,19.13,6,122.6,30.0,6.879,6.491,150.0,1392.8,100.0,150.0,2.752,208.92,450.0,386.5,5,isolated_footings,2.052,2815.17,25.93,2074.7,1,1
1867419.7,15.25,10,104.1,25.0,13.824,12.742,650.0,5624.2,110.6,150.0,5.53,843.63,1265.5,933.0,4,raft,19.18,27348.87,380.55,30443.9,1,3
593101.2,22.66,8,149.6,20.0,9.432,8.789,330.0,2618.1,100.0,150.0,3.773,392.72,589.1,564.1,6,raft,8.65,7998.25,93.78,7502.0,1,2
1064990.5,11.71,6,185.6,30.0,11.464,10.618,390.0,3867.8,100.0,150.0,4.586,580.17,870.3,868.7,3,isolated_footings,3.749,14225.42,162.5,13000.0,1,1
1326512.7,20.55,8,129.0,25.0,12.335,11.401,520.0,4477.6,100.0,150.0,4.934,671.64,1007.5,864.5,6,raft,14.28,18784.6,244.87,19589.4,1,2
1886931.4,22.32,8,82.9,20.0,13.872,12.785,710.0,5663.3,111.0,150.0,5.549,849.5,1274.3,1063.4,6,raft,21.91,28420.08,415.93,33274.7,1,3
1225137.0,9.23,6,125.7,20.0,12.012,11.111,540.0,4246.4,100.0,150.0,4.805,636.97,955.4,968.9,3,raft,14.04,17696.16,240.09,19207.6,1,2
1091209.0,20.46,10,202.9,20.0,11.557,10.702,500.0,3931.0,100.0,150.0,4.623,589.66,884.5,704.3,6,raft,10.37,15582.96,206.78,16542.1,1,2
1090631.8,10.99,6,135.3,20.0,11.555,10.7,500.0,3929.7,100.0,150.0,4.622,589.45,884.2,909.0,3,raft,12.7,15575.58,206.7,16536.2,1,2
1544381.8,16.21,6,165.2,20.0,12.976,11.978,620.0,4955.3,103.8,150.0,5.19,743.3,1114.9,1098.2,5,raft,13.89,22735.44,319.58,25566.1,1,2
817921.1,10.67,12,106.5,20.0,10.498,9.749,410.0,3243.7,100.0,150.0,4.199,486.56,729.8,548.6,3,raft,12.22,11347.9,141.85,11347.8,1,2
521754.9,17.74,10,177.6,25.0,9.037,8.434,280.0,2403.7,100.0,150.0,3.615,360.55,540.8,466.3,5,raft,7.34,6831.15,74.35,5947.8,1,2
951690.2,15.28,6,201.3,20.0,11.042,10.238,450.0,3588.4,100.0,150.0,4.417,538.26,807.4,841.8,4,isolated_footings,3.488,13358.14,171.12,13689.9,1,1
1298265.4,20.07,6,247.1,20.0,12.246,11.322,560.0,4413.8,100.0,150.0,4.899,662.07,993.1,1000.0,6,isolated_footings,3.74,18849.32,258.26,20660.6,1,1
51118.1,15.37,12,195.2,25.0,4.166,4.05,150.0,510.8,100.0,150.0,1.667,76.63,450.0,300.0,4,isolated_footings,0.576,705.96,10.21,816.7,1,1
1123115.7,19.62,12,243.6,30.0,11.669,10.802,410.0,4007.3,100.0,150.0,4.668,601.09,901.6,633.4,5,raft,9.33,15124.37,176.23,14098.6,1,2
740174.2,17.69,12,207.8,30.0,10.155,9.439,310.0,3034.8,100.0,150.0,4.062,455.21,682.8,505.7,5,raft,8.06,9642.18,103.33,8266.6,1,2
1876896.7,10.67,12,101.5,20.0,13.847,12.763,710.0,5643.2,110.8,150.0,5.539,846.49,1269.7,866.2,3,raft,19.76,28286.03,414.41,33152.7,1,3
453441.4,17.6,10,223.1,20.0,8.624,8.062,280.0,2189.0,100.0,150.0,3.45,328.35,492.5,437.3,5,isolated_footings,1.721,6008.03,67.52,5401.2,1,1
1228571.7,14.6,12,130.9,20.0,12.023,11.121,540.0,4254.4,100.0,150.0,4.809,638.16,957.2,686.0,4,raft,13.78,17740.46,240.55,19244.3,1,2
663363.1,11.18,6,116.6,30.0,9.791,9.111,290.0,2821.0,100.0,150.0,3.916,423.15,634.7,674.9,3,raft,10.15,8585.43,90.42,7233.2,1,2
1513177.6,15.2,8,190.3,25.0,12.888,11.899,570.0,4888.3,103.1,150.0,5.155,733.25,1099.9,930.0,4,raft,12.65,21738.38,291.63,23330.3,1,2
822903.5,10.28,8,233.6,25.0,10.52,9.768,380.0,3256.9,100.0,150.0,4.208,488.53,732.8,666.8,3,isolated_footings,2.565,11175.59,133.05,10644.0,1,1
999212.9,15.46,12,143.2,20.0,11.223,10.401,470.0,3706.9,100.0,150.0,4.489,556.03,834.0,612.3,4,raft,11.76,14135.2,184.04,14723.0,1,2
953433.6,14.65,6,121.7,20.0,11.049,10.244,450.0,3592.8,100.0,150.0,4.42,538.91,808.4,842.5,4,raft,12.41,13380.15,171.34,13707.0,1,2
1799225.8,22.76,10,143.6,25.0,13.654,12.588,640.0,5486.5,109.2,150.0,5.461,822.97,1234.5,915.4,6,raft,16.02,26323.93,365.64,29251.1,1,2
956924.4,14.18,12,93.3,25.0,11.062,10.256,420.0,3601.5,100.0,150.0,4.425,540.23,810.3,590.9,4,raft,14.06,13164.71,161.38,12910.8,1,2
741810.0,16.2,12,86.9,25.0,10.162,9.446,360.0,3039.2,100.0,150.0,4.065,455.88,683.8,515.7,5,raft,12.71,10026.72,118.09,9447.1,1,2
182123.5,13.3,10,236.7,20.0,6.363,6.027,150.0,1191.6,100.0,150.0,2.545,178.75,450.0,300.0,4,isolated_footings,1.026,2263.65,22.39,1791.2,1,1
71559.6,9.62,10,90.2,30.0,4.661,4.495,150.0,639.3,100.0,150.0,1.864,95.89,450.0,300.0,3,raft,3.86,957.9,12.54,1003.2,1,2
476452.9,16.34,6,156.2,25.0,8.768,8.191,270.0,2262.5,100.0,150.0,3.507,339.37,509.1,575.0,5,isolated_footings,2.704,6231.77,67.68,5414.1,1,1
1607096.8,15.36,10,128.4,20.0,13.149,12.134,640.0,5088.6,105.2,150.0,5.26,763.29,1144.9,870.4,4,raft,16.11,23801.92,338.25,27059.8,1,2
1612386.7,17.37,12,208.9,25.0,13.164,12.147,590.0,5099.7,105.3,150.0,5.265,764.96,1147.4,785.5,5,raft,12.49,23259.24,314.52,25161.4,1,2
1539097.3,8.58,6,249.8,20.0,12.961,11.965,620.0,4944.0,103.7,150.0,5.184,741.6,1112.4,1096.6,3,isolated_footings,4.079,22666.05,318.82,25505.8,1,1
1869247.8,14.05,12,204.3,30.0,13.829,12.746,570.0,5627.9,110.6,150.0,5.531,844.19,1266.3,835.1,4,raft,13.42,26291.39,337.55,27004.0,1,2
570856.4,10.28,8,95.8,25.0,9.312,8.681,300.0,2552.2,100.0,150.0,3.725,382.83,574.3,547.8,3,raft,10.5,7541.28,84.0,6719.6,1,2
587731.7,11.52,6,131.5,20.0,9.403,8.763,330.0,2602.3,100.0,150.0,3.761,390.34,585.5,648.7,3,raft,9.19,7932.4,93.19,7455.4,1,2
429262.2,17.11,12,215.9,20.0,8.468,7.921,270.0,2110.5,100.0,150.0,3.387,316.57,474.9,387.6,5,raft,6.06,5664.19,63.0,5039.7,1,2
882477.4,17.09,8,80.1,20.0,10.768,9.991,430.0,3412.2,100.0,150.0,4.307,511.83,767.8,700.1,5,raft,14.68,12317.8,155.97,12477.4,1,3
368613.3,8.6,12,213.8,20.0,8.049,7.544,240.0,1906.7,100.0,150.0,3.22,286.01,450.0,356.5,3,raft,5.6,4791.52,51.41,4112.6,1,2
963197.9,23.7,12,99.4,30.0,11.086,10.278,370.0,3617.3,100.0,150.0,4.435,542.59,813.9,582.9,6,raft,13.43,12808.34,144.73,11578.6,1,2
946232.2,22.39,10,224.6,25.0,11.021,10.219,420.0,3574.7,100.0,150.0,4.408,536.2,804.3,644.1,6,raft,9.01,13031.63,160.15,12812.0,1,2
1175234.7,16.77,10,187.4,25.0,11.847,10.962,480.0,4130.3,100.0,150.0,4.739,619.55,929.3,723.8,5,raft,11.09,16456.16,209.58,16766.1,1,2
1077082.9,18.68,10,217.1,20.0,11.507,10.657,490.0,3897.0,100.0,150.0,4.603,584.56,876.8,698.1,5,raft,9.94,15308.59,201.2,16096.2,1,2
491087.8,8.36,12,126.3,30.0,8.857,8.271,240.0,2308.6,100.0,150.0,3.543,346.28,519.4,406.9,3,raft,8.32,6240.73,62.44,4995.6,1,2
636109.5,23.56,12,88.7,30.0,9.655,8.989,280.0,2743.2,100.0,150.0,3.862,411.48,617.2,466.2,6,raft,11.37,8194.88,85.21,6816.6,1,2
635667.9,21.81,6,220.1,30.0,9.652,8.987,280.0,2741.9,100.0,150.0,3.861,411.29,616.9,659.1,6,isolated_footings,2.612,8189.64,85.17,6813.3,1,1
486069.2,20.54,8,158.9,20.0,8.827,8.244,290.0,2292.8,100.0,150.0,3.531,343.92,515.9,506.9,6,raft,7.54,6457.13,73.02,5841.5,1,2
1855800.7,19.16,10,150.1,25.0,13.795,12.716,650.0,5600.9,110.4,150.0,5.518,840.13,1260.2,930.4,5,raft,15.93,27196.88,378.91,30313.1,1,2
867618.5,13.3,6,121.2,30.0,10.707,9.936,340.0,3373.8,100.0,150.0,4.283,506.07,759.1,777.7,4,raft,11.48,11401.52,125.0,9999.7,1,2
988288.7,22.85,6,211.7,20.0,11.182,10.364,460.0,3679.8,100.0,150.0,4.473,551.97,828.0,859.0,6,isolated_footings,3.47,13908.01,179.13,14330.2,1,1
899465.7,21.04,8,150.4,20.0,10.836,10.053,440.0,3455.9,100.0,150.0,4.335,518.38,777.6,708.5,6,raft,10.84,12614.29,161.33,12906.7,1,2
700882.4,13.93,10,120.1,25.0,9.972,9.275,340.0,2926.4,100.0,150.0,3.989,438.96,658.4,546.5,4,raft,10.46,9382.56,107.96,8637.1,1,2
1859279.3,14.34,8,148.9,20.0,13.804,12.724,710.0,5607.9,110.4,150.0,5.522,841.18,1261.8,1056.5,4,raft,16.24,28050.54,411.73,32938.4,1,2
608611.8,17.77,8,137.1,30.0,9.513,8.862,270.0,2663.6,100.0,150.0,3.805,399.53,599.3,557.2,5,raft,8.93,7804.41,80.1,6407.6,1,2
687928.7,14.03,6,97.1,20.0,9.91,9.219,370.0,2890.2,100.0,150.0,3.964,433.53,650.3,707.4,4,raft,11.66,9432.75,114.92,9193.7,1,2
1602578.9,8.14,12,163.8,20.0,13.137,12.123,640.0,5079.0,105.1,150.0,5.255,761.86,1142.8,793.6,3,raft,14.25,23742.33,337.59,27007.4,1,2
1872029.8,20.7,8,248.6,20.0,13.835,12.752,710.0,5633.5,110.7,150.0,5.534,845.02,1267.5,1059.7,6,raft,12.61,28220.99,413.67,33093.6,1,2
968855.9,8.52,10,247.2,25.0,11.108,10.297,420.0,3631.4,100.0,150.0,4.443,544.71,817.1,651.0,3,raft,8.68,13313.09,162.76,13020.8,1,2
1373542.5,22.69,10,193.2,20.0,12.479,11.531,580.0,4582.8,100.0,150.0,4.991,687.42,1031.1,798.7,6,raft,12.05,20042.01,277.18,22174.2,1,2
128838.2,22.29,10,97.0,30.0,5.67,5.403,150.0,946.1,100.0,150.0,2.268,141.91,450.0,300.0,6,raft,4.87,1642.63,18.04,1443.1,1,2
210574.3,8.63,6,219.6,20.0,6.679,6.311,170.0,1312.7,100.0,150.0,2.671,196.91,450.0,375.3,3,isolated_footings,1.488,2654.28,27.05,2163.8,1,1
1589608.2,22.35,12,98.3,30.0,13.101,12.091,510.0,5051.6,104.8,150.0,5.241,757.74,1136.6,763.8,6,raft,17.7,21993.87,272.62,21809.2,1,3
618285.5,21.39,6,221.4,25.0,9.564,8.907,320.0,2691.7,100.0,150.0,3.825,403.76,605.6,661.2,6,isolated_footings,2.612,8241.94,93.9,7512.0,1,1
320301.2,15.4,10,106.8,30.0,7.681,7.213,180.0,1736.2,100.0,150.0,3.072,260.43,450.0,355.1,4,raft,7.21,3962.28,36.95,2956.2,1,2
1054038.3,15.94,8,197.1,20.0,11.425,10.582,490.0,3841.3,100.0,150.0,4.57,576.19,864.3,772.9,4,raft,10.33,15014.64,198.26,15860.4,1,2
817117.3,13.42,8,198.1,25.0,10.495,9.746,380.0,3241.6,100.0,150.0,4.198,486.24,729.4,664.7,4,raft,8.86,11104.27,132.41,10592.8,1,2
749566.2,16.14,10,191.1,25.0,10.197,9.478,360.0,3060.4,100.0,150.0,4.079,459.06,688.6,567.6,5,raft,8.61,10121.94,118.93,9514.7,1,2
865040.7,22.89,10,193.3,20.0,10.696,9.927,430.0,3367.1,100.0,150.0,4.279,505.07,757.6,620.6,6,raft,9.36,12098.36,153.86,12308.4,1,2
519328.5,10.38,8,86.3,20.0,9.023,8.421,300.0,2396.2,100.0,150.0,3.609,359.44,539.2,524.6,3,raft,10.6,6917.14,78.71,6297.2,1,2
1195982.0,9.88,6,249.7,20.0,11.916,11.024,530.0,4178.8,100.0,150.0,4.766,626.82,940.2,955.8,3,isolated_footings,3.556,17219.35,232.17,18573.7,1,1
341187.3,9.18,10,196.9,30.0,7.844,7.36,190.0,1810.9,100.0,150.0,3.138,271.64,450.0,367.6,3,isolated_footings,1.54,4245.94,40.21,3216.9,1,1
516545.4,15.71,12,100.8,30.0,9.007,8.407,240.0,2387.7,100.0,150.0,3.603,358.15,537.2,416.5,4,raft,9.53,6539.24,64.66,5172.9,1,2
1353125.2,18.75,10,239.4,20.0,12.417,11.475,570.0,4537.3,100.0,150.0,4.967,680.59,1020.9,791.2,5,raft,10.73,19667.49,270.01,21600.4,1,2
